,subID,stimset_rows,subtlety,directness,responses,movie,trial_num,similarity_chasing,similarity_moveInd,similarity_chase_moveInd
3,15000,0,180,0.0,moving largely in line up and down,4bc5af99-ede5-49ec-a929-d4fc6fae9b43,3,0.2487783432006836,0.48789650201797485,-0.23911815881729126
1,15001,1,180,0.0,A grey dot and black dot appeared to move around the screen without any certain direction.,7bee52f4-919b-4633-b742-a0181f5f7f01,1,0.11249547451734543,0.18462905287742615,-0.07213357836008072
2,15002,2,180,0.0,they were both going in somewhat circular movements somewhat far from each other,802575f0-631d-4eeb-9e49-3b401b11b953,2,0.16601073741912842,0.31326431035995483,-0.14725357294082642
4,15003,3,180,0.0,both dots going around in random circles,00ccc21a-d63a-41eb-8d3b-a2315d7b0d3e,4,0.16521133482456207,0.10950255393981934,0.05570878088474274
5,15004,6,180,0.0,grey moved in circles black from top to bottom,4a6f7598-dc16-47d6-987e-a48c1f938428,5,0.0859406366944313,0.18345020711421967,-0.09750957041978836
4,15005,11,180,0.0,"both dots meet by accident, they are not interested in each other",70f615a0-31d5-42b9-a44b-f5746c0b41a8,4,0.21777693927288055,0.1637800931930542,0.053996846079826355
4,15006,12,180,0.0,Both just seemed to float in the middle and then one moved upward and one down,12a3cd27-040f-4199-9edb-5cd4bb71b3d0,4,0.10340672731399536,0.24476967751979828,-0.14136295020580292
1,15007,13,180,0.0,moving on their own,4a6f7598-dc16-47d6-987e-a48c1f938428,1,0.3092404901981354,0.7045912146568298,-0.39535072445869446
5,15008,21,180,0.0,moving away from each other,00ccc21a-d63a-41eb-8d3b-a2315d7b0d3e,5,0.2745856046676636,0.6290435791015625,-0.3544579744338989
4,15009,10,180,0.0,They were staying an equal distance apart from each other while moving in a similar pattern.,124f53c2-90c6-4716-8221-e86088f8d257,4,0.17945252358913422,0.37416955828666687,-0.19471703469753265
3,15010,17,180,0.0,Just moving in circles,4bc5af99-ede5-49ec-a929-d4fc6fae9b43,3,0.35476216673851013,0.43120425939559937,-0.07644209265708923
1,15011,15,180,0.0,"Moving in a sort of circular way to begin with, joined together and then went in opposite directions",2176e0c4-bf6c-4f4a-a64b-23825205a150,1,0.21451018750667572,0.47088995575904846,-0.25637976825237274
3,15012,21,180,0.0,Box black and gray dots approached and then seem to tbe repelled away from one another,00ccc21a-d63a-41eb-8d3b-a2315d7b0d3e,3,0.18999435007572174,0.12229614704847336,0.06769820302724838
3,15013,14,180,0.0,they were playing ,70f615a0-31d5-42b9-a44b-f5746c0b41a8,3,0.35808658599853516,0.13589315116405487,0.22219343483448029
3,15014,16,180,0.0,the grey dot was moving at the top of the page and the black one was mimicking its moved but at the equal distance it started with ,0ea53c63-8350-4a50-8dec-ccbbf0e401dc,3,0.16627086699008942,0.1729409247636795,-0.006670057773590088
4,15015,23,180,0.0,black dot going towards right corner gray dot moving toward black,7bee52f4-919b-4633-b742-a0181f5f7f01,4,0.15761558711528778,0.1186806708574295,0.038934916257858276
6,15016,25,180,0.0,The dots seems to want to attack each other but on one wants to make the first move,00139b14-fa60-4af8-9eba-0b4965060c34,6,0.3261577785015106,0.20063506066799164,0.12552271783351898
0,15017,19,180,0.0,The dots were moving in curvy lines - perhaps drawing or writing? ,124f53c2-90c6-4716-8221-e86088f8d257,0,0.15669268369674683,0.06585167348384857,0.09084101021289825
6,15018,20,180,0.0,BOTH DOTS ARE FA APART FROM EACH OTHER,802575f0-631d-4eeb-9e49-3b401b11b953,6,0.11044900864362717,0.08269593119621277,0.027753077447414398
0,15019,26,180,0.0,"the dots were floating, they began to go in small circles upwards then floated downwards",4bc5af99-ede5-49ec-a929-d4fc6fae9b43,0,0.13190025091171265,0.041472453624010086,0.09042779728770256
2,15020,23,180,0.0,Grey stayed in one position circling whilst black was moving irregular,7bee52f4-919b-4633-b742-a0181f5f7f01,2,0.18489105999469757,0.28145381808280945,-0.09656275808811188
3,15021,28,180,0.0,randomly moving dots keeping a distance,4a6f7598-dc16-47d6-987e-a48c1f938428,3,0.22763337194919586,0.24896691739559174,-0.021333545446395874
6,15022,32,180,0.0,"The dots were moving on the screen, light dot made a circle",12a3cd27-040f-4199-9edb-5cd4bb71b3d0,6,0.15419603884220123,0.07732795178890228,0.07686808705329895
5,15023,31,180,0.0,The black dot moved up to the top of the screen and went in small circles once it reached the top. The gray dot moved in circles on the lefthand side of the screen.,7bee52f4-919b-4633-b742-a0181f5f7f01,5,0.061803124845027924,0.06391981244087219,-0.002116687595844269
5,15024,34,180,0.0,"The dots moved on the screen, black dot kept to the left side and gray dot to the right",27771508-6d61-4618-83ca-4bc020efddfe,5,0.06912416219711304,0.11944663524627686,-0.05032247304916382
2,15025,37,180,0.0,both dots moved in the circular motion away from eachother,12a3cd27-040f-4199-9edb-5cd4bb71b3d0,2,0.16768832504749298,0.3137912452220917,-0.1461029201745987
2,15026,27,180,0.0,"the two dots were moving around at a medium distance to each other, sometimes the grey dot was moving towards the black to and at other times the black dot was moving towards the grey. each time a dot was trying to move close the other was moving away.",124f53c2-90c6-4716-8221-e86088f8d257,2,0.19149044156074524,0.2057838886976242,-0.014293447136878967
4,15027,35,180,0.0,"The dots stayed in their own zones and circled around some, no movement towards each other.",802575f0-631d-4eeb-9e49-3b401b11b953,4,0.13291259109973907,0.19289898872375488,-0.05998639762401581
0,15028,30,180,0.0,The dots were sort of wiggling(?) towards one another before going up and keeping a distance between them.,70f615a0-31d5-42b9-a44b-f5746c0b41a8,0,0.1610332727432251,0.17060811817646027,-0.009574845433235168
5,15029,29,180,0.0,the grey dot made a somewhat figure of eight motion around the left side of the box and the black dot move in a sort of hooked shape nearing the grey dot in the center of the box,0ea53c63-8350-4a50-8dec-ccbbf0e401dc,5,0.11804042011499405,0.1644732505083084,-0.04643283039331436
0,15030,40,180,0.0,moving together,802575f0-631d-4eeb-9e49-3b401b11b953,0,0.32683485746383667,0.7059890627861023,-0.3791542053222656
3,15031,41,180,0.0,no pattern this time,7bee52f4-919b-4633-b742-a0181f5f7f01,3,0.25082579255104065,0.04287876561284065,0.2079470269382
3,15032,39,180,0.0,Dots were moving independantly almost in their own individual circles,00ccc21a-d63a-41eb-8d3b-a2315d7b0d3e,3,0.19880279898643494,0.29322925209999084,-0.09442645311355591
0,15033,45,180,0.0,The dots were floating almost simultaneously following the same path but the black one wanted to catch the grey one. It was like they were playing tag,2176e0c4-bf6c-4f4a-a64b-23825205a150,0,0.3042093813419342,0.10649719834327698,0.19771218299865723
4,15034,43,180,0.0,Both dots hovering parallel to each other in the central plane of the box,4bc5af99-ede5-49ec-a929-d4fc6fae9b43,4,0.08116818219423294,0.10873061418533325,-0.02756243199110031
6,15035,44,180,0.0,The grey dot moved around in the central-left area of the field while the black dot moved slowly down the right side,4a6f7598-dc16-47d6-987e-a48c1f938428,6,0.12015408277511597,0.13708935678005219,-0.016935274004936218
1,15036,42,180,0.0,It looks like they're dancing,00139b14-fa60-4af8-9eba-0b4965060c34,1,0.2352631539106369,0.15377403795719147,0.08148911595344543
4,15037,46,180,0.0,"Light grey moving toward black, black making small circles toward top right",124f53c2-90c6-4716-8221-e86088f8d257,4,0.11770939826965332,0.11222875863313675,0.005480639636516571
4,15038,48,180,0.0,"the grey dot is almost going around in circles, the black dot not so",4bc5af99-ede5-49ec-a929-d4fc6fae9b43,4,0.1357143223285675,0.04147855564951897,0.09423576667904854
2,15039,47,180,0.0,both dots appear to have been moving independently with no regard for what the other was doing. ,70f615a0-31d5-42b9-a44b-f5746c0b41a8,2,0.13094867765903473,0.3484477400779724,-0.21749906241893768
4,15040,51,180,0.0,Both floating in their own spaces,12a3cd27-040f-4199-9edb-5cd4bb71b3d0,4,0.117383673787117,0.3238863945007324,-0.20650272071361542
6,15041,52,180,0.0,Grey dot was watching the Black dot,124f53c2-90c6-4716-8221-e86088f8d257,6,0.22509150207042694,0.06107937544584274,0.1640121266245842
3,15042,53,180,0.0,quite apart. Black dot was drifting top right. Left dot was moving bottom left.,802575f0-631d-4eeb-9e49-3b401b11b953,3,0.12202773243188858,0.29524263739585876,-0.17321490496397018
6,15043,56,180,0.0,Moving independently ,7bee52f4-919b-4633-b742-a0181f5f7f01,6,0.22766238451004028,1.0,-0.7723376154899597
3,15044,54,180,0.0,both going in circles at different times,00ccc21a-d63a-41eb-8d3b-a2315d7b0d3e,3,0.20706579089164734,0.30279168486595154,-0.0957258939743042
3,15045,50,180,0.0,both dots were interested in each other but did not want to actually make contact,70f615a0-31d5-42b9-a44b-f5746c0b41a8,3,0.24919678270816803,0.10223483294248581,0.14696194976568222
5,15046,57,180,0.0,they were moving in small curves slightly to left,0ea53c63-8350-4a50-8dec-ccbbf0e401dc,5,0.2108212113380432,0.27805599570274353,-0.06723478436470032
3,15047,61,180,0.0,Grey dot was following the black dot from a distance,7bee52f4-919b-4633-b742-a0181f5f7f01,3,0.209879532456398,0.10876872390508652,0.10111080855131149
5,15048,60,180,0.0,"Black dot was travelling diagonally SW to NE, grey dot was moving around jerkly in a small area",70f615a0-31d5-42b9-a44b-f5746c0b41a8,5,0.18233078718185425,0.24214664101600647,-0.05981585383415222
2,15049,58,180,0.0,Black is going in a small circular pattern along the horizontal center line but on the left half of the box. Grey was doing the similar pattern in the middle top of the box.,00139b14-fa60-4af8-9eba-0b4965060c34,2,0.04586133733391762,-0.06310874968767166,0.10897008702158928
5,15050,62,180,0.0,"They were independently drawing small circles and moving, but not impacted by each other",4bc5af99-ede5-49ec-a929-d4fc6fae9b43,5,0.03592175245285034,0.2658756673336029,-0.22995391488075256
4,15051,64,180,0.0,the black dot was moving in circles near the bottom right corner while the grey was doing the same near the top left corner.,4a6f7598-dc16-47d6-987e-a48c1f938428,4,0.12135046720504761,0.10587816685438156,0.015472300350666046
5,15052,69,180,0.0,the two dots were trying to get away from each other without going to far from each other,0ea53c63-8350-4a50-8dec-ccbbf0e401dc,5,0.26841846108436584,0.20853860676288605,0.0598798543214798
2,15053,67,180,0.0,This time the dots moved around but they were further apart from each other and they did not touch each other.,27771508-6d61-4618-83ca-4bc020efddfe,2,0.13045716285705566,0.1438635289669037,-0.013406366109848022
3,15054,70,180,0.0,The dots movements were similar but seemingly unrelated,124f53c2-90c6-4716-8221-e86088f8d257,3,0.20267614722251892,0.22532421350479126,-0.02264806628227234
2,15055,71,180,0.0,going around in a circle- opposing ends one top and towards bottom of screen,12a3cd27-040f-4199-9edb-5cd4bb71b3d0,2,0.11938207596540451,0.15322734415531158,-0.033845268189907074
0,15056,65,180,0.0,They were moving randomly,802575f0-631d-4eeb-9e49-3b401b11b953,0,0.3153105676174164,0.41629382967948914,-0.10098326206207275
6,15057,68,180,0.0,The dots touched then went away from each other,2176e0c4-bf6c-4f4a-a64b-23825205a150,6,0.1489160656929016,0.0835363045334816,0.06537976115942001
0,15058,73,180,0.0,They were mirroring each other and moving at the same time,00ccc21a-d63a-41eb-8d3b-a2315d7b0d3e,0,0.2145363688468933,0.3857780694961548,-0.17124170064926147
2,15059,74,180,0.0,they were making circles,4bc5af99-ede5-49ec-a929-d4fc6fae9b43,2,0.199428528547287,0.022545184940099716,0.17688334360718727
2,15000,0,150,0.17,moving upwards random shapes,5744f837-93bf-4eba-bddf-e630dedf974e,2,0.17636370658874512,0.3900482952594757,-0.2136845886707306
4,15001,1,150,0.17,"A grey dot moved erratically from right to left, a black dot moved erratically from left to right.",10a07293-2c74-4b8a-bbef-b0f436cde5fb,4,0.17501457035541534,0.30031850934028625,-0.1253039389848709
6,15002,2,150,0.17,the gray dot was going in a circle while the black dot was going up and down until they started going toward each other,2a1ab94f-201b-4fa2-9947-1eab7365fb0f,6,0.1962689608335495,0.17281188070774078,0.023457080125808716
0,15003,3,150,0.17,Grey dot was moving similarly to a snake. Black dot was the same but at a slower pace,18487641-212a-4e1e-8730-31709d721382,0,0.23164643347263336,0.20567619800567627,0.025970235466957092
1,15004,6,150,0.17,Black was zigzagging. grey was moving in circles,7e113c5d-92b4-4c01-9588-dae0fb76eb5f,1,0.19335192441940308,0.17729885876178741,0.01605306565761566
2,15005,11,150,0.17,"Each dot has its own agenda, they are not aware of each other",4270e833-4dad-483f-85cb-3dee1fccc571,2,0.17294573783874512,0.1296483278274536,0.043297410011291504
6,15006,12,150,0.17,One stayed in the middle while the other decided to go towards the bottom of the box,7e113c5d-92b4-4c01-9588-dae0fb76eb5f,6,0.10087180882692337,0.22583632171154022,-0.12496451288461685
4,15007,13,150,0.17,both individually lost,1247c2a3-9c1a-478d-ad2b-6640715d76a4,4,0.21698279678821564,0.21510745584964752,0.0018753409385681152
2,15008,21,150,0.17,rolling around,14f7fa8d-a7a5-4171-bdbf-8a076fb08d9c,2,0.4063291847705841,0.3006662428379059,0.10566294193267822
0,15009,10,150,0.17,They were moving in circles far away from each other.,1247c2a3-9c1a-478d-ad2b-6640715d76a4,0,0.21868237853050232,0.28949546813964844,-0.07081308960914612
1,15010,17,150,0.17,One bouced off the wall,275adee0-f228-423e-816a-e5e70b874bf3,1,0.17304518818855286,0.08579013496637344,0.08725505322217941
0,15011,15,150,0.17,"To begin with moving to the bottom left then going in different directions, seemed to be repelled from each other a little at the end",18487641-212a-4e1e-8730-31709d721382,0,0.17000587284564972,0.30425435304641724,-0.13424848020076752
5,15012,21,150,0.17,Both dots stayed cenrally however the black dot slowly approached the grey dot,14f7fa8d-a7a5-4171-bdbf-8a076fb08d9c,5,0.12762145698070526,0.15252840518951416,-0.0249069482088089
2,15013,14,150,0.17,they were playful,2a1ab94f-201b-4fa2-9947-1eab7365fb0f,2,0.28042370080947876,0.11405625939369202,0.16636744141578674
2,15014,16,150,0.17,"they looked like they were drawn closer to each other , the grey one pulling closer to the black one but it looked as if a force was bouncing the grey one off the black dot ",5744f837-93bf-4eba-bddf-e630dedf974e,2,0.135648712515831,0.12076438218355179,0.014884330332279205
1,15015,23,150,0.17,gray following black black moving away from gray,4270e833-4dad-483f-85cb-3dee1fccc571,1,0.17517982423305511,0.1968265175819397,-0.021646693348884583
2,15016,25,150,0.17,The dots are moving away from each other,10a07293-2c74-4b8a-bbef-b0f436cde5fb,2,0.17401759326457977,0.20365498960018158,-0.029637396335601807
5,15017,19,150,0.17,the two dots seem to each be taking a side of the same picture to draw.,10a07293-2c74-4b8a-bbef-b0f436cde5fb,5,0.045060958713293076,0.041649919003248215,0.003411039710044861
0,15018,20,150,0.17,THE TWO DOT WHERE MOVING CLOSE TO EACH OTHER  BUT AVIODING COLLISION,9c46112a-3307-42b7-8386-bdf38ba679af,0,0.21184222400188446,0.2320520579814911,-0.02020983397960663
2,15019,26,150,0.17,"the black dot bounced off the side, the grey dot was going around in a small square in the middle",275adee0-f228-423e-816a-e5e70b874bf3,2,0.18966415524482727,0.03441323712468147,0.1552509181201458
0,15020,23,150,0.17,Black was doing longer movement whilst grey was snake like and quite jittery,4270e833-4dad-483f-85cb-3dee1fccc571,0,0.2135944962501526,0.22941195964813232,-0.015817463397979736
4,15021,28,150,0.17,big gap between moving dots,4270e833-4dad-483f-85cb-3dee1fccc571,4,0.15781602263450623,0.20784913003444672,-0.05003310739994049
5,15022,32,150,0.17,The dots were moving on the screen independently from each other,5744f837-93bf-4eba-bddf-e630dedf974e,5,0.10504080355167389,0.22237783670425415,-0.11733703315258026
4,15023,31,150,0.17,"The gray dot went in clockwise circles. The black dot went up and down repeatedly, but generally was moving up.",1247c2a3-9c1a-478d-ad2b-6640715d76a4,4,0.09640844166278839,0.138567253947258,-0.042158812284469604
3,15024,34,150,0.17,The dots moved along the screen pretty much independent of one another,18487641-212a-4e1e-8730-31709d721382,3,0.08156074583530426,0.25053632259368896,-0.1689755767583847
6,15025,37,150,0.17,the dots slightly circled the centre,10a07293-2c74-4b8a-bbef-b0f436cde5fb,6,0.1099352240562439,0.010849224403500557,0.09908599965274334
6,15026,27,150,0.17,The two dots seemed to be moving randomly and sepparatetly to each other within their own areas. they each had a different speed and pace.,7e113c5d-92b4-4c01-9588-dae0fb76eb5f,6,0.20696501433849335,0.25485679507255554,-0.047891780734062195
5,15027,35,150,0.17,"The dots moved around their zones, but wandered into each other after some time.",9c46112a-3307-42b7-8386-bdf38ba679af,5,0.19242408871650696,0.10850777477025986,0.0839163139462471
4,15028,30,150,0.17,Now the grey one is sort of chasing the black one. Once again it looks like some wary defense is coming from the black dot as it stands on guard trying to anticipate the grey dot's moves.,99fed5db-be9d-4d5f-8fef-1baaad5f1b70,4,0.3119770288467407,0.07052615284919739,0.24145087599754333
0,15029,29,150,0.17,"the gray dot did a circle and then went down and up in a right hook shape, the black dot moved a little to the left and right bouncing slightly up and down as it was moving. the grey dot was on the left side and the black dot was on the right side.",14f7fa8d-a7a5-4171-bdbf-8a076fb08d9c,0,0.1280674934387207,0.1145981177687645,0.013469375669956207
3,15030,40,150,0.17,getting closer to each other,5744f837-93bf-4eba-bddf-e630dedf974e,3,0.2910720705986023,0.31809380650520325,-0.027021735906600952
4,15031,41,150,0.17,grey dot staying in same area black dot more free,18487641-212a-4e1e-8730-31709d721382,4,0.07666704803705215,0.1403348594903946,-0.06366781145334244
4,15032,39,150,0.17,Both dots making seperate random movements,14f7fa8d-a7a5-4171-bdbf-8a076fb08d9c,4,0.20862534642219543,0.32795488834381104,-0.1193295419216156
1,15033,45,150,0.17,The grey dot was moving towards the black dot but getting lost on the way,99fed5db-be9d-4d5f-8fef-1baaad5f1b70,1,0.24490749835968018,0.2231162041425705,0.02179129421710968
1,15034,43,150,0.17,"Both dots moving downwards slowly, with the grey dot hovering closer towards the black dot",9c46112a-3307-42b7-8386-bdf38ba679af,1,0.12234566360712051,0.18293310701847076,-0.06058744341135025
4,15035,44,150,0.17,"The grey dot moved toward the bottom-right corner and then moved in a small circle, while the black dot made seemingly random movements and remained in largely the same area of the field",7e113c5d-92b4-4c01-9588-dae0fb76eb5f,4,0.13713303208351135,0.15927989780902863,-0.022146865725517273
2,15036,42,150,0.17,The grey one was moving fast and the black one couldn't make up it's mind.,4cd79935-2124-4c73-9bff-ce0554f08119,2,0.17521628737449646,0.22448880970478058,-0.04927252233028412
2,15037,46,150,0.17,The light grey was repelling the black,2a1ab94f-201b-4fa2-9947-1eab7365fb0f,2,0.18574737012386322,0.07553614675998688,0.11021122336387634
2,15038,48,150,0.17,the grey dot is hovering around while the black dot is descending,99fed5db-be9d-4d5f-8fef-1baaad5f1b70,2,0.13348792493343353,0.08844037353992462,0.04504755139350891
4,15039,47,150,0.17,"Both dots appeared to be moving randomly, with no pattern or obvious trajectory and without recognition of each other",4270e833-4dad-483f-85cb-3dee1fccc571,4,0.1996443122625351,0.25689697265625,-0.057252660393714905
5,15040,51,150,0.17,"Black one moving rigidly, grey one floating",1247c2a3-9c1a-478d-ad2b-6640715d76a4,5,0.11069157719612122,0.2728956639766693,-0.1622040867805481
3,15041,52,150,0.17,Black dot was trying to get round grey dot,2a1ab94f-201b-4fa2-9947-1eab7365fb0f,3,0.2266874611377716,-0.021553879603743553,0.24824134074151516
5,15042,53,150,0.17,getting closer together whilst rotating anti clockwise,10a07293-2c74-4b8a-bbef-b0f436cde5fb,5,0.03346041962504387,0.29786646366119385,-0.26440604403615
2,15043,56,150,0.17,Dots were not related to eachothers movements,7e113c5d-92b4-4c01-9588-dae0fb76eb5f,2,0.1706530749797821,0.268879234790802,-0.0982261598110199
1,15044,54,150,0.17,black and grey are unrelated and black is moving down,18487641-212a-4e1e-8730-31709d721382,1,0.12645618617534637,0.2942861020565033,-0.16782991588115692
2,15045,50,150,0.17,The black dot appeared to be stalknig the grey dot from a distance before losing interest,4cd79935-2124-4c73-9bff-ce0554f08119,2,0.2532850205898285,0.0420614629983902,0.2112235575914383
2,15046,57,150,0.17,they were moving slightly to left of screen,4270e833-4dad-483f-85cb-3dee1fccc571,2,0.13135556876659393,0.28434982895851135,-0.15299426019191742
5,15047,61,150,0.17,"Dots were moving almost in sync, ",7e113c5d-92b4-4c01-9588-dae0fb76eb5f,5,0.25442761182785034,0.2390683889389038,0.015359222888946533
3,15048,60,150,0.17,Black dot was following a predetermined path (spelling something about) grey was moving around randomly,10a07293-2c74-4b8a-bbef-b0f436cde5fb,3,0.29995617270469666,0.21455711126327515,0.08539906144142151
5,15049,58,150,0.17,"Grey drew a pattern on the left side of the box while black did similar on the right. Both were going down as they made their pattern. Greys was a bit more dynamic, with some circling and quick up/downs at one point.",9c46112a-3307-42b7-8386-bdf38ba679af,5,0.0547277070581913,0.004403464496135712,0.05032424256205559
6,15050,62,150,0.17,"They appeared to be 'doing their own thing' and not be impacted by each other until they got very close, then avoiding action was taken",18487641-212a-4e1e-8730-31709d721382,6,0.1748252511024475,0.23390242457389832,-0.059077173471450806
5,15051,64,150,0.17,the dots were both making circles and floating around the centre of the screen,2a1ab94f-201b-4fa2-9947-1eab7365fb0f,5,0.08834098279476166,0.015131721273064613,0.07320926152169704
4,15052,69,150,0.17,it looked like the black dot could not decide whether to chase or run away from the grey dot,14f7fa8d-a7a5-4171-bdbf-8a076fb08d9c,4,0.3798835575580597,0.1040729507803917,0.275810606777668
1,15053,67,150,0.17,"The dots were far apart from each other at first, then moved closer together to each other but they did not touch each other.",5744f837-93bf-4eba-bddf-e630dedf974e,1,0.09848673641681671,0.1335032731294632,-0.035016536712646484
5,15054,70,150,0.17,The dots movements were seemingly unrelated. The dark dot appeared confused,4cd79935-2124-4c73-9bff-ce0554f08119,5,0.16152310371398926,0.13997147977352142,0.021551623940467834
3,15055,71,150,0.17,moving quickly left to right. dots didnt really move from where started,275adee0-f228-423e-816a-e5e70b874bf3,3,0.2335396707057953,0.3384976089000702,-0.1049579381942749
5,15056,65,150,0.17,the black dot was moving toward the upper left side while the white was in the middle,4270e833-4dad-483f-85cb-3dee1fccc571,5,0.1627332866191864,0.1721380650997162,-0.009404778480529785
2,15057,68,150,0.17,Both dots were staying a certain distance away from each other but moving the same way ,9c46112a-3307-42b7-8386-bdf38ba679af,2,0.14679469168186188,0.29146313667297363,-0.14466844499111176
6,15058,73,150,0.17,the grey dot was moving in the bottom right section of the square and the black was moving in the top left section,7e113c5d-92b4-4c01-9588-dae0fb76eb5f,6,0.15124718844890594,0.18569497764110565,-0.03444778919219971
5,15059,74,150,0.17,they were aimlessly going in different directions,2a1ab94f-201b-4fa2-9947-1eab7365fb0f,5,0.21923573315143585,0.2516857385635376,-0.032450005412101746
1,15000,0,120,0.33,moving towards the left,b7261f19-79df-4505-b935-0cb890ebda9c,1,0.2572079300880432,0.47263503074645996,-0.21542710065841675
3,15001,1,120,0.33,A grey dot moved in circles while the black dot appeared to bounce around.,6480385b-e9eb-45a9-88e3-aade6c90476d,3,0.2427220344543457,0.12500472366809845,0.11771731078624725
5,15002,2,120,0.33,the dots were on their own separate paths but looked like they were about to collide,87b8564c-7590-4001-b1e8-6f26c4e4bf8a,5,0.20770971477031708,0.1575528234243393,0.05015689134597778
5,15003,3,120,0.33,Both had completely random movements,7da9ad01-3df5-45e9-8edf-4af0795536e1,5,0.19198517501354218,0.3766614496707916,-0.18467627465724945
0,15004,6,120,0.33,"Black dot is moving on the left, grey on the right",5d69d5c8-83dd-43c4-be85-f1c2ff45960d,0,0.14759069681167603,0.16896788775920868,-0.021377190947532654
0,15005,11,120,0.33,"Black dot was minding its business, the grey dot was trying to spy on the black one",a68cb7dc-2812-45a9-b8f6-862ff43630fb,0,0.21079911291599274,0.04516125097870827,0.16563786193728447
2,15006,12,120,0.33,Grey dot was slowly floating towards the black on again and the black one was moving to the left,b7261f19-79df-4505-b935-0cb890ebda9c,2,0.18140913546085358,0.17777830362319946,0.0036308318376541138
6,15007,13,120,0.33,light dot is unaware of black dot,94a4e86e-f727-4ed5-85c3-c9ab9c1c8e73,6,0.10016341507434845,0.005551948677748442,0.09461146639660001
4,15008,21,120,0.33,floating to the right top corner,5d84c995-f49b-42d0-bf89-eb7f4bfcb1d4,4,0.07396383583545685,0.17414472997188568,-0.10018089413642883
2,15009,10,120,0.33,The grey dot seemed to be following the black dot from a distance.,1bc0b0c8-e058-4a68-bdab-65b544a8848d,2,0.18427710235118866,0.08998262137174606,0.0942944809794426
0,15010,17,120,0.33,Moving like incets on water or small cells,9996b324-9da6-4bd7-a5d5-305513d257ce,0,0.06881951540708542,0.39612919092178345,-0.32730967551469803
2,15011,15,120,0.33,The black dot was moving closer to the grey dot whilst the grey dot moved randomly and then moved away from the black dot,3d2cbd5f-05d3-4457-8c01-5b302d4c5de7,2,0.16399571299552917,0.23559340834617615,-0.07159769535064697
1,15012,21,120,0.33,The black dot moved in an erratic way to the right where as the grey dot wavered about the right side of the box,5d84c995-f49b-42d0-bf89-eb7f4bfcb1d4,1,0.11549624055624008,0.11689206957817078,-0.0013958290219306946
4,15013,14,120,0.33,Both dots were playing,a68cb7dc-2812-45a9-b8f6-862ff43630fb,4,0.31955987215042114,0.13882336020469666,0.1807365119457245
0,15014,16,120,0.33,moving around but slightly closer and closer with each move towards each other while going downward ,87b8564c-7590-4001-b1e8-6f26c4e4bf8a,0,0.20734204351902008,0.4101105034351349,-0.2027684599161148
0,15015,23,120,0.33,black dot moving left gray dot moving right,6480385b-e9eb-45a9-88e3-aade6c90476d,0,0.14515383541584015,0.2587832510471344,-0.11362941563129425
1,15016,25,120,0.33,The dots a moving up and down on different sides of the screen,1bc0b0c8-e058-4a68-bdab-65b544a8848d,1,0.08953027427196503,0.1277845948934555,-0.03825432062149048
3,15017,19,120,0.33,"I mostly saw what the black dot was doing, and I think it was writing or drawing: its movements seemed precise.",7da9ad01-3df5-45e9-8edf-4af0795536e1,3,0.13968640565872192,0.07639821618795395,0.06328818947076797
3,15018,20,120,0.33,BOTH DOTS MOVING TO THR BOTTOM OF THE SCREEN,987cd79f-7d6a-426b-8983-8bee8675f0ba,3,0.07700259983539581,0.18910235166549683,-0.11209975183010101
6,15019,26,120,0.33,"the grey dot did small movements, the black dot did big ones",9996b324-9da6-4bd7-a5d5-305513d257ce,6,0.13274283707141876,0.17686617374420166,-0.0441233366727829
4,15020,23,120,0.33,Circular motions before moving direction,6480385b-e9eb-45a9-88e3-aade6c90476d,4,0.19397905468940735,0.2847041189670563,-0.09072506427764893
0,15021,28,120,0.33,moving around the screen,5d69d5c8-83dd-43c4-be85-f1c2ff45960d,0,0.14564110338687897,0.4379795789718628,-0.2923384755849838
2,15022,32,120,0.33,The dots were moving on the screen,a68cb7dc-2812-45a9-b8f6-862ff43630fb,2,0.19726338982582092,0.15581974387168884,0.04144364595413208
3,15023,31,120,0.33,The black dot moved up and down. The gray dot went in a little bit of a circle and then down.,94a4e86e-f727-4ed5-85c3-c9ab9c1c8e73,3,0.09525679051876068,0.09833990782499313,-0.0030831173062324524
1,15024,34,120,0.33,The dots approached each other but the gray dot retreated,987cd79f-7d6a-426b-8983-8bee8675f0ba,1,0.2262982279062271,0.14867225289344788,0.07762597501277924
4,15025,37,120,0.33,both dots moved inwards and slightly down,87b8564c-7590-4001-b1e8-6f26c4e4bf8a,4,0.11187822371721268,0.2287103533744812,-0.11683212965726852
4,15026,27,120,0.33,"the grey dot was moving at a slow pace, the black dot was moving faster and seemed to be gradually moving closer to the grey dot",87b8564c-7590-4001-b1e8-6f26c4e4bf8a,4,0.21629726886749268,0.22689636051654816,-0.010599091649055481
6,15027,35,120,0.33,"The dots were doing their own thing, but when grey dot got too close to black dot it started to move away from black dot.",7da9ad01-3df5-45e9-8edf-4af0795536e1,6,0.14424794912338257,0.10019610077142715,0.044051848351955414
3,15028,30,120,0.33,It was like a wary fight between the two dots. It looked as if the black one was on defense while the grey one was looking for an opening to attack.,6480385b-e9eb-45a9-88e3-aade6c90476d,3,0.1889229714870453,0.000758675392717123,0.18816429609432817
4,15029,29,120,0.33,"the grey dot bounced slightly as it moved down to the left before moving up, the black dot moved to the left somewhat bouncing as it went",3d2cbd5f-05d3-4457-8c01-5b302d4c5de7,4,0.2041522115468979,0.2491619884967804,-0.04500977694988251
2,15030,40,120,0.33,moving near each other,9996b324-9da6-4bd7-a5d5-305513d257ce,2,0.2925085127353668,0.6336585283279419,-0.3411500155925751
5,15031,41,120,0.33,moving in zig zag,3d2cbd5f-05d3-4457-8c01-5b302d4c5de7,5,0.2810855209827423,0.4270375967025757,-0.14595207571983337
2,15032,39,120,0.33,Darker dot seemed to be moving faster with wider/longer paces across the screen,1bc0b0c8-e058-4a68-bdab-65b544a8848d,2,0.15826290845870972,0.1476559340953827,0.010606974363327026
2,15033,45,120,0.33,They almost seemed to circle until the grey dot advanced toward the black dot then ran away,7da9ad01-3df5-45e9-8edf-4af0795536e1,2,0.24120333790779114,0.06647779047489166,0.17472554743289948
2,15034,43,120,0.33,Both dots moving towards the left slowly and not fully,b7261f19-79df-4505-b935-0cb890ebda9c,2,0.15251371264457703,0.23818829655647278,-0.08567458391189575
2,15035,44,120,0.33,They moved upward and closer to each other though never made contact,5d69d5c8-83dd-43c4-be85-f1c2ff45960d,2,0.17560726404190063,0.32227686047554016,-0.14666959643363953
6,15036,42,120,0.33,The black one is stalking the grey one.,5d84c995-f49b-42d0-bf89-eb7f4bfcb1d4,6,0.3389284908771515,0.1071927547454834,0.2317357361316681
1,15037,46,120,0.33,Moving towards each other then away again,6480385b-e9eb-45a9-88e3-aade6c90476d,1,0.3127133846282959,0.5425300598144531,-0.22981667518615723
6,15038,48,120,0.33,both dots are descending with a bit of distance between them,87b8564c-7590-4001-b1e8-6f26c4e4bf8a,6,0.15660360455513,0.12434703856706619,0.03225656598806381
0,15039,47,120,0.33,"The darker dot appeared to be attempting to move closer to the grey dot, however the grey dot did not appear to be consciously moving toward it or away from it.",987cd79f-7d6a-426b-8983-8bee8675f0ba,0,0.11820247024297714,0.17486028373241425,-0.0566578134894371
1,15040,51,120,0.33,When they came close the black one moved away,5d69d5c8-83dd-43c4-be85-f1c2ff45960d,1,0.2190132886171341,0.17310619354248047,0.045907095074653625
1,15041,52,120,0.33,Grey dot was watching the black dot,9996b324-9da6-4bd7-a5d5-305513d257ce,1,0.22509150207042694,0.06107937544584274,0.1640121266245842
1,15042,53,120,0.33,moving slightly to the left but mostly around the middle.,3d2cbd5f-05d3-4457-8c01-5b302d4c5de7,1,0.1386214643716812,0.3809618055820465,-0.2423403412103653
3,15043,56,120,0.33,"Movements not related, black heading towards grey slightly",7da9ad01-3df5-45e9-8edf-4af0795536e1,3,0.1846625953912735,0.2825465798377991,-0.09788398444652557
5,15044,54,120,0.33,both doing their own thing but repel each other when they get close,b7261f19-79df-4505-b935-0cb890ebda9c,5,0.197932168841362,0.28221842646598816,-0.08428625762462616
1,15045,50,120,0.33,The black dot appeared to still want to chase they grey dot but the grey dot was watching for it,a68cb7dc-2812-45a9-b8f6-862ff43630fb,1,0.368673175573349,0.07010859996080399,0.298564575612545
4,15046,57,120,0.33,they were drifting to top right of screen,5d84c995-f49b-42d0-bf89-eb7f4bfcb1d4,4,0.14936189353466034,0.19119636714458466,-0.041834473609924316
4,15047,61,120,0.33,Dots were hovering in sync almost ,5d84c995-f49b-42d0-bf89-eb7f4bfcb1d4,4,0.20002232491970062,0.09911660104990005,0.10090572386980057
4,15048,60,120,0.33,"Grey dot was following a back and forth jagged pattern, black dot was moving around slowly and smoothly in curved paths",a68cb7dc-2812-45a9-b8f6-862ff43630fb,4,0.2584541141986847,0.1149008572101593,0.1435532569885254
6,15049,58,120,0.33,"I paid a lot of attention to gray on the left. Both appear to be making patterns, maybe a letter or number at times? Since I was focusing on grey it seems it drew a lowercase letter q. Unsure what black drew. ",987cd79f-7d6a-426b-8983-8bee8675f0ba,6,0.07561861723661423,-0.03726082295179367,0.1128794401884079
3,15050,62,120,0.33,"Initially they went towards each other, but ultimately black 'ran away'",5d69d5c8-83dd-43c4-be85-f1c2ff45960d,3,0.297616183757782,0.1697494387626648,0.1278667449951172
3,15051,64,120,0.33,both dots were floating towards each other. the grey dot was moving faster than the black dot.,87b8564c-7590-4001-b1e8-6f26c4e4bf8a,3,0.15157543122768402,0.17364802956581116,-0.022072598338127136
0,15052,69,120,0.33,the grey dot was following the black dot without getting to close,9996b324-9da6-4bd7-a5d5-305513d257ce,0,0.1995173543691635,0.11691474169492722,0.0826026126742363
4,15053,67,120,0.33,The dots both moved towards each other but they did not touch each other.,6480385b-e9eb-45a9-88e3-aade6c90476d,4,0.13405565917491913,0.1641094833612442,-0.030053824186325073
1,15054,70,120,0.33,The dark dot was chasing the light dot,3d2cbd5f-05d3-4457-8c01-5b302d4c5de7,1,0.35474181175231934,0.028249459341168404,0.32649235241115093
5,15055,71,120,0.33,"dark dot went up and down, grey dot moved in circular motion",94a4e86e-f727-4ed5-85c3-c9ab9c1c8e73,5,0.14047466218471527,0.16811195015907288,-0.027637287974357605
3,15056,65,120,0.33,the black dot moved up the white dot was moving around the middle,1bc0b0c8-e058-4a68-bdab-65b544a8848d,3,0.2080850601196289,0.22765189409255981,-0.019566833972930908
3,15057,68,120,0.33,Black dot was copying the grey dot without getting close,987cd79f-7d6a-426b-8983-8bee8675f0ba,3,0.15840324759483337,0.16517043113708496,-0.006767183542251587
1,15058,73,120,0.33,the grey dot was writing something and the black dot was just moving around,a68cb7dc-2812-45a9-b8f6-862ff43630fb,1,0.21549998223781586,0.1404116302728653,0.07508835196495056
6,15059,74,120,0.33,they were chasing each other.,5d69d5c8-83dd-43c4-be85-f1c2ff45960d,6,0.6892626881599426,0.17229178547859192,0.5169709026813507
6,15000,0,90,0.5,grey dot following black dot,06f1dd04-cfbc-433c-9833-32cdb01c0683,6,0.153340145945549,0.012228150852024555,0.14111199509352446
2,15001,1,90,0.5,A black dot appeared to trace the path of the grey dot from left to right.,22162d51-e2bc-4fd2-af29-7d21f36eca1d,2,0.18497493863105774,0.07897673547267914,0.1059982031583786
4,15002,2,90,0.5,"they looked like they were going to collide, but they both went to the left with some distance between them",7d6cad69-203a-49a4-9c6e-b0423a669e50,4,0.1410427689552307,0.15175916254520416,-0.01071639358997345
6,15003,3,90,0.5,"Dots looked like they were in sync at first, then they became closer together",68c0fec8-cf83-48bf-8079-a5f414fe7504,6,0.15119552612304688,0.11103181540966034,0.040163710713386536
6,15004,6,90,0.5,bothmoved randomly,c7f85153-52e8-4379-839f-9596d6a3ee62,6,0.142902210354805,0.2669166028499603,-0.12401439249515533
5,15005,11,90,0.5,"the grey dot is spying on the black one, the grey dot does not feel confident",1841b8a9-ff1d-481d-80de-2134f2461e8b,5,0.17307260632514954,0.0913608968257904,0.08171170949935913
1,15006,12,90,0.5,They slowly floated toward each other but seemed hesitant to touch and kept going seperate,c7f85153-52e8-4379-839f-9596d6a3ee62,1,0.223782017827034,0.2621515691280365,-0.0383695513010025
3,15007,13,90,0.5,playing a game together,7d6cad69-203a-49a4-9c6e-b0423a669e50,3,0.24824270606040955,0.24948716163635254,-0.0012444555759429932
3,15008,21,90,0.5,black dot followng grey dot,16088d09-c11d-4b03-8c77-f92a33554c1e,3,0.24191369116306305,0.08361386507749557,0.15829982608556747
6,15009,10,90,0.5,They seemed to be keeping an equal distance from each other.,89ce6bb6-b2cb-44cb-ba57-d78ab0224625,6,0.15968891978263855,0.19194269180297852,-0.032253772020339966
6,15010,17,90,0.5,white dot moving away from black dot. But balck dot not chaseing white.,22162d51-e2bc-4fd2-af29-7d21f36eca1d,6,0.30707353353500366,0.14964942634105682,0.15742410719394684
6,15011,15,90,0.5,Both dots moved semi randomly but toward the end the grey dot moved toward the black,a8c7fb1b-9db5-4f8f-a05c-2ea241668e0f,6,0.14540140330791473,0.20489433407783508,-0.05949293076992035
0,15012,21,90,0.5,"The black dot approaches the grey dot to the left, then they start to move towards the left wavering",16088d09-c11d-4b03-8c77-f92a33554c1e,0,0.17764490842819214,0.12112749367952347,0.05651741474866867
6,15013,14,90,0.5,Both dots seems to be playing together,1841b8a9-ff1d-481d-80de-2134f2461e8b,6,0.22971497476100922,0.12053108960390091,0.1091838851571083
5,15014,16,90,0.5,"the dot first moved closer to each other, then one was following the other one while gaining distance on the other one",06f1dd04-cfbc-433c-9833-32cdb01c0683,5,0.2506929636001587,0.3380896747112274,-0.08739671111106873
5,15015,23,90,0.5,black dot mving up and down and foward gray moving toward right side,89ce6bb6-b2cb-44cb-ba57-d78ab0224625,5,0.13085906207561493,0.25117602944374084,-0.12031696736812592
4,15016,25,90,0.5,The black dot is trying to get close to the white dot,1d4805c2-68cf-415b-af2f-f7c0564b59aa,4,0.24299463629722595,0.1111004576086998,0.13189417868852615
2,15017,19,90,0.5,the dots were moving toward the top left corner of the screen.,1d4805c2-68cf-415b-af2f-f7c0564b59aa,2,0.10812725126743317,0.07276573777198792,0.03536151349544525
5,15018,20,90,0.5,BOTH DOTS AT THE CENTER OF THE SCREEN,68c0fec8-cf83-48bf-8079-a5f414fe7504,5,0.05307849496603012,0.059406593441963196,-0.006328098475933075
3,15019,26,90,0.5,the dots were moving towards each other then away then together again,16088d09-c11d-4b03-8c77-f92a33554c1e,3,0.20420680940151215,0.2178412824869156,-0.013634473085403442
5,15020,23,90,0.5,"Grey went in an upwards trajectory smoothly, black was snaked across the screen",89ce6bb6-b2cb-44cb-ba57-d78ab0224625,5,0.17112506926059723,0.1376711130142212,0.03345395624637604
2,15021,28,90,0.5,grey dot is chasing the black dot,ceedd529-39a5-4c29-8103-d6ac89521de6,2,0.4113641679286957,0.0790644958615303,0.3322996720671654
3,15022,32,90,0.5,The dots were moving on the screen not touching each other,22162d51-e2bc-4fd2-af29-7d21f36eca1d,3,0.12414570897817612,0.15217846632003784,-0.028032757341861725
0,15023,31,90,0.5,The gray dot was moving to the left. The black one moved right then left.,7d6cad69-203a-49a4-9c6e-b0423a669e50,0,0.1668863743543625,0.2781342566013336,-0.11124788224697113
0,15024,34,90,0.5,It felt like the grey dot was chasing the black dot to the bottom right of the screen,06f1dd04-cfbc-433c-9833-32cdb01c0683,0,0.19263699650764465,0.030579520389437675,0.16205747611820698
3,15025,37,90,0.5,the dots approached eachother before the grey dot backed off and the black dot followed,42ffed3d-edac-4ca7-9b33-6f525cb7c364,3,0.22858114540576935,0.12034767866134644,0.10823346674442291
5,15026,27,90,0.5,the grey dot moved immediately away from the black dot. the black dot seemed to be moving closer to the grey dot but slowly and not aggressively.,89ce6bb6-b2cb-44cb-ba57-d78ab0224625,5,0.18701830506324768,0.19089949131011963,-0.0038811862468719482
1,15027,35,90,0.5,"The grey dot didn't do much, but the black dot bee-lined for it and meet up with it.",68c0fec8-cf83-48bf-8079-a5f414fe7504,1,0.17272895574569702,0.021776927635073662,0.15095202811062336
6,15028,30,90,0.5,"Black dot is backing off. The grey dot is approaching, but slowly. Sort of in a calculating way?",c7f85153-52e8-4379-839f-9596d6a3ee62,6,0.15844042599201202,0.13481898605823517,0.023621439933776855
1,15029,29,90,0.5,the grey dot moved up and down to the right in a consistant motion of moving downwards before nearly hitting the black dot. The black dot did a circular motion before beginning to move upward with it's path seeming to be about to cross with the grey dot,1841b8a9-ff1d-481d-80de-2134f2461e8b,1,0.1984359323978424,0.19238106906414032,0.006054863333702087
5,15030,40,90,0.5,black was following white,16088d09-c11d-4b03-8c77-f92a33554c1e,5,0.3529742360115051,0.17212462425231934,0.1808496117591858
2,15031,41,90,0.5,moving towards the left hand side,7d6cad69-203a-49a4-9c6e-b0423a669e50,2,0.14471864700317383,0.4657502770423889,-0.3210316300392151
1,15032,39,90,0.5,Both dots moving up and down but darker dot was following the lighter dot,89ce6bb6-b2cb-44cb-ba57-d78ab0224625,1,0.12800826132297516,0.14267274737358093,-0.014664486050605774
6,15033,45,90,0.5,Again it looked like one was chasing the other but the grey dot seemed to not be able to get to the black dot,1841b8a9-ff1d-481d-80de-2134f2461e8b,6,0.37198108434677124,0.16510117053985596,0.20687991380691528
5,15034,43,90,0.5,"both dots moving to the right side of the box, with the grey dot moving towards the black dot",a8c7fb1b-9db5-4f8f-a05c-2ea241668e0f,5,0.10842195898294449,0.16582833230495453,-0.05740637332201004
0,15035,44,90,0.5,They were moving with fluctuations in a generally up-left motion,1d4805c2-68cf-415b-af2f-f7c0564b59aa,0,0.14689908921718597,0.39772385358810425,-0.2508247643709183
4,15036,42,90,0.5,They came to each other and then the grey one followed the black one,ceedd529-39a5-4c29-8103-d6ac89521de6,4,0.21642854809761047,0.14105230569839478,0.0753762423992157
3,15037,46,90,0.5,Black trying to follow light grey,22162d51-e2bc-4fd2-af29-7d21f36eca1d,3,0.23172850906848907,0.06455910950899124,0.16716939955949783
3,15038,48,90,0.5,the grey dot is rising with the black dot rising shortly behind,89ce6bb6-b2cb-44cb-ba57-d78ab0224625,3,0.17436330020427704,0.04555005952715874,0.1288132406771183
1,15039,47,90,0.5,"The grey dot appeared to be actively moving away from the black dot, at one point it turned and headed toward the black dot but only seemingly as it approached the edge of the screen/border. It then resumed moving away",68c0fec8-cf83-48bf-8079-a5f414fe7504,1,0.15881705284118652,0.14108435809612274,0.017732694745063782
0,15040,51,90,0.5,The grey one was following the black one cautiously,c7f85153-52e8-4379-839f-9596d6a3ee62,0,0.27937746047973633,0.16220547258853912,0.1171719878911972
5,15041,52,90,0.5,Grey dot was trying to get pas the Black dot.,16088d09-c11d-4b03-8c77-f92a33554c1e,5,0.22300004959106445,0.01674196869134903,0.20625808089971542
6,15042,53,90,0.5,slowly drifting right whilst moving up and down.,22162d51-e2bc-4fd2-af29-7d21f36eca1d,6,0.26049742102622986,0.3975380063056946,-0.13704058527946472
1,15043,56,90,0.5,Grey dot was following black dot. Both moving downwards.,ceedd529-39a5-4c29-8103-d6ac89521de6,1,0.16784994304180145,0.21630585193634033,-0.04845590889453888
6,15044,54,90,0.5,towards end they were mimicking each other,1d4805c2-68cf-415b-af2f-f7c0564b59aa,6,0.3078262507915497,0.11781365424394608,0.1900125965476036
4,15045,50,90,0.5,grey dot was chasing the black dot but the black dot kept a set distance away,a8c7fb1b-9db5-4f8f-a05c-2ea241668e0f,4,0.3579890727996826,0.1341036856174469,0.22388538718223572
6,15046,57,90,0.5,"they were moving slightly together and then apart, ending closer together",1841b8a9-ff1d-481d-80de-2134f2461e8b,6,0.17585857212543488,0.3469894528388977,-0.17113088071346283
6,15047,61,90,0.5,Dots were hovering towards the bottom left of the screen almost in sync,c7f85153-52e8-4379-839f-9596d6a3ee62,6,0.11873980611562729,0.05518432334065437,0.06355548277497292
1,15048,60,90,0.5,"Gray was chasing black dot, black was trying to evade when it became aware of grey.",ceedd529-39a5-4c29-8103-d6ac89521de6,1,0.4218737781047821,0.11068829894065857,0.31118547916412354
1,15049,58,90,0.5,"Grey was going in a small movement pattern from right to left. Black started doing similar towards grey from left to right, but then turned as if running from gray.",7d6cad69-203a-49a4-9c6e-b0423a669e50,1,0.1951545774936676,0.190105602145195,0.005048975348472595
2,15050,62,90,0.5,"Grey was chasing black, but blacks movement seemed slightly more erratic",a8c7fb1b-9db5-4f8f-a05c-2ea241668e0f,2,0.3647187054157257,0.2065054029226303,0.1582133024930954
6,15051,64,90,0.5,the black dot was chasing the grey dot,16088d09-c11d-4b03-8c77-f92a33554c1e,6,0.3894466459751129,0.06879428774118423,0.3206523582339287
6,15052,69,90,0.5,the black dot was chasing the grey dot from a distance,1d4805c2-68cf-415b-af2f-f7c0564b59aa,6,0.389131635427475,0.1244293600320816,0.26470227539539337
5,15053,67,90,0.5,The dots started of far apart and then both moved towards each other but they did not touch each other.,06f1dd04-cfbc-433c-9833-32cdb01c0683,5,0.13456156849861145,0.1388930082321167,-0.004331439733505249
4,15054,70,90,0.5,The light dot was chasing the dark dot. The dark dot saw the light dot a short time in,7d6cad69-203a-49a4-9c6e-b0423a669e50,4,0.3180384933948517,0.03561154007911682,0.28242695331573486
6,15055,71,90,0.5,"light grey dot moved towards the right, dark dot moved up and down across screen",1841b8a9-ff1d-481d-80de-2134f2461e8b,6,0.0817076712846756,0.15579386055469513,-0.07408618927001953
2,15056,65,90,0.5,they moved from middle to the bottom part,42ffed3d-edac-4ca7-9b33-6f525cb7c364,2,0.11372177302837372,0.24493086338043213,-0.1312090903520584
5,15057,68,90,0.5,The grey dot was moving in the same way of the black dot but not getting close to each other,22162d51-e2bc-4fd2-af29-7d21f36eca1d,5,0.1539509892463684,0.23751117289066315,-0.08356018364429474
4,15058,73,90,0.5,the grey dot started trying to catch up with the black dot,ceedd529-39a5-4c29-8103-d6ac89521de6,4,0.22233238816261292,0.007824750617146492,0.21450763754546642
3,15059,74,90,0.5,the dark dot was zig zagging.,42ffed3d-edac-4ca7-9b33-6f525cb7c364,3,0.17327728867530823,0.0046513881534338,0.16862590052187443
5,15000,0,60,0.67,black dot following grey dot,cca827ad-af9d-4cfd-ae71-7e028e3f8520,5,0.15931835770606995,0.005795611068606377,0.15352274663746357
5,15001,1,60,0.67,"A grey dot appeared to move away from a black dot, slowed and allowed for the black dot to catch up before continuing on it's path.",8d9b8961-4fb1-4413-b875-966e01b9963a,5,0.3009765148162842,0.24330098927021027,0.057675525546073914
1,15002,2,60,0.67,the gray dot was following the black dot from a distance,adf2a5c5-86f0-4a90-976a-f3fdfdf528fc,1,0.1984025239944458,0.11212397366762161,0.08627855032682419
3,15003,3,60,0.67,black dot was following the grey dot,85aa46c9-fe72-469c-a4cd-96f72ab4ccba,3,0.21826064586639404,0.06371039152145386,0.15455025434494019
2,15004,6,60,0.67,Black moved diagnonally grey in circles,35fbacfe-f7fd-45d5-9266-5f6631809d11,2,0.13260053098201752,0.18698163330554962,-0.054381102323532104
6,15005,11,60,0.67,the grey dot discvered the black one and now it is running after it,3273fde2-4b65-4cc7-b9b3-ef2604e8a514,6,0.27616310119628906,0.010684700682759285,0.2654784005135298
3,15006,12,60,0.67,Both went toward each other then the black dot started to move right so the Grey followed.,7b3797d6-d4cc-4819-b3ad-adfd144217e2,3,0.22322160005569458,0.22554169595241547,-0.0023200958967208862
0,15007,13,60,0.67,chasing ,35fbacfe-f7fd-45d5-9266-5f6631809d11,0,1.0,0.2276623547077179,0.7723376452922821
6,15008,21,60,0.67,grey follwoing black,91659665-5079-44c4-96c1-49da784170fa,6,0.20530357956886292,0.02359892800450325,0.18170465156435966
1,15009,10,60,0.67,The white dot was following the black dot which was moving away from it.,a7fd07d1-e946-43a4-882d-0b3b7882ed21,1,0.1853172928094864,0.17952345311641693,0.005793839693069458
2,15010,17,60,0.67,"black dot chased yje white one, white one moved away",804f9681-f112-463c-a764-a40a823d6845,2,0.4505283832550049,0.24000145494937897,0.21052692830562592
5,15011,15,60,0.67,"The grey dot moved toward the black, the black seemed to be moving to its own pattern at first but started moving away from the grey after it closed a certain distance",3273fde2-4b65-4cc7-b9b3-ef2604e8a514,5,0.17461800575256348,0.23090094327926636,-0.05628293752670288
6,15012,21,60,0.67,Both the black and grey dot seemed to be drawn towards the top right corner,91659665-5079-44c4-96c1-49da784170fa,6,0.09195569157600403,0.0042672776617109776,0.08768841391429305
1,15013,14,60,0.67,the black dot was chasing the grey dot,8d9b8961-4fb1-4413-b875-966e01b9963a,1,0.3894466459751129,0.06879428774118423,0.3206523582339287
6,15014,16,60,0.67,"the dots moved closer together , but then gaining distance back as they moved upwards on the screen, following each other closely with a near coalition ",85aa46c9-fe72-469c-a4cd-96f72ab4ccba,6,0.1576862335205078,0.26763513684272766,-0.10994890332221985
2,15015,23,60,0.67,black dot chasing gray dot gray moving toward corner,cca827ad-af9d-4cfd-ae71-7e028e3f8520,2,0.299050897359848,0.1283128410577774,0.17073805630207062
5,15016,25,60,0.67,The black dot is chasing the white dot,804f9681-f112-463c-a764-a40a823d6845,5,0.4261144995689392,0.10980041325092316,0.31631408631801605
4,15017,19,60,0.67,The dots are moving toward the top of the screen. The gray dot is following the black dot.,a7fd07d1-e946-43a4-882d-0b3b7882ed21,4,0.10328332334756851,0.04918626695871353,0.05409705638885498
4,15018,20,60,0.67,GREY DOT AFTER BLACK DOT AND MOVING TOWARD THE RIGHT HAND UPPER CORNER OF THE SCREEN,adf2a5c5-86f0-4a90-976a-f3fdfdf528fc,4,0.09436624497175217,0.07456257194280624,0.019803673028945923
4,15019,26,60,0.67,the lighter dot chased the black dot into the upper right hand corner of the box,adf2a5c5-86f0-4a90-976a-f3fdfdf528fc,4,0.1955074816942215,-0.00037036591675132513,0.19587784761097282
6,15020,23,60,0.67,Grey had smooth movement compared to black as had no idea where to move to next,cca827ad-af9d-4cfd-ae71-7e028e3f8520,6,0.19938869774341583,0.297409325838089,-0.09802062809467316
6,15021,28,60,0.67,black dot still chasing grey dot,cca827ad-af9d-4cfd-ae71-7e028e3f8520,6,0.4052720069885254,0.054860785603523254,0.35041122138500214
1,15022,32,60,0.67,I think the light dot was chasing the dark dot,a7fd07d1-e946-43a4-882d-0b3b7882ed21,1,0.2981017529964447,0.013064722530543804,0.2850370304659009
1,15023,31,60,0.67,The gray dot moved down to the left. The black dot went in a bit of a circle before going down to the left.,3273fde2-4b65-4cc7-b9b3-ef2604e8a514,1,0.10142473131418228,0.13339444994926453,-0.031969718635082245
6,15024,34,60,0.67,Gray dot seemed to chase the black dot,7b3797d6-d4cc-4819-b3ad-adfd144217e2,6,0.32747143507003784,0.04593599587678909,0.28153543919324875
0,15025,37,60,0.67,the grey dot followed the black dot slowly upwards towards the top left corner,a7fd07d1-e946-43a4-882d-0b3b7882ed21,0,0.15293100476264954,0.05993146821856499,0.09299953654408455
1,15026,27,60,0.67,This time the black dot was following the grey dot,85aa46c9-fe72-469c-a4cd-96f72ab4ccba,1,0.211272731423378,0.04991835728287697,0.16135437414050102
2,15027,35,60,0.67,"The dots were moving towards each other, but when they got close the grey dot tried to move away while the black dot followed.",35fbacfe-f7fd-45d5-9266-5f6631809d11,2,0.18231560289859772,0.1972905397415161,-0.014974936842918396
1,15028,30,60,0.67,The black dot was sort of chasing the grey dot. The black dot was actively approaching the grey one and the grey one would sort of back off.,8d9b8961-4fb1-4413-b875-966e01b9963a,1,0.27566224336624146,0.1285918653011322,0.14707037806510925
6,15029,29,60,0.67,the black dot appeared to be moving to the top right corner of the box before 'spotting' the grey dot and following it to the top of the box. The grey dot apeared to be moving to the top center of the box before 'seeing' the grey dot and going to the top right and circling around to the top centre,249089b6-ef6d-4ddb-973d-6d7b9d53baf8,6,0.14522677659988403,0.08552496880292892,0.05970180779695511
4,15030,40,60,0.67,white was following black,7b3797d6-d4cc-4819-b3ad-adfd144217e2,4,0.3448391258716583,0.17180262506008148,0.17303650081157684
0,15031,41,60,0.67,black dot following grey dot,8d9b8961-4fb1-4413-b875-966e01b9963a,0,0.15931835770606995,0.005795611068606377,0.15352274663746357
6,15032,39,60,0.67,dark dot moved towards light dot after light dot started to make circular movement,804f9681-f112-463c-a764-a40a823d6845,6,0.15671281516551971,0.13188110291957855,0.024831712245941162
5,15033,45,60,0.67,Looked like the black dot was chasing the grey dot again,35fbacfe-f7fd-45d5-9266-5f6631809d11,5,0.3260515332221985,0.03710773587226868,0.2889437973499298
0,15034,43,60,0.67,"Hovering around, with the black dot slowly hovering closer to the grey dot",85aa46c9-fe72-469c-a4cd-96f72ab4ccba,0,0.16450251638889313,0.10078202933073044,0.06372048705816269
5,15035,44,60,0.67,They both moved left; the black dot seemed to 'bounce' off of the left side of the field,8bb5c4ad-b420-47c6-8e6a-c74a127a30ce,5,0.20848219096660614,0.21032081544399261,-0.0018386244773864746
3,15036,42,60,0.67,The grey one is slowly following the black one again,adf2a5c5-86f0-4a90-976a-f3fdfdf528fc,3,0.216886505484581,0.14120179414749146,0.07568471133708954
0,15037,46,60,0.67,Travelling to the top right,91659665-5079-44c4-96c1-49da784170fa,0,0.21222293376922607,0.4210323095321655,-0.20880937576293945
5,15038,48,60,0.67,"the grey dot is approaching the black dot, backing it into a corner  (or against a wall)",7b3797d6-d4cc-4819-b3ad-adfd144217e2,5,0.22495800256729126,0.13950803875923157,0.08544996380805969
3,15039,47,60,0.67,The grey dot appeared to be actively chasing the black dot. The black dot seemed to be purposefully moving away and trying to distance itself,3273fde2-4b65-4cc7-b9b3-ef2604e8a514,3,0.32790395617485046,0.1585526168346405,0.16935133934020996
6,15040,51,60,0.67,"When they came close, the grey one followed the black one",3273fde2-4b65-4cc7-b9b3-ef2604e8a514,6,0.20980897545814514,0.03969579190015793,0.1701131835579872
0,15041,52,60,0.67,Grey dot was following the black dot,a7fd07d1-e946-43a4-882d-0b3b7882ed21,0,0.2138461172580719,0.06555013358592987,0.14829598367214203
0,15042,53,60,0.67,Moving to top right hand corner.,adf2a5c5-86f0-4a90-976a-f3fdfdf528fc,0,0.22593563795089722,0.38574346899986267,-0.15980783104896545
0,15043,56,60,0.67,Black dot was heading towards grey dot,cca827ad-af9d-4cfd-ae71-7e028e3f8520,0,0.24101562798023224,0.09163814783096313,0.1493774801492691
0,15044,54,60,0.67,black is following grey,804f9681-f112-463c-a764-a40a823d6845,0,0.20085668563842773,0.04258790239691734,0.1582687832415104
0,15045,50,60,0.67,Black dot is chasing the grey dot,35fbacfe-f7fd-45d5-9266-5f6631809d11,0,0.42721888422966003,0.08625788241624832,0.3409610018134117
1,15046,57,60,0.67,they were moving to the top right of screen,91659665-5079-44c4-96c1-49da784170fa,1,0.16129076480865479,0.28037917613983154,-0.11908841133117676
0,15047,61,60,0.67,Black dot was following and tailing the grey one,85aa46c9-fe72-469c-a4cd-96f72ab4ccba,0,0.29173073172569275,0.08267110586166382,0.20905962586402893
2,15048,60,60,0.67,"Grey was chasing black dot, black was getting stuck in a corner.",91659665-5079-44c4-96c1-49da784170fa,2,0.4239838421344757,0.12248852849006653,0.3014953136444092
0,15049,58,60,0.67,Grey was going in a zig zag pattern from bottom to top on the left side. Black was going in a similar pattern from middle to top left.,85aa46c9-fe72-469c-a4cd-96f72ab4ccba,0,0.08347102999687195,0.02625403366982937,0.05721699632704258
0,15050,62,60,0.67,The grey dot was 'chasing' the black dot,3273fde2-4b65-4cc7-b9b3-ef2604e8a514,0,0.4225771725177765,0.06813327223062515,0.35444390028715134
2,15051,64,60,0.67,The black dot followed the grey dot into the top left corner,cca827ad-af9d-4cfd-ae71-7e028e3f8520,2,0.1598374843597412,0.03207425773143768,0.12776322662830353
3,15052,69,60,0.67,the black dot was running away from the grey dot,adf2a5c5-86f0-4a90-976a-f3fdfdf528fc,3,0.27414003014564514,0.10497761517763138,0.16916241496801376
0,15053,67,60,0.67,The dots were both fairly close to each other and were both moving around.,7b3797d6-d4cc-4819-b3ad-adfd144217e2,0,0.14476272463798523,0.202890545129776,-0.05812782049179077
0,15054,70,60,0.67,The light dot was chasing the dark dot,8bb5c4ad-b420-47c6-8e6a-c74a127a30ce,0,0.3445010781288147,0.027107875794172287,0.3173932023346424
0,15055,71,60,0.67,moving to the left and moving downwards slowly,8d9b8961-4fb1-4413-b875-966e01b9963a,0,0.10511618107557297,0.4684615731239319,-0.3633453920483589
4,15056,65,60,0.67,they both dots were moving from middle to the upward part,249089b6-ef6d-4ddb-973d-6d7b9d53baf8,4,0.14121071994304657,0.2187693864107132,-0.07755866646766663
4,15057,68,60,0.67,Grey dot was following/pushing the black dot into the corner,a7fd07d1-e946-43a4-882d-0b3b7882ed21,4,0.23363007605075836,0.1236378625035286,0.10999221354722977
3,15058,73,60,0.67,the black dot started chasing the grey dot,804f9681-f112-463c-a764-a40a823d6845,3,0.3757244944572449,0.03288700431585312,0.34283749014139175
4,15059,74,60,0.67,the dark dot was closing in on the light dot,8d9b8961-4fb1-4413-b875-966e01b9963a,4,0.1765330284833908,0.003560740267857909,0.1729722882155329
4,15000,0,30,0.83,black dot following grey dot,0ea51ff3-f8ac-4d29-a981-0a167d74909c,4,0.15931835770606995,0.005795611068606377,0.15352274663746357
0,15001,1,30,0.83,A black dot seemed to follow a grey dot from center right to lower left.,17e4063d-b2f1-4406-8a8f-be7151fd23c1,0,0.15847182273864746,0.0582907497882843,0.10018107295036316
3,15002,2,30,0.83,the black dot was following the gray dot,69cbd581-b3e6-4aa9-8cc0-319380d1e9ce,3,0.1966857761144638,0.06345424056053162,0.1332315355539322
1,15003,3,30,0.83,Grey dot was following the black dot,57dbdc86-9c49-4214-a908-c4a254e90229,1,0.2138461172580719,0.06555013358592987,0.14829598367214203
4,15004,6,30,0.83,Black moved from left to right chasing the grey,c53236a2-f564-41ec-89aa-2bd90765b0a4,4,0.36636778712272644,0.339570552110672,0.026797235012054443
3,15005,11,30,0.83,the black dot is chasing the grey one,a4bd654a-f8f1-44b4-907f-0114e1caa391,3,0.4481101334095001,0.10953118652105331,0.3385789468884468
5,15006,12,30,0.83,Black dot moved toward the Grey and the Grey was trying to get away from it so moved downwards,17e4063d-b2f1-4406-8a8f-be7151fd23c1,5,0.19448870420455933,0.23316361010074615,-0.03867490589618683
2,15007,13,30,0.83,dancing,0b80e3d6-cded-42b9-b7ff-67c9cdbcb3c5,2,0.3929496705532074,0.3191401958465576,0.07380947470664978
0,15008,21,30,0.83,grey dot chasing black dot,c6499c88-e947-4ab5-8cde-3013da4d084f,0,0.38510680198669434,0.06091505289077759,0.32419174909591675
5,15009,10,30,0.83,The grey dot was making a beeline towards the black dot and the black dot was moving away from it.,c6499c88-e947-4ab5-8cde-3013da4d084f,5,0.198727548122406,0.17101265490055084,0.027714893221855164
4,15010,17,30,0.83,Black dot following white dot,a4bd654a-f8f1-44b4-907f-0114e1caa391,4,0.17746387422084808,0.018775079399347305,0.15868879482150078
3,15011,15,30,0.83,The black dot moved toward the grey dot and after closing a certain distance the grey dot moved away from the black,0ea51ff3-f8ac-4d29-a981-0a167d74909c,3,0.16151292622089386,0.2234867364168167,-0.06197381019592285
4,15012,21,30,0.83,The grey dot approached the black dot and both moved towards the top right corner,c6499c88-e947-4ab5-8cde-3013da4d084f,4,0.17241039872169495,0.16996100544929504,0.0024493932723999023
5,15013,14,30,0.83,The grey dot seems to be chasing the black dot,9093ecfa-6a76-4110-b88c-dd9330281781,5,0.35831791162490845,0.047489967197179794,0.31082794442772865
1,15014,16,30,0.83,the grey dot was following the black dot at a consistent distance between the two.  ,0a730462-ba50-4dbe-97c6-911f61a40346,1,0.13434594869613647,0.10607646405696869,0.028269484639167786
6,15015,23,30,0.83,gray dot chaseing black dot,57dbdc86-9c49-4214-a908-c4a254e90229,6,0.31661999225616455,0.056873664259910583,0.25974632799625397
3,15016,25,30,0.83,The white dot is trying to get close to the black dot,0b80e3d6-cded-42b9-b7ff-67c9cdbcb3c5,3,0.24475042521953583,0.11382970213890076,0.13092072308063507
1,15017,19,30,0.83,"It seems as if the black dot was approaching the gray dot, and the gray dot was moving away from it, though not urgently.",c53236a2-f564-41ec-89aa-2bd90765b0a4,1,0.17766517400741577,0.1481924206018448,0.029472753405570984
2,15018,20,30,0.83,BLACK DOT MOVING AFTER THE GREY DOT TOWARDS THE LEFT SIDE CORNER OF THE SCREEN,cf5e29cd-eacd-4164-96d2-05de1fad88ba,2,0.08675186336040497,0.0975666269659996,-0.010814763605594635
1,15019,26,30,0.83,the dots went to the left and it seemed as if the darker dot was chasing the other,17e4063d-b2f1-4406-8a8f-be7151fd23c1,1,0.24014627933502197,0.09566650539636612,0.14447977393865585
1,15020,23,30,0.83,Both dots were moving in the same path,57dbdc86-9c49-4214-a908-c4a254e90229,1,0.25499317049980164,0.3334873914718628,-0.07849422097206116
5,15021,28,30,0.83,black dot chasing grey dot,0ea51ff3-f8ac-4d29-a981-0a167d74909c,5,0.39082667231559753,0.06013135612010956,0.330695316195488
4,15022,32,30,0.83,The light dot appeared to be chasing the dark dot,c6499c88-e947-4ab5-8cde-3013da4d084f,4,0.33211496472358704,0.013490762561559677,0.31862420216202736
2,15023,31,30,0.83,Both dots moved down to the right. The gray dot went in a more squiggly and not straight pattern though.,c53236a2-f564-41ec-89aa-2bd90765b0a4,2,0.07090094685554504,0.1145082339644432,-0.04360728710889816
4,15024,34,30,0.83,Black dot seemed to chase the gray dot,a4bd654a-f8f1-44b4-907f-0114e1caa391,4,0.3386361598968506,0.04063091054558754,0.29800524935126305
1,15025,37,30,0.83,the dots approached eachother before the black dot backed off and they moved towards the top right corner,31932267-3908-4599-ba56-ba5043757838,1,0.1948789805173874,0.17001581192016602,0.024863168597221375
0,15026,27,30,0.83,"the two dots moved closer to each other, then the grey dot started following the direction that the black dot was moving to",57dbdc86-9c49-4214-a908-c4a254e90229,0,0.15680652856826782,0.2039036899805069,-0.047097161412239075
0,15027,35,30,0.83,"The black dot looked like it wanted to get away, but the grey dot bee-lined for it and kept trying to get close.",9093ecfa-6a76-4110-b88c-dd9330281781,0,0.22979192435741425,0.07403577864170074,0.1557561457157135
2,15028,30,30,0.83,"Black dot is chasing the grey dot again in this one. Except this time instead of the chase leading to the left, they went to the right.",69cbd581-b3e6-4aa9-8cc0-319380d1e9ce,2,0.4016861915588379,0.15983006358146667,0.24185612797737122
2,15029,29,30,0.83,the grey dot appeared to be making a consistent motion towards the black dot as is mimiced its motion traveling towards it. the black dot did a circular motion and then began moving away from the grey dot to the right before traveling upwards on the right side of the box,0a730462-ba50-4dbe-97c6-911f61a40346,2,0.13886047899723053,0.1451401263475418,-0.006279647350311279
1,15030,40,30,0.83,black was following white,a4bd654a-f8f1-44b4-907f-0114e1caa391,1,0.3529742360115051,0.17212462425231934,0.1808496117591858
1,15031,41,30,0.83,both moving to upper left corner,cf5e29cd-eacd-4164-96d2-05de1fad88ba,1,0.17515090107917786,0.42690345644950867,-0.2517525553703308
5,15032,39,30,0.83,Dark dot moved towards light dot then light followed the dark a short distance,c6499c88-e947-4ab5-8cde-3013da4d084f,5,0.21534496545791626,0.16436190903186798,0.05098305642604828
3,15033,45,30,0.83,The black dot was chasing the grey dot,69cbd581-b3e6-4aa9-8cc0-319380d1e9ce,3,0.3894466459751129,0.06879428774118423,0.3206523582339287
3,15034,43,30,0.83,both dots moving into the centre and then moving out to the left together,57dbdc86-9c49-4214-a908-c4a254e90229,3,0.144221231341362,0.2752472460269928,-0.1310260146856308
3,15035,44,30,0.83,They moved right then down; the grey dot seemed to make moves to avoid contact with the black dot,c53236a2-f564-41ec-89aa-2bd90765b0a4,3,0.20045191049575806,0.2782711386680603,-0.07781922817230225
5,15036,42,30,0.83,Now the black one followed the grey one!,0ea51ff3-f8ac-4d29-a981-0a167d74909c,5,0.23366838693618774,0.0443401075899601,0.18932827934622765
6,15037,46,30,0.83,Light grey following black to top left,9093ecfa-6a76-4110-b88c-dd9330281781,6,0.10100218653678894,0.014369728974997997,0.08663245756179094
1,15038,48,30,0.83,The black dot is approaching the grey dot ,c53236a2-f564-41ec-89aa-2bd90765b0a4,1,0.23522430658340454,0.10935958474874496,0.12586472183465958
5,15039,47,30,0.83,The black dot appeared to be chasing the grey dot which seemed to be actively moving away purposefully,17e4063d-b2f1-4406-8a8f-be7151fd23c1,5,0.3683444857597351,0.2037159651517868,0.1646285206079483
3,15040,51,30,0.83,The black one followed the grey one to the edge,0ea51ff3-f8ac-4d29-a981-0a167d74909c,3,0.2990996539592743,0.0642613098025322,0.2348383441567421
2,15041,52,30,0.83,Black dot was following the grey dot,a4bd654a-f8f1-44b4-907f-0114e1caa391,2,0.21826064586639404,0.06371039152145386,0.15455025434494019
4,15042,53,30,0.83,Moving from right to left with the grey dot moving with the black dot staying just in front.,0b80e3d6-cded-42b9-b7ff-67c9cdbcb3c5,4,0.176295667886734,0.3649417757987976,-0.1886461079120636
5,15043,56,30,0.83,Black following grey dot,17e4063d-b2f1-4406-8a8f-be7151fd23c1,5,0.1753237396478653,-0.012896055355668068,0.18821979500353336
2,15044,54,30,0.83,like two little birds flying together,cf5e29cd-eacd-4164-96d2-05de1fad88ba,2,0.2246236503124237,0.24636203050613403,-0.021738380193710327
6,15045,50,30,0.83,grey dot chasing black dot but they became locked on a horizontal axis at the same distance,57dbdc86-9c49-4214-a908-c4a254e90229,6,0.18105560541152954,0.13609984517097473,0.04495576024055481
0,15046,57,30,0.83,they were moving to the bottom right of screen,69cbd581-b3e6-4aa9-8cc0-319380d1e9ce,0,0.14435867965221405,0.2571094036102295,-0.11275072395801544
1,15047,61,30,0.83,Grey dot was following/tailing the black dot,31932267-3908-4599-ba56-ba5043757838,1,0.2536567449569702,0.06813234090805054,0.18552440404891968
6,15048,60,30,0.83,"Black was moving towards grey, grey was swaying back and forth and moving away from black",c53236a2-f564-41ec-89aa-2bd90765b0a4,6,0.23634861409664154,0.3203674852848053,-0.08401887118816376
3,15049,58,30,0.83,Black made  a short move to the top left corner then traced along the top of the box back right. Grey started more central and did the same. Since grey had further to travel it was behind black and seemed to follow black along the top of the box.,9093ecfa-6a76-4110-b88c-dd9330281781,3,0.09974030405282974,0.04108846187591553,0.058651842176914215
4,15050,62,30,0.83,"They initially moved together, then black chased grey and grey moved away",0ea51ff3-f8ac-4d29-a981-0a167d74909c,4,0.33420225977897644,0.28767919540405273,0.046523064374923706
0,15051,64,30,0.83,The grey dot was floating and chasing the black dot around the screen,0a730462-ba50-4dbe-97c6-911f61a40346,0,0.2522192597389221,0.06002586707472801,0.1921933926641941
1,15052,69,30,0.83,the black dot was chasing the grey dot around the screen,cf5e29cd-eacd-4164-96d2-05de1fad88ba,1,0.2989628314971924,0.04425507038831711,0.2547077611088753
3,15053,67,30,0.83,"The dots both moved in an anti clockwise direction, but again they did not touch each other.",a4bd654a-f8f1-44b4-907f-0114e1caa391,3,0.07944125682115555,0.18137097358703613,-0.10192971676588058
6,15054,70,30,0.83,The dark dot was chasing the light dot,69cbd581-b3e6-4aa9-8cc0-319380d1e9ce,6,0.35474181175231934,0.028249459341168404,0.32649235241115093
4,15055,71,30,0.83,dots moved towards the left and then began to drop downwards towards the left,17e4063d-b2f1-4406-8a8f-be7151fd23c1,4,0.15290234982967377,0.1441413313150406,0.008761018514633179
1,15056,65,30,0.83,they were moving toward the left side,0b80e3d6-cded-42b9-b7ff-67c9cdbcb3c5,1,0.24888861179351807,0.30279630422592163,-0.053907692432403564
1,15057,68,30,0.83,The dots came together then the grey dot followed the black dot ,c6499c88-e947-4ab5-8cde-3013da4d084f,1,0.16306927800178528,0.06490899622440338,0.0981602817773819
5,15058,73,30,0.83,the black dot started following the grey and the grey moved in zig zags to try and avoid it,a4bd654a-f8f1-44b4-907f-0114e1caa391,5,0.208648219704628,0.08886601030826569,0.1197822093963623
0,15059,74,30,0.83,the light dot was chasing the dark dot,31932267-3908-4599-ba56-ba5043757838,0,0.3445010781288147,0.027107875794172287,0.3173932023346424
0,15000,0,0,1.0,grey dot following black dot,07cdb9d7-6577-428d-9498-8a7243527554,0,0.153340145945549,0.012228150852024555,0.14111199509352446
6,15001,1,0,1.0,A grey dot appeared to chase or follow a black dot right and then up.,53613c0d-b07e-4b22-b6ec-56dda26edc8f,6,0.3914030194282532,0.1334397941827774,0.25796322524547577
0,15002,2,0,1.0,the black dot seemed to be running away from the gray one,19c65966-3d88-4851-afe4-ae34c498748c,0,0.2411600947380066,0.0795830637216568,0.1615770310163498
2,15003,3,0,1.0,Black dot was following the grey dot,c188e383-94d7-475e-9da5-6d1f0a1184bb,2,0.21826064586639404,0.06371039152145386,0.15455025434494019
3,15004,6,0,1.0,Black moved from right to left chasing the grey,49e5ac90-6e7f-4243-9552-8c4c10545895,3,0.3888314366340637,0.3337108790874481,0.0551205575466156
1,15005,11,0,1.0,Black dot was being chased by the grey one,72e764e1-0b34-4efd-96db-5df7934b2395,1,0.41232970356941223,0.09828921407461166,0.31404048949480057
0,15006,12,0,1.0,It seemed like the Grey dot was trying to chase the black dot,9dfa52b0-9e95-49de-bddb-e53316f2b4ae,0,0.31819579005241394,0.048711441457271576,0.26948434859514236
5,15007,13,0,1.0,lighter dot is being pressured by dark one,47505654-05f0-4b92-a9a3-978c80bda46b,5,0.07536345720291138,0.07443716377019882,0.0009262934327125549
1,15008,21,0,1.0,grey sot following black dot,07cdb9d7-6577-428d-9498-8a7243527554,1,0.138401061296463,-0.015182405710220337,0.15358346700668335
3,15009,10,0,1.0,The black dot was following the grey dot in a beeline.,47505654-05f0-4b92-a9a3-978c80bda46b,3,0.204599067568779,0.05306030809879303,0.15153875946998596
5,15010,17,0,1.0,Black dot being chased by white dot,72e764e1-0b34-4efd-96db-5df7934b2395,5,0.40103328227996826,0.1006908044219017,0.30034247785806656
4,15011,15,0,1.0,Again the black dot moved toward the grey dot which moved to get away from the black dot,c188e383-94d7-475e-9da5-6d1f0a1184bb,4,0.18463262915611267,0.20184439420700073,-0.01721176505088806
2,15012,21,0,1.0,The grey dot approached the black dot and both curved in a downwards sweep to the bottom of the box,07cdb9d7-6577-428d-9498-8a7243527554,2,0.1353134959936142,-0.031887203454971313,0.1672006994485855
0,15013,14,0,1.0,the grey dot was chasing the black dot,75182d69-6502-4d35-9298-e331061c7829,0,0.3835234045982361,0.06610319763422012,0.31742020696401596
4,15014,16,0,1.0,"the grey dot was moving closer to the black dot, as they reached a distance, the dot did not move any closer but mimicked the moves of the other one ",19c65966-3d88-4851-afe4-ae34c498748c,4,0.2044527530670166,0.24523775279521942,-0.04078499972820282
3,15015,23,0,1.0,black chasseing dray dot,49e5ac90-6e7f-4243-9552-8c4c10545895,3,0.26276713609695435,0.04494467005133629,0.21782246604561806
0,15016,25,0,1.0,The white dot is chasing after the black dot,19c65966-3d88-4851-afe4-ae34c498748c,0,0.44152238965034485,0.10081092268228531,0.34071146696805954
6,15017,19,0,1.0,"The gray dot and the black dot approach each other so that the gray dot can lead the black dot. After they meet, the gray dot leads the black dot to the top right of the box.",37b0c4a3-57d4-4b4a-9bf7-e4d2eb48cee6,6,0.11621353030204773,0.06282082200050354,0.05339270830154419
1,15018,20,0,1.0,THE GREY DOT WAS AFTER THE BLACK DOT AND MOVING TOWARDS THE RIGHT SIDE OF THE SCREEN,53613c0d-b07e-4b22-b6ec-56dda26edc8f,1,0.10183875262737274,0.06939604878425598,0.03244270384311676
5,15019,26,0,1.0,"the grey dot started off moving on its own then moved down to the bottom left, the black dot followed it",816e0a69-dfb6-4a6f-8ffe-97d092e27835,5,0.15075421333312988,0.1805105358362198,-0.029756322503089905
3,15020,23,0,1.0,"Black moving in one direct to the left, gret circling before moving in the same direction as black",49e5ac90-6e7f-4243-9552-8c4c10545895,3,0.22590519487857819,0.2550196647644043,-0.02911446988582611
1,15021,28,0,1.0,the black dot was following the grey dot,c188e383-94d7-475e-9da5-6d1f0a1184bb,1,0.2098618894815445,0.0642402172088623,0.1456216722726822
0,15022,32,0,1.0,The dark dot was evading and the light dot was chasing,9dfa52b0-9e95-49de-bddb-e53316f2b4ae,0,0.3962896168231964,0.07165078818798065,0.32463882863521576
6,15023,31,0,1.0,"The black dot moved to the left of the screen. The gray dot moved to the left, upwards and in a circle.",47505654-05f0-4b92-a9a3-978c80bda46b,6,0.07093913853168488,0.14056755602359772,-0.06962841749191284
2,15024,34,0,1.0,The dots approached each other and then the black dot chased the gray dot,37b0c4a3-57d4-4b4a-9bf7-e4d2eb48cee6,2,0.3340924382209778,0.10076504200696945,0.23332739621400833
5,15025,37,0,1.0,the black dot followed the grey dot,49e5ac90-6e7f-4243-9552-8c4c10545895,5,0.250620573759079,0.06807635724544525,0.18254421651363373
3,15026,27,0,1.0,"the grey dot moved a bit in a specific area, then the black dot moved directly towards the grey dot and kept following it persistently.",49e5ac90-6e7f-4243-9552-8c4c10545895,3,0.1518736332654953,0.2388649880886078,-0.08699135482311249
3,15027,35,0,1.0,"The grey dot bee-lined to the black dot and then followed it. Black dot moved away, but slowly in no rush.",72e764e1-0b34-4efd-96db-5df7934b2395,3,0.24854089319705963,0.19631797075271606,0.05222292244434357
5,15028,30,0,1.0,Grey dot is chasing the black dot. The black dot gets it's back to the wall and continues to back away.,53613c0d-b07e-4b22-b6ec-56dda26edc8f,5,0.3711928427219391,0.12013807892799377,0.2510547637939453
3,15029,29,0,1.0,the grey dot made a consistant motion towards the black dot. the black dot appears to have been moving in a circle before 'seeing' the black dot and moving away from it to the right,75182d69-6502-4d35-9298-e331061c7829,3,0.1548665165901184,0.15941067039966583,-0.004544153809547424
6,15030,40,0,1.0,flowing around,75182d69-6502-4d35-9298-e331061c7829,6,0.2629154920578003,0.2324492186307907,0.030466273427009583
6,15031,41,0,1.0,moving to right hand side,53613c0d-b07e-4b22-b6ec-56dda26edc8f,6,0.1229812502861023,0.5382705330848694,-0.4152892827987671
0,15032,39,0,1.0,The lighter dot seemed to be chasing/following the darker dot,19c65966-3d88-4851-afe4-ae34c498748c,0,0.3391784131526947,0.06943023204803467,0.26974818110466003
4,15033,45,0,1.0,They grey dot was chasing the black dot which was frantically trying to get away,9dfa52b0-9e95-49de-bddb-e53316f2b4ae,4,0.395879328250885,0.09553294628858566,0.30034638196229935
6,15034,43,0,1.0,both dots moving towards the top left of the box,37b0c4a3-57d4-4b4a-9bf7-e4d2eb48cee6,6,0.11549486219882965,0.1844802349805832,-0.06898537278175354
1,15035,44,0,1.0,"They both moved left, then the grey dot moved right for a short time but before making contact with the other moved down",47505654-05f0-4b92-a9a3-978c80bda46b,1,0.14630798995494843,0.4104269742965698,-0.2641189843416214
0,15036,42,0,1.0,The grey one was following the black one,72e764e1-0b34-4efd-96db-5df7934b2395,0,0.24122068285942078,0.09898549318313599,0.1422351896762848
5,15037,46,0,1.0,Black following light grey to bottom left,816e0a69-dfb6-4a6f-8ffe-97d092e27835,5,0.10151243209838867,-0.014174865558743477,0.11568729765713215
0,15038,48,0,1.0,The black dot is backing the grey one into a corner,816e0a69-dfb6-4a6f-8ffe-97d092e27835,0,0.18773923814296722,0.09803397208452225,0.08970526605844498
6,15039,47,0,1.0,"The grey dot appeared to be chasing the black dot, and the black dot was making a constant effort to move further away from it",07cdb9d7-6577-428d-9498-8a7243527554,6,0.3033309578895569,0.1929553598165512,0.11037559807300568
2,15040,51,0,1.0,The black one cornered the grey one,bbdbec2b-0ce6-4f9c-ad2d-e6392388d4fb,2,0.26795628666877747,0.08580370247364044,0.18215258419513702
4,15041,52,0,1.0,Black dot was chasing the grey dot,c188e383-94d7-475e-9da5-6d1f0a1184bb,4,0.41489386558532715,0.06786013394594193,0.3470337316393852
2,15042,53,0,1.0,Drifting to the right and then up.,75182d69-6502-4d35-9298-e331061c7829,2,0.27725949883461,0.4137446880340576,-0.13648518919944763
4,15043,56,0,1.0,Grey tracking black dot directly,9dfa52b0-9e95-49de-bddb-e53316f2b4ae,4,0.21499085426330566,0.09696498513221741,0.11802586913108826
4,15044,54,0,1.0,black following grey up to the top right and beyond like takingoff,37b0c4a3-57d4-4b4a-9bf7-e4d2eb48cee6,4,0.20417341589927673,0.04786696285009384,0.1563064530491829
5,15045,50,0,1.0,grey dot was chasing black dot but could only go a single speed. the black dot was faster and could escape,53613c0d-b07e-4b22-b6ec-56dda26edc8f,5,0.30356496572494507,0.17992202937602997,0.1236429363489151
3,15046,57,0,1.0,they were moving more quickly to left of screen,19c65966-3d88-4851-afe4-ae34c498748c,3,0.16498003900051117,0.3016035854816437,-0.1366235464811325
2,15047,61,0,1.0,Black dot was following/tailing the grey dot,47505654-05f0-4b92-a9a3-978c80bda46b,2,0.25903621315956116,0.06696498394012451,0.19207122921943665
0,15048,60,0,1.0,"The black dot was chasing the grey dot. The grey was moving quickly and wavering around, the black was moving slowly and steadily in a smooth line.",49e5ac90-6e7f-4243-9552-8c4c10545895,0,0.36414945125579834,0.1535913646221161,0.21055808663368225
4,15049,58,0,1.0,Both fell towards the bottom right corner. Black started in the middle and fell less distance. Grey started a little right of middle but from much higher.,07cdb9d7-6577-428d-9498-8a7243527554,4,0.08632989227771759,-0.0015912869712337852,0.08792117924895138
1,15050,62,0,1.0,The black dot was chasing the grey dot,816e0a69-dfb6-4a6f-8ffe-97d092e27835,1,0.3894466459751129,0.06879428774118423,0.3206523582339287
1,15051,64,0,1.0,The black dot started going in circles and was the followed by the grey dot,19c65966-3d88-4851-afe4-ae34c498748c,1,0.17344385385513306,0.03326369822025299,0.14018015563488007
2,15052,69,0,1.0,it looked like the grey dot was trying to tag the black dot,53613c0d-b07e-4b22-b6ec-56dda26edc8f,2,0.17649959027767181,-0.015396380797028542,0.19189597107470036
6,15053,67,0,1.0,The black dot appeared to be following the grey dot.,bbdbec2b-0ce6-4f9c-ad2d-e6392388d4fb,6,0.1763056069612503,0.026950936764478683,0.14935467019677162
2,15054,70,0,1.0,"The dark dot was chasing the light dot, the light dot saw the dark dot a short while in",c188e383-94d7-475e-9da5-6d1f0a1184bb,2,0.311036616563797,0.014985507354140282,0.2960511092096567
1,15055,71,0,1.0,dots moving upwards- one following the other dot,72e764e1-0b34-4efd-96db-5df7934b2395,1,0.2319197803735733,0.27657395601272583,-0.04465417563915253
6,15056,65,0,1.0,they both moved toward the upper left side ,9dfa52b0-9e95-49de-bddb-e53316f2b4ae,6,0.15523886680603027,0.3470900058746338,-0.19185113906860352
0,15057,68,0,1.0,The black dot was following the grey dot into the corner ,37b0c4a3-57d4-4b4a-9bf7-e4d2eb48cee6,0,0.21517512202262878,0.05407489463686943,0.16110022738575935
2,15058,73,0,1.0,the black dot began to follow the grey dot,c188e383-94d7-475e-9da5-6d1f0a1184bb,2,0.1969730108976364,0.05568905174732208,0.14128395915031433
1,15059,74,0,1.0,the =dark dot nearly hit the light then turned,19c65966-3d88-4851-afe4-ae34c498748c,1,0.18256635963916779,-0.010453343391418457,0.19301970303058624
