,condition,subtlety,pred_startpos,pred_color,prey_startpos,prey_color,preyMimic_startpos,preyMimic_color,sceneKeys,metadata_flname,pred_clipID,prey_clipID,preyMimic_clipID,reps
0,chase,0,250,black,550,grey,,,PredatorPrey_subtlety_0_pos250_col0,37b0c4a3-57d4-4b4a-9bf7-e4d2eb48cee6,c27f55a5-fcdf-49d4-a52b-812346b110e7,c4cb964c-f679-4422-a4bf-c0cdff0961c4,,0
1,chase,0,250,black,550,grey,,,PredatorPrey_subtlety_0_pos250_col0,bbdbec2b-0ce6-4f9c-ad2d-e6392388d4fb,eb5ed204-866d-4926-9808-e30a26e12995,0059ba5c-e7b8-4c66-b4bd-1120a4e76f40,,1
2,chase,0,250,black,550,grey,,,PredatorPrey_subtlety_0_pos250_col0,c188e383-94d7-475e-9da5-6d1f0a1184bb,33da1543-4ae5-4628-82c2-4df8132caafe,932446bd-c627-4de5-8e59-2fb501e0b7a7,,2
3,chase,0,250,grey,550,black,,,PredatorPrey_subtlety_0_pos250_col13421772,07cdb9d7-6577-428d-9498-8a7243527554,f410c5f7-2f93-4c17-8de5-7a0d3ba2f499,c9b1f788-f6f8-4274-b888-14e2028510ec,,0
4,chase,0,250,grey,550,black,,,PredatorPrey_subtlety_0_pos250_col13421772,53613c0d-b07e-4b22-b6ec-56dda26edc8f,757e1360-422d-495e-8fc7-364454cd83f5,db23a516-f361-4966-8dc7-7fb9ce7b7325,,1
5,chase,0,250,grey,550,black,,,PredatorPrey_subtlety_0_pos250_col13421772,75182d69-6502-4d35-9298-e331061c7829,73686b0f-957e-4a4a-b25f-54a69965736c,b4220fe8-c5dc-4cc9-86e5-d99dea19a8ec,,2
6,chase,0,550,black,250,grey,,,PredatorPrey_subtlety_0_pos550_col0,47505654-05f0-4b92-a9a3-978c80bda46b,a4ec43ad-25c9-4ce1-af49-dfd47e09e96b,de48e0c4-8c93-4896-9deb-9ec836893487,,0
7,chase,0,550,black,250,grey,,,PredatorPrey_subtlety_0_pos550_col0,49e5ac90-6e7f-4243-9552-8c4c10545895,8f6bc926-dd14-416e-b2cf-47ec30dcabd7,aa15ff32-ed31-4678-b41f-08ac38897c9d,,1
8,chase,0,550,black,250,grey,,,PredatorPrey_subtlety_0_pos550_col0,816e0a69-dfb6-4a6f-8ffe-97d092e27835,8cd91e8f-b02b-4ffc-a8fe-ddcb37be72fd,6f408291-70b4-4506-b1b1-741d35d3c0d3,,2
9,chase,0,550,grey,250,black,,,PredatorPrey_subtlety_0_pos550_col13421772,19c65966-3d88-4851-afe4-ae34c498748c,4fce85fe-3961-4057-9c1d-90793022bc6f,7610a981-40de-44f3-83f2-0d84f5861dc1,,0
10,chase,0,550,grey,250,black,,,PredatorPrey_subtlety_0_pos550_col13421772,72e764e1-0b34-4efd-96db-5df7934b2395,2798df0b-f6bc-4207-aa74-c754cdb95321,5a0c882c-20fa-437a-a5f9-6db40a1b25b5,,1
11,chase,0,550,grey,250,black,,,PredatorPrey_subtlety_0_pos550_col13421772,9dfa52b0-9e95-49de-bddb-e53316f2b4ae,63e66f6a-bae1-4e3f-9c28-48fbacb35632,40baa4e3-b4b8-4d7e-ac76-fd78eb5e7f37,,2
12,chase,30,250,black,550,grey,,,PredatorPrey_subtlety_30_pos250_col0,0ea51ff3-f8ac-4d29-a981-0a167d74909c,15a15413-ad1a-4bf6-b20f-a8c5f5e42e1d,b24e13d4-3fa4-49c4-b729-ca1615546d6a,,0
13,chase,30,250,black,550,grey,,,PredatorPrey_subtlety_30_pos250_col0,69cbd581-b3e6-4aa9-8cc0-319380d1e9ce,423bf3d5-6167-4891-ab80-4bd99a1c02f7,d497786f-dbb2-44e9-a58b-2ad872ea1394,,1
14,chase,30,250,black,550,grey,,,PredatorPrey_subtlety_30_pos250_col0,c53236a2-f564-41ec-89aa-2bd90765b0a4,8db66784-525d-4a07-b059-f7cc1190a88c,540a3895-5f41-4de2-9c0f-93ac01752de1,,2
15,chase,30,250,grey,550,black,,,PredatorPrey_subtlety_30_pos250_col13421772,0a730462-ba50-4dbe-97c6-911f61a40346,50cd7c88-dc26-48f0-8075-7d1893ecb9bc,f62fd71e-5942-448c-8c11-3c5d02b0caf6,,0
16,chase,30,250,grey,550,black,,,PredatorPrey_subtlety_30_pos250_col13421772,31932267-3908-4599-ba56-ba5043757838,92c5a73b-ee74-4b2f-909f-1a97d277f789,30ca6649-25f2-4ee9-b9e2-d5751c8b7254,,1
17,chase,30,250,grey,550,black,,,PredatorPrey_subtlety_30_pos250_col13421772,c6499c88-e947-4ab5-8cde-3013da4d084f,1bd1195b-eaaa-49fc-9415-a35a1826d6d0,ba69f45c-f7fd-47bc-a0fe-3bbf4f799834,,2
18,chase,30,550,black,250,grey,,,PredatorPrey_subtlety_30_pos550_col0,17e4063d-b2f1-4406-8a8f-be7151fd23c1,7e5f6903-f197-4c5b-a3e4-a7a65c839868,c4bb35f6-1053-474c-9ebe-cade62b883f5,,0
19,chase,30,550,black,250,grey,,,PredatorPrey_subtlety_30_pos550_col0,a4bd654a-f8f1-44b4-907f-0114e1caa391,200d6f22-c160-4fa4-b3ed-74110571f953,cd3622f2-5a27-4213-ad70-1fc1c8ef9c96,,1
20,chase,30,550,black,250,grey,,,PredatorPrey_subtlety_30_pos550_col0,cf5e29cd-eacd-4164-96d2-05de1fad88ba,813c3661-b76e-43f2-93cc-579c171a1333,392243c7-00ed-487c-8e85-0f1c2a3361d0,,2
21,chase,30,550,grey,250,black,,,PredatorPrey_subtlety_30_pos550_col13421772,0b80e3d6-cded-42b9-b7ff-67c9cdbcb3c5,eeb9403f-c8c6-4e6e-a2e0-114253b4606e,2e615b20-5b61-4e4e-a28b-22fa399bd082,,0
22,chase,30,550,grey,250,black,,,PredatorPrey_subtlety_30_pos550_col13421772,57dbdc86-9c49-4214-a908-c4a254e90229,60069268-692e-484e-bea9-846ccb353aac,fb9d5162-0f87-47ce-8907-0958f046bfc0,,1
23,chase,30,550,grey,250,black,,,PredatorPrey_subtlety_30_pos550_col13421772,9093ecfa-6a76-4110-b88c-dd9330281781,dad9fe66-39cb-4be4-ae8d-cd1bfecb3ccf,7b48eded-9b4a-44b4-a036-e6585aac1f3c,,2
24,chase,60,250,black,550,grey,,,PredatorPrey_subtlety_60_pos250_col0,249089b6-ef6d-4ddb-973d-6d7b9d53baf8,45bc367e-af18-4045-ad88-63724203b0d9,5b53e544-17c0-4920-bca0-6cab93a73899,,0
25,chase,60,250,black,550,grey,,,PredatorPrey_subtlety_60_pos250_col0,35fbacfe-f7fd-45d5-9266-5f6631809d11,12bfcd77-9582-4455-afe1-858b50c95b99,dffffbcb-fcf8-4fe2-a365-b4ebad1b6cb9,,1
26,chase,60,250,black,550,grey,,,PredatorPrey_subtlety_60_pos250_col0,804f9681-f112-463c-a764-a40a823d6845,5225e3ed-3f5d-4c29-a360-f78ee61f678b,cfef9c98-9c70-42d1-9e0f-183313c26fbb,,2
27,chase,60,250,grey,550,black,,,PredatorPrey_subtlety_60_pos250_col13421772,7b3797d6-d4cc-4819-b3ad-adfd144217e2,962048de-75e9-491e-b8cc-add8eebf020f,e8c2f6e8-6c0a-4407-8460-ff3833e853a0,,0
28,chase,60,250,grey,550,black,,,PredatorPrey_subtlety_60_pos250_col13421772,91659665-5079-44c4-96c1-49da784170fa,0bf21131-6bc2-44c0-b4a1-657f351466ea,bbc80910-2e45-4ab8-be68-a0c81931430c,,1
29,chase,60,250,grey,550,black,,,PredatorPrey_subtlety_60_pos250_col13421772,adf2a5c5-86f0-4a90-976a-f3fdfdf528fc,402fb409-9ecc-4ca0-8a23-19f01399c7d4,c12875ed-db7c-4c8f-8b7e-f41ccaadf46f,,2
30,chase,60,550,black,250,grey,,,PredatorPrey_subtlety_60_pos550_col0,85aa46c9-fe72-469c-a4cd-96f72ab4ccba,3802f79f-5690-4a3a-b61f-6284692fa661,4a77a3db-171e-4bef-9c21-713fc0a6142e,,0
31,chase,60,550,black,250,grey,,,PredatorPrey_subtlety_60_pos550_col0,8d9b8961-4fb1-4413-b875-966e01b9963a,0c141264-b622-4225-9f62-6628bd45580a,0acbc296-743b-4773-a257-2e230756533c,,1
32,chase,60,550,black,250,grey,,,PredatorPrey_subtlety_60_pos550_col0,cca827ad-af9d-4cfd-ae71-7e028e3f8520,2414d9db-fe41-438a-9100-6c9c15d6e942,fc98f2eb-57c9-491a-a506-706f7c639574,,2
33,chase,60,550,grey,250,black,,,PredatorPrey_subtlety_60_pos550_col13421772,3273fde2-4b65-4cc7-b9b3-ef2604e8a514,92f4cb80-0609-42e8-a9de-7c4ebeb7c6de,88ec02d2-fa47-48e1-985f-9228c63662e0,,0
34,chase,60,550,grey,250,black,,,PredatorPrey_subtlety_60_pos550_col13421772,8bb5c4ad-b420-47c6-8e6a-c74a127a30ce,d15d5855-d298-416b-90e0-57cc39abdebb,93a48e9e-fb32-4c29-80bc-a7fbad8782bc,,1
35,chase,60,550,grey,250,black,,,PredatorPrey_subtlety_60_pos550_col13421772,a7fd07d1-e946-43a4-882d-0b3b7882ed21,39bc20be-ebe6-4ae9-a15d-9e63e955c509,61292fef-b653-4440-a282-ec4191c50009,,2
36,chase,90,250,black,550,grey,,,PredatorPrey_subtlety_90_pos250_col0,22162d51-e2bc-4fd2-af29-7d21f36eca1d,851899fb-3d92-4073-8e7e-f57519951d96,ac0b1911-61d8-4664-8a2c-a91d0449bddc,,0
37,chase,90,250,black,550,grey,,,PredatorPrey_subtlety_90_pos250_col0,42ffed3d-edac-4ca7-9b33-6f525cb7c364,d724b38c-b930-4c50-ba50-031a41e8d248,bc7584cf-f986-4d95-829d-9bc35466bf90,,1
38,chase,90,250,black,550,grey,,,PredatorPrey_subtlety_90_pos250_col0,68c0fec8-cf83-48bf-8079-a5f414fe7504,2b7a7e25-858b-4c04-bf8c-1233a1625956,e02b07d3-d789-4b9e-ac04-6420997a6a98,,2
39,chase,90,250,grey,550,black,,,PredatorPrey_subtlety_90_pos250_col13421772,06f1dd04-cfbc-433c-9833-32cdb01c0683,2e1f98b2-1a90-4b9b-ab56-0819ad9a54cd,e10030d4-832b-43aa-b21f-9b9864350054,,0
40,chase,90,250,grey,550,black,,,PredatorPrey_subtlety_90_pos250_col13421772,1841b8a9-ff1d-481d-80de-2134f2461e8b,36e3ba50-cf3e-431d-9dab-8a5d6cde086c,22a6fe46-275d-4819-ab7c-14c591881f09,,1
41,chase,90,250,grey,550,black,,,PredatorPrey_subtlety_90_pos250_col13421772,a8c7fb1b-9db5-4f8f-a05c-2ea241668e0f,60e3bd69-ef41-4413-92c5-948b7fcdc531,d9ee86a1-a3cf-415c-8175-17de626df2ab,,2
42,chase,90,550,black,250,grey,,,PredatorPrey_subtlety_90_pos550_col0,16088d09-c11d-4b03-8c77-f92a33554c1e,a1115ec8-915f-4769-bf97-c704d22a9a3f,bbba1c74-cd56-4be1-b386-0c35d8d17bbf,,0
43,chase,90,550,black,250,grey,,,PredatorPrey_subtlety_90_pos550_col0,1d4805c2-68cf-415b-af2f-f7c0564b59aa,c2ee5b18-8cd2-416f-acbe-e84bce815bf5,ee488afb-b9ef-4222-b7c4-abe0dcbcb909,,1
44,chase,90,550,black,250,grey,,,PredatorPrey_subtlety_90_pos550_col0,89ce6bb6-b2cb-44cb-ba57-d78ab0224625,5e50a97c-3de4-4c45-9d0d-556e2848bfcb,b2d77441-9824-44c3-a5d4-d90d9470d5f0,,2
45,chase,90,550,grey,250,black,,,PredatorPrey_subtlety_90_pos550_col13421772,7d6cad69-203a-49a4-9c6e-b0423a669e50,0f54f46a-8560-401a-a20c-a90a01971c16,c5ab4255-788c-4bee-89d6-b20193587c80,,0
46,chase,90,550,grey,250,black,,,PredatorPrey_subtlety_90_pos550_col13421772,c7f85153-52e8-4379-839f-9596d6a3ee62,d3cc9aef-09f4-482d-8105-38a83e952194,fbc0454e-27c8-4857-b9a9-39be66b2c6bf,,1
47,chase,90,550,grey,250,black,,,PredatorPrey_subtlety_90_pos550_col13421772,ceedd529-39a5-4c29-8103-d6ac89521de6,3eef92ff-d7ff-4e7e-b04a-19369b331c9d,38e919a3-4492-4bb2-bfd7-72f4d50c495c,,2
48,chase,120,250,black,550,grey,,,PredatorPrey_subtlety_120_pos250_col0,5d84c995-f49b-42d0-bf89-eb7f4bfcb1d4,e6446b77-b2ab-4204-a733-d7ad8ca8be8c,67a0e4ed-ddaa-47d9-90d6-cdb2968b2f99,,0
49,chase,120,250,black,550,grey,,,PredatorPrey_subtlety_120_pos250_col0,7da9ad01-3df5-45e9-8edf-4af0795536e1,6a1aaaeb-058b-4a9f-af07-9a5c1908caf3,f63c24ec-d497-4b2f-a1fd-6ee71a4bde15,,1
50,chase,120,250,black,550,grey,,,PredatorPrey_subtlety_120_pos250_col0,94a4e86e-f727-4ed5-85c3-c9ab9c1c8e73,c94b676a-0154-4d9b-aea4-f044cb399a51,fa7d8bc4-a854-4f0a-99b7-edeb400b4fbb,,2
51,chase,120,250,grey,550,black,,,PredatorPrey_subtlety_120_pos250_col13421772,1bc0b0c8-e058-4a68-bdab-65b544a8848d,ee631d1a-f736-43f7-8203-cf808e361e3e,6741d0e8-aa41-476f-bb23-ffba395dd274,,0
52,chase,120,250,grey,550,black,,,PredatorPrey_subtlety_120_pos250_col13421772,87b8564c-7590-4001-b1e8-6f26c4e4bf8a,62a48c5a-4f69-48c5-84b7-134627ffb9a6,dfe59e2d-417d-49a2-b577-c42943f81ac0,,1
53,chase,120,250,grey,550,black,,,PredatorPrey_subtlety_120_pos250_col13421772,9996b324-9da6-4bd7-a5d5-305513d257ce,fd8bc1d6-d80b-4e7b-b5e7-812d8a4bc990,0a211df2-ec52-453e-a441-33f2174eb9fa,,2
54,chase,120,550,black,250,grey,,,PredatorPrey_subtlety_120_pos550_col0,3d2cbd5f-05d3-4457-8c01-5b302d4c5de7,01668adb-86a0-49d6-8616-44e2217be8ae,78092ada-715e-4ba4-a2e6-3356d68c16ed,,0
55,chase,120,550,black,250,grey,,,PredatorPrey_subtlety_120_pos550_col0,6480385b-e9eb-45a9-88e3-aade6c90476d,9e1c68de-ea73-498a-aea5-ca21c1dae17b,5aeaa7b9-8bbf-4c8a-a81c-90c25a27e6ca,,1
56,chase,120,550,black,250,grey,,,PredatorPrey_subtlety_120_pos550_col0,987cd79f-7d6a-426b-8983-8bee8675f0ba,252edab5-d9ae-4a24-b5cd-eeb6dfec457f,c8a6d10a-81fa-4223-a087-1665bb8dd4dd,,2
57,chase,120,550,grey,250,black,,,PredatorPrey_subtlety_120_pos550_col13421772,5d69d5c8-83dd-43c4-be85-f1c2ff45960d,2d078c52-d6f5-4e71-b0a2-9d79bc3a1e4a,fd5f310b-ece2-4930-aebf-794234cf4c8f,,0
58,chase,120,550,grey,250,black,,,PredatorPrey_subtlety_120_pos550_col13421772,a68cb7dc-2812-45a9-b8f6-862ff43630fb,beb88a62-8047-409a-836c-ecdd6f42af21,619bc5bb-4a3c-41a9-bd8c-2e8623393845,,1
59,chase,120,550,grey,250,black,,,PredatorPrey_subtlety_120_pos550_col13421772,b7261f19-79df-4505-b935-0cb890ebda9c,eea24f81-abd9-45a5-844f-3e4b5eb60f2e,49c94398-f9a1-4743-8db1-4f4278aed909,,2
60,chase,150,250,black,550,grey,,,PredatorPrey_subtlety_150_pos250_col0,1247c2a3-9c1a-478d-ad2b-6640715d76a4,1b9ca865-15d1-48ab-bf8b-b09a995438d8,535142f9-172a-46e0-bcd9-69a233d63e3d,,0
61,chase,150,250,black,550,grey,,,PredatorPrey_subtlety_150_pos250_col0,2a1ab94f-201b-4fa2-9947-1eab7365fb0f,ddf1cf7d-61bf-40f3-b32f-5f88b16c9a90,8ae88171-12d5-4e8a-b714-b4cd2462bad5,,1
62,chase,150,250,black,550,grey,,,PredatorPrey_subtlety_150_pos250_col0,7e113c5d-92b4-4c01-9588-dae0fb76eb5f,aded9ff7-4c60-4ccb-b89b-457429a5dc9d,c28c9aa8-a142-4abd-b395-f1682931c74c,,2
63,chase,150,250,grey,550,black,,,PredatorPrey_subtlety_150_pos250_col13421772,18487641-212a-4e1e-8730-31709d721382,898a7f53-448c-40e8-a747-f9640e2d9650,fa74d9ad-063f-4930-9ac2-74df13270df4,,0
64,chase,150,250,grey,550,black,,,PredatorPrey_subtlety_150_pos250_col13421772,275adee0-f228-423e-816a-e5e70b874bf3,8afaccbe-b6fe-4f22-a242-8ad77a0e1522,a3e713d4-a92f-4542-967e-bb658ed08b16,,1
65,chase,150,250,grey,550,black,,,PredatorPrey_subtlety_150_pos250_col13421772,9c46112a-3307-42b7-8386-bdf38ba679af,226c7c7f-295c-4e5e-8e48-73b75bf4afca,64c7f334-42ee-4b2a-b121-c9229d29ae86,,2
66,chase,150,550,black,250,grey,,,PredatorPrey_subtlety_150_pos550_col0,14f7fa8d-a7a5-4171-bdbf-8a076fb08d9c,d8b54512-87a8-41bb-96f9-a0788810b935,67d66ea9-7dd8-4336-ba9e-73696be192ce,,0
67,chase,150,550,black,250,grey,,,PredatorPrey_subtlety_150_pos550_col0,4cd79935-2124-4c73-9bff-ce0554f08119,b1b82358-975d-408d-ac53-fd49c1c1a81d,4d755746-fa3f-4294-8812-ae7ae79fa494,,1
68,chase,150,550,black,250,grey,,,PredatorPrey_subtlety_150_pos550_col0,5744f837-93bf-4eba-bddf-e630dedf974e,555dde6a-4eaa-4270-979f-3bfbc0753ee5,da2745ec-3063-4db9-96d6-8f7736fc7e8f,,2
69,chase,150,550,grey,250,black,,,PredatorPrey_subtlety_150_pos550_col13421772,10a07293-2c74-4b8a-bbef-b0f436cde5fb,d5c05e70-a3ef-4574-bd95-1cca5beb962b,d334bad5-68b4-45b0-80d3-bed606ab7d14,,0
70,chase,150,550,grey,250,black,,,PredatorPrey_subtlety_150_pos550_col13421772,4270e833-4dad-483f-85cb-3dee1fccc571,e0dab3da-ddc2-4920-9f5a-b93a497e3e26,ec0da91f-cb57-434a-a91e-96f0cde96bb3,,1
71,chase,150,550,grey,250,black,,,PredatorPrey_subtlety_150_pos550_col13421772,99fed5db-be9d-4d5f-8fef-1baaad5f1b70,7112c97a-71a9-4c49-80ab-9e9b7c690745,6e9c8e57-c126-44ef-b95a-6e07d0cb3528,,2
72,mimic,0,250,black,632,yellow,550,grey,"PredatorPreyMimic_mimic_0_preyPos632, 580_mimicPos550, 300",65ae3786-93f4-4878-bcfe-7cee118774dc,f7bb0853-40de-4e93-858e-d9bf7fd46011,58456ee0-9927-4fc6-ae39-f530e168046d,871596a6-9f3a-4207-aada-4fb70564308c,0
73,mimic,0,250,black,609,yellow,550,grey,"PredatorPreyMimic_mimic_0_preyPos609, 354_mimicPos550, 300",a0f0c207-c5ff-40e5-a612-66cc47e3aca2,4b8483ee-29da-4bbe-8cb4-4fbdb07d687b,68454232-b25f-4802-ac05-f6b4bd215ec3,3047f1e9-24e5-4e77-b747-65a2b02bfda0,1
74,mimic,0,250,black,726,yellow,550,grey,"PredatorPreyMimic_mimic_0_preyPos726, 439_mimicPos550, 300",d9b1d24b-8e48-46f4-a110-6e0eaa636dd5,9702f2a4-3bd5-4e0b-b5bc-0c19416cbb86,d7d082df-5bdb-47af-92ee-21d68416473f,c21216f8-0e88-4f74-981b-c2716652a583,2
75,mimic,0,250,grey,750,yellow,550,black,"PredatorPreyMimic_mimic_0_preyPos750, 217_mimicPos550, 300",00efb6ff-56f7-4917-9518-d8ff1ed4d352,b34b0367-0352-4d86-ab3c-638055c84fd7,dc959e8a-6529-4c88-9f39-3211f0b8bf4e,62870a31-67f8-4853-9ada-d0fa0e0b7acf,0
76,mimic,0,250,grey,503,yellow,550,black,"PredatorPreyMimic_mimic_0_preyPos503, 102_mimicPos550, 300",1133544c-e02a-40fa-8f0e-321e09bfaf18,00d3a6f8-2dca-4979-b57c-eb4208eb0583,8bb9399e-c5e1-4fee-9c76-db0d005e8e91,83860010-c0c0-4170-ad2c-86831119de5c,1
77,mimic,0,250,grey,768,yellow,550,black,"PredatorPreyMimic_mimic_0_preyPos768, 67_mimicPos550, 300",1b715dd0-d113-4da2-bf60-7a9f9abdbe20,b3eb4feb-a59f-4212-92f4-1252fc6e97ee,aaed94f1-c105-4865-9cf9-8d5b7f897de3,f4b39a05-23e2-491c-a2ef-dab18aa1d13f,2
78,mimic,0,550,black,54,yellow,250,grey,"PredatorPreyMimic_mimic_0_preyPos54, 186_mimicPos250, 300",5de53504-97fe-436b-ba5c-5bfff70f79fe,b29bcdf5-49ab-4b18-ad3e-a54693c05ee5,cc307b17-849e-409b-8a01-68ddea83e8a4,659cd720-542d-435a-844d-3249b61952b1,0
79,mimic,0,550,black,293,yellow,250,grey,"PredatorPreyMimic_mimic_0_preyPos293, 287_mimicPos250, 300",64673679-e709-4919-9505-54ee39e19ae5,28f033b4-a911-4024-9d63-f44cf0db468d,d68a9490-54f7-43c4-ae91-766a17a4622f,338c917d-0cd4-47c1-873a-687046d1b7b1,1
80,mimic,0,550,black,606,yellow,250,grey,"PredatorPreyMimic_mimic_0_preyPos606, 142_mimicPos250, 300",a95096ac-e30b-4f2f-a457-133bcf21a9ec,4a99e7eb-4132-4e68-873a-b183c5a5f51b,61fc0669-a077-4e3b-abb7-de7f1fe3b786,5ef6ea80-579b-4f22-b49c-359bd4751a3b,2
81,mimic,0,550,grey,160,yellow,250,black,"PredatorPreyMimic_mimic_0_preyPos160, 331_mimicPos250, 300",1046d4b0-4bd4-4ae8-a4f2-949e08b5aa4a,a53921a5-2676-4f2e-b541-93e7e7df7583,110fff16-8c10-44bd-9769-642ed73af3da,fb57a11d-1638-4ba6-9c3a-a8cf64a3d539,0
82,mimic,0,550,grey,628,yellow,250,black,"PredatorPreyMimic_mimic_0_preyPos628, 502_mimicPos250, 300",3a6f58b9-a472-480a-a6fb-8d825894f11a,246b43af-259a-4106-a303-5c07e9c1a153,d96dfd43-441b-40c3-9097-9b106c10d7af,4619ec32-6f30-4c4b-b563-481729d1d6d8,1
83,mimic,0,550,grey,310,yellow,250,black,"PredatorPreyMimic_mimic_0_preyPos310, 414_mimicPos250, 300",b85aade3-1e8e-46a0-b961-0996e87792d3,92502959-71ff-45d4-806c-87f99bd02752,0f018276-49c2-474e-bcda-38daa9ff4f17,59ae1bb7-3f0b-42b0-82e4-5b2931a2d7d2,2
84,mimic,30,250,black,474,yellow,550,grey,"PredatorPreyMimic_mimic_30_preyPos474, 422_mimicPos550, 300",8a3a6cd1-3183-4bfd-8414-818cba62218a,f935e85b-efac-49ff-9f9d-68090f44c1df,c1b64c76-67ca-4822-9c26-685783e12ec7,8ee92954-5958-41ed-abc9-03e0a41f9cfa,0
85,mimic,30,250,black,726,yellow,550,grey,"PredatorPreyMimic_mimic_30_preyPos726, 439_mimicPos550, 300",97de9f66-be0c-4b66-bed1-c5f85d360d26,ba935a52-7b8b-4b7e-a1cf-1af70eb6c4e9,387ee1b9-2bd7-45fd-b521-c417dd64743c,934773ca-9907-405d-99c1-e521a359079f,1
86,mimic,30,250,black,TO BE FILLED,yellow,550,grey,TO BE FILLED,TO BE FILLED,TO BE FILLED,TO BE FILLED,TO BE FILLED,2
87,mimic,30,250,grey,503,yellow,550,black,"PredatorPreyMimic_mimic_30_preyPos503, 102_mimicPos550, 300",5d03f888-af19-414e-95d1-aa95f64cd8b1,4188541f-bf75-49e5-8f7c-2c525fc691c7,4956430c-4f92-4dc0-afe4-e0acce99cc07,66a77f25-00a5-4875-891f-cc635bfdb653,0
88,mimic,30,250,grey,417,yellow,550,black,"PredatorPreyMimic_mimic_30_preyPos417, 525_mimicPos550, 300",806dce3c-11e6-49c6-8451-980c12e415b0,1e6c121e-dc33-4554-92ad-b145f078db8e,30c21534-8bec-4388-ae88-59196b2d5057,fcba7cba-1831-4dca-8c40-b77c4b9260e1,1
89,mimic,30,250,grey,750,yellow,550,black,"PredatorPreyMimic_mimic_30_preyPos750, 217_mimicPos550, 300",ed0ef852-3813-4796-8ef5-3a8bbef06e1b,ea64b183-e2cb-48f1-bfbb-9ac4f806ab24,0828312c-639b-403d-95b7-a553c6bce071,6eca40b1-1768-4c01-bb00-287c1b4428e8,2
90,mimic,30,550,black,374,yellow,250,grey,"PredatorPreyMimic_mimic_30_preyPos374, 95_mimicPos250, 300",01f19557-63b1-449b-9a8f-a53ade764686,23ec7ae6-36ba-4c49-9bfe-e12e08e99e9a,138811c8-825f-4fb9-9e03-f196a0307af6,af01aa9d-45cb-43c0-8bba-e90583b7c332,0
91,mimic,30,550,black,293,yellow,250,grey,"PredatorPreyMimic_mimic_30_preyPos293, 287_mimicPos250, 300",21748d3e-0170-41a6-9116-15a56c49d9be,bcecddfd-930f-4e5f-87c1-2aba443d5439,75206460-f8bc-470c-b75e-1fa7043adc6e,39cb5222-bc8f-4e1f-9166-d4da4db7e12a,1
92,mimic,30,550,black,606,yellow,250,grey,"PredatorPreyMimic_mimic_30_preyPos606, 142_mimicPos250, 300",d23dc934-a2e5-4952-b5f2-7acd20fccd30,06ab3ee6-ae47-4f60-9556-ab23a70cf4a3,0ef65ad6-0e09-47f6-9d61-4d7f53ebe367,3dea8b44-38a3-4af2-b9d1-ed487f3a9fa2,2
93,mimic,30,550,grey,310,yellow,250,black,"PredatorPreyMimic_mimic_30_preyPos310, 414_mimicPos250, 300",4d01a600-7cc9-4842-a764-7e542e49b2ff,fd5e99f8-6fa6-4343-888c-93081b594a4e,944b9b6a-51cb-480e-8049-9ead26adc42c,04b67aaa-4106-49a5-8c25-9c9ede834e69,0
94,mimic,30,550,grey,160,yellow,250,black,"PredatorPreyMimic_mimic_30_preyPos160, 331_mimicPos250, 300",7c6817dd-b767-43f6-ac68-0526e98a6d9e,63bdaa0f-532f-4bf6-b918-71a5711fb2f9,a8ba1da1-b789-4154-ba35-a380e1e40cc9,9a6340a4-84ad-4495-8dc5-ca2ded78c651,1
95,mimic,30,550,grey,554,yellow,250,black,"PredatorPreyMimic_mimic_30_preyPos554, 186_mimicPos250, 300",aafa2477-e6f8-4a3c-83f4-90e901459a0a,4eb850a8-7680-46be-b93e-5b3129c425c5,bfd31aa3-2920-419b-aef6-33409b109484,b689f186-6939-42d0-91c3-8cf777df6db1,2
96,mimic,60,250,black,474,yellow,550,grey,"PredatorPreyMimic_mimic_60_preyPos474, 422_mimicPos550, 300",3587071e-4537-406c-83f0-d8803f077fd2,5869683a-b423-4cdb-9767-d86b62b96e5c,5ae71e18-da76-4766-b6f4-1e7a3dfaf52b,3a3cc57d-d36e-40dd-a6bb-b09db7d4c47e,0
97,mimic,60,250,black,726,yellow,550,grey,"PredatorPreyMimic_mimic_60_preyPos726, 439_mimicPos550, 300",392a11d5-d101-452b-abbe-2fef6327567b,47e010aa-ecc5-445b-a46a-ad3d347e3ce8,9653ce44-f4d5-4a1e-9dcd-fec4b48d1e34,d4770dc8-186b-41bb-9070-1eb93314fcb3,1
98,mimic,60,250,black,609,yellow,550,grey,"PredatorPreyMimic_mimic_60_preyPos609, 354_mimicPos550, 300",7a0667e7-8139-4401-ac54-a32c486101b1,160b2e2f-964a-4ce7-8398-80b0b6b076f0,d30d13e9-d1b2-4173-9872-3a7c960c6d3d,10ad2db1-2b2e-46eb-912b-5abbe5680aa0,2
99,mimic,60,250,grey,768,yellow,550,black,"PredatorPreyMimic_mimic_60_preyPos768, 67_mimicPos550, 300",3a9ac477-b8f9-4d19-bc88-0a1c0b7de6a8,96ba8354-9e7f-4925-8d0f-11deba68e91a,131b86ac-546d-41e2-af42-8d3306324b9f,9f93be79-2293-46a4-b771-cb0dfc028766,0
100,mimic,60,250,grey,750,yellow,550,black,"PredatorPreyMimic_mimic_60_preyPos750, 217_mimicPos550, 300",8cfd37b4-08d1-4e73-97c4-bd994a4110f9,68f8bd07-52fe-4a06-bdd2-c38f78662ca0,db0e4e2a-9d51-48eb-9726-310e3c3dfe3b,24b2b6ad-f6b0-4ff6-9621-e6a89853e87e,1
101,mimic,60,250,grey,503,yellow,550,black,"PredatorPreyMimic_mimic_60_preyPos503, 102_mimicPos550, 300",ab00d160-e81d-4e88-8498-f20c2da7c451,00ee8591-7a49-48c7-b936-0c86d6590068,0033178b-71ef-4a9e-b9bb-d584cadbcb79,0710b8e8-3d6f-4c6c-acc0-7d80d2499caf,2
102,mimic,60,550,black,374,yellow,250,grey,"PredatorPreyMimic_mimic_60_preyPos374, 95_mimicPos250, 300",4f077c82-959e-43e6-9381-8f6126e6ff29,5dcceef8-a1c6-40a6-a760-61bc981f8eba,6f52f25f-262c-4352-b025-dfeeab8c7d40,18a8bbb3-97cb-4247-894e-beb3fa8dcde9,0
103,mimic,60,550,black,606,yellow,250,grey,"PredatorPreyMimic_mimic_60_preyPos606, 142_mimicPos250, 300",6418590c-6f2d-4615-be2c-7e81c50991d2,e4fed41a-7d8b-43f5-bbf2-24f90ad7e69c,80986996-858b-4c10-976f-c1856e26c10f,12e95813-5d33-49dc-8874-a656cfb52e76,1
104,mimic,60,550,black,293,yellow,250,grey,"PredatorPreyMimic_mimic_60_preyPos293, 287_mimicPos250, 300",a0907c50-1e49-490b-8fe4-a28c4b3b8be6,afaa506e-59da-47ec-82c8-3e10985fb383,36c39653-90dd-4166-b9d5-e541ac0a6191,34471d9c-f834-406e-81ec-5a81f3e133b5,2
105,mimic,60,550,grey,160,yellow,250,black,"PredatorPreyMimic_mimic_60_preyPos160, 331_mimicPos250, 300",286e3344-db14-477e-ad2f-4aaa462d29bf,3a28a353-0383-4f05-873c-43bae2614926,1d9376dc-39e4-4db3-b889-2804ce2f0213,45e5050c-1a71-4fea-8955-3dcf9d73b3aa,0
106,mimic,60,550,grey,554,yellow,250,black,"PredatorPreyMimic_mimic_60_preyPos554, 186_mimicPos250, 300",4e646db4-2eff-4502-93e5-442efafc7747,be7c8b76-102c-4ccb-bdee-2ce3a4eee499,8cb81407-73fc-4f8f-8c71-a8b4abaead43,9c4b6a11-8294-4ade-9937-f4232a2ebdfe,1
107,mimic,60,550,grey,628,yellow,250,black,"PredatorPreyMimic_mimic_60_preyPos628, 502_mimicPos250, 300",c03f6639-c5f0-4ded-bb0a-19a112cefe1c,26509a9a-970b-48f9-b685-97ecd0591d47,517eb163-eb9d-4850-b57c-35520b2178d3,f02dd2e5-38f7-4818-9d7b-8371f8261f2e,2
108,mimic,90,250,black,632,yellow,550,grey,"PredatorPreyMimic_mimic_90_preyPos632, 580_mimicPos550, 300",3929e9d5-259e-48e5-8556-ce09d3298e6b,990a8e67-ae71-467d-8f4b-83e225c9a7ec,396e79a1-de8c-4c81-9567-9a2cab008481,0b85e871-3ffc-4c77-9f4a-fe62a400f680,0
109,mimic,90,250,black,609,yellow,550,grey,"PredatorPreyMimic_mimic_90_preyPos609, 354_mimicPos550, 300",4e280da8-2f53-4fdf-81ca-f8372b757f6e,63b83623-4e4f-4b32-af63-67549a9a3cdd,46a06465-22b2-485c-8fea-e0153b02ac88,64f6403e-86e7-4a7a-bedc-2f668af6820a,1
110,mimic,90,250,black,474,yellow,550,grey,"PredatorPreyMimic_mimic_90_preyPos474, 422_mimicPos550, 300",866a8867-d05f-4a43-a450-97e5fd6015f8,9cc7e191-2493-4751-8b13-365e618dfbd7,156a947f-8d83-4536-9864-8e85f3fc8a43,bb24594c-29ba-4107-b978-6fe70407d9e9,2
111,mimic,90,250,grey,750,yellow,550,black,"PredatorPreyMimic_mimic_90_preyPos750, 217_mimicPos550, 300",4c50352d-2e1e-4e2e-ad43-613002422011,19cc6ff0-b2a8-40f4-864e-cf04c846ed1d,ecc2e4f6-129c-432f-ade4-9d19662e786e,505fe4bb-6c69-442a-becb-f07a88934e31,0
112,mimic,90,250,grey,768,yellow,550,black,"PredatorPreyMimic_mimic_90_preyPos768, 67_mimicPos550, 300",7e4763cb-3bf2-48e1-a717-5314c5f41fa6,7a4ec318-4579-4a3c-9e3c-a22902d1ec6e,61b665ea-dfb0-47dd-832b-ebc14c90027b,2e8380fe-7f6b-46e4-8a24-9d1cd6148312,1
113,mimic,90,250,grey,503,yellow,550,black,"PredatorPreyMimic_mimic_90_preyPos503, 102_mimicPos550, 300",7fa729b4-a76f-4d75-a22b-3ecddb220ae0,c640d71d-5324-42ef-b02f-201c4a1c0d54,95bb1feb-f268-46ff-b9fd-d10b7eca84e3,561486cf-dfd1-41ce-b460-fb144f0e419a,2
114,mimic,90,550,black,606,yellow,250,grey,"PredatorPreyMimic_mimic_90_preyPos606, 142_mimicPos250, 300",3e4850f1-08eb-4b7f-a253-925d01b19b55,35e4ecab-f673-4295-a213-38b9f05931bc,150274b4-8f57-4381-a449-fc8f9f6b30af,a52023d4-e95d-45da-9ff4-cef56e17a4b2,0
115,mimic,90,550,black,374,yellow,250,grey,"PredatorPreyMimic_mimic_90_preyPos374, 95_mimicPos250, 300",9ae052c1-4a6c-41ec-a1d2-e991b9c454c8,e6e8649e-7be4-43f6-8b55-d62d2d9a7dd6,2fce26fc-02ae-4581-9eba-e2050f21b134,f5847172-07c3-4938-a2e6-fac3dbcb8a49,1
116,mimic,90,550,black,54,yellow,250,grey,"PredatorPreyMimic_mimic_90_preyPos54, 186_mimicPos250, 300",b04bf045-4291-437c-b53e-6d779af76038,9e9d13e4-afd8-449b-a9e1-009051363b1c,72defcf1-8831-414c-9b6b-6e0e602d0d89,2e78cb81-1b28-405d-8010-a2cd51e5a895,2
117,mimic,90,550,grey,628,yellow,250,black,"PredatorPreyMimic_mimic_90_preyPos628, 502_mimicPos250, 300",0363101f-8ad9-4b32-a49c-743a28904a0f,cd2ed801-4503-49d9-953b-9b7ac2e482d4,32028696-3e0a-4bc9-bbb4-8cf40467c4f8,ae923cf2-607c-494f-97a8-e4c5bb5b933c,0
118,mimic,90,550,grey,160,yellow,250,black,"PredatorPreyMimic_mimic_90_preyPos160, 331_mimicPos250, 300",908170e2-ae62-4685-8bcd-9089e16e95f2,1a95e3ff-906b-46d4-bb37-495727ddfb60,be02354e-78c3-4d77-9ad8-63cc0ded588d,78584e69-322d-4aa7-9894-6e8a83e9a730,1
119,mimic,90,550,grey,TO BE FILLED,yellow,250,black,TO BE FILLED,TO BE FILLED,TO BE FILLED,TO BE FILLED,TO BE FILLED,2
120,mimic,120,250,black,632,yellow,550,grey,"PredatorPreyMimic_mimic_120_preyPos632, 580_mimicPos550, 300",2f9adc31-096c-49c5-ad0e-45cea6c1a263,bf71a573-e7f9-4170-949f-36f645f52047,6ddd31d5-af48-4c79-b0dc-1658e6300fc0,60362403-3a02-4bcd-9284-d4904783d56a,0
121,mimic,120,250,black,609,yellow,550,grey,"PredatorPreyMimic_mimic_120_preyPos609, 354_mimicPos550, 300",4284d8dd-a24d-4019-8d51-ef5ea25d433a,35cf91b8-8630-4bbf-8a7e-76d73d482b78,f1b911c3-4f9f-43ee-b44e-bca2c2b8f275,3a7d4df6-99f4-46a1-b3e3-1baa0ad50c79,1
122,mimic,120,250,black,474,yellow,550,grey,"PredatorPreyMimic_mimic_120_preyPos474, 422_mimicPos550, 300",961ceaa3-bae4-42e6-9900-d61b3f7d2b6a,a0f89461-3e45-4ca4-9a90-8eb2990d4dce,c5142275-ee7f-4390-8540-c620b2e27e5a,b2e501aa-3f66-4e2d-b27d-3739ef13eee2,2
123,mimic,120,250,grey,750,yellow,550,black,"PredatorPreyMimic_mimic_120_preyPos750, 217_mimicPos550, 300",295886e2-8a24-4eb8-b749-f743b3f77e19,66a4ac2f-3e6e-4786-889b-f9a476c06d41,f60f6ca0-7362-4355-b892-6da0277fc33c,8efaa3ab-bd64-4c9a-bff6-272845c08567,0
124,mimic,120,250,grey,768,yellow,550,black,"PredatorPreyMimic_mimic_120_preyPos768, 67_mimicPos550, 300",7ed77af1-6d60-43c4-9657-fde7e23cdef5,440a085a-b4c1-4ca6-af3d-e3a7251887c8,4309a794-08ff-4f9a-8915-da9aa64d7389,9ba5e2e0-f3bc-4e48-a42c-833e87b716d7,1
125,mimic,120,250,grey,503,yellow,550,black,"PredatorPreyMimic_mimic_120_preyPos503, 102_mimicPos550, 300",c709d720-a41a-45e2-b3d2-08102ef0dd28,aba8d505-d796-4972-9022-1957fd6dc33c,8aa03403-feed-48b8-9dcc-255e9bf1b584,43bbc4e0-6e29-4bd3-a09c-785e399154d6,2
126,mimic,120,550,black,374,yellow,250,grey,"PredatorPreyMimic_mimic_120_preyPos374, 95_mimicPos250, 300",77f3b233-1f4e-4ff8-9aee-a2c7193d7655,1241df60-b79a-4ffb-88bf-c5f7fdfbc2fc,c05b6ae1-bf23-4e86-9588-0453beefbfb1,a9042752-03b1-4087-be96-fff1f8cafdb8,0
127,mimic,120,550,black,293,yellow,250,grey,"PredatorPreyMimic_mimic_120_preyPos293, 287_mimicPos250, 300",a5b2d14e-7379-437b-b4ce-1fc499a5afa1,8be95b01-0d06-436e-bd4c-8b6ff3e15133,008a6993-05da-4012-b66a-93550342f088,807e6d07-07f0-41aa-b87d-29cbbdfc1242,1
128,mimic,120,550,black,606,yellow,250,grey,"PredatorPreyMimic_mimic_120_preyPos606, 142_mimicPos250, 300",bf1806ce-f5bf-4267-9b59-9311a18bb8e8,0c0563df-fbe0-4544-aa79-04fd7e17e04a,7f94ede3-5e8d-42c6-9eb4-09bf1e775514,b4a9b21a-45a5-4a2e-8071-9d466be84856,2
129,mimic,120,550,grey,554,yellow,250,black,"PredatorPreyMimic_mimic_120_preyPos554, 186_mimicPos250, 300",6ccf7af8-e546-4b8c-9638-a8cfdc77fdb2,38e5230a-067d-4e1a-ba2c-ebfbcf1612e4,03c692a7-4ec7-4a44-aead-a8b89c817187,f795b7b9-96e2-4f5e-9a42-80fc2a93391c,0
130,mimic,120,550,grey,628,yellow,250,black,"PredatorPreyMimic_mimic_120_preyPos628, 502_mimicPos250, 300",701355d0-4ab7-43fb-a2dd-0392c7a45de7,24367d59-27c7-43ed-8559-99ded87926be,ce6c7d47-6aa2-4b3c-90a2-899918f33fb6,a8a7a9eb-9f1a-48a4-aa86-ac3821c145a7,1
131,mimic,120,550,grey,160,yellow,250,black,"PredatorPreyMimic_mimic_120_preyPos160, 331_mimicPos250, 300",ff27abe6-51d5-45ca-9b97-247bc5079e60,efb43e3d-a50a-448b-aa5e-5f53ffaaeda3,a2716dd4-a2c4-421d-8484-8c84bec45322,63369b0f-4c0a-4567-87c0-c0d209a2bea0,2
132,mimic,150,250,black,474,yellow,550,grey,"PredatorPreyMimic_mimic_150_preyPos474, 422_mimicPos550, 300",b4c4be26-aec9-443f-9bbd-25df99c2840d,07b6b2df-39aa-4c37-8666-9399ed9964f8,43aceeee-85d8-4449-b469-7d1cdf9c0c81,42b908ee-93bd-4830-8e72-1101bbfa70ce,0
133,mimic,150,250,black,609,yellow,550,grey,"PredatorPreyMimic_mimic_150_preyPos609, 354_mimicPos550, 300",df2b4818-3777-48b6-924c-bcd056405d46,a69fc45d-19cf-4e97-b390-d1ee27dc6482,760b3f78-eb48-4286-87db-c504f52d371c,8a2533a4-76c8-4e59-9aa2-74671bff59a6,1
134,mimic,150,250,black,726,yellow,550,grey,"PredatorPreyMimic_mimic_150_preyPos726, 439_mimicPos550, 300",e3a5008f-dda4-4675-824a-6b278e6ce08f,853f2a62-2ca4-4ecd-9868-5390b87a41fd,38662f67-fe25-4d47-a579-bd62c83f95dc,a258dba8-8ffe-4154-87dd-206305855d8f,2
135,mimic,150,250,grey,768,yellow,550,black,"PredatorPreyMimic_mimic_150_preyPos768, 67_mimicPos550, 300",1b31e266-55d6-4286-af68-8a316608fe1f,a0d722c4-18a1-440d-be83-2c833973e35e,2b4c805c-c248-4aa3-b22d-f743160bc7a4,5007dfa1-8630-45af-a0e7-a476c2c86b50,0
136,mimic,150,250,grey,750,yellow,550,black,"PredatorPreyMimic_mimic_150_preyPos750, 217_mimicPos550, 300",24c2e50f-6cd9-4181-bf15-db2e7239f3c3,a7060e4f-fc26-4b48-a346-ee9c98bd2d45,2d982497-9c3e-4bcb-8b40-ad98a343b90f,2021cdba-158c-4263-966a-50f9e567a108,1
137,mimic,150,250,grey,417,yellow,550,black,"PredatorPreyMimic_mimic_150_preyPos417, 525_mimicPos550, 300",61eee444-3c06-4628-b4f4-ff144eb1d500,53d6be21-9ffd-41d4-a2b1-4798b400013d,119c56ed-e5c3-4381-bed3-6c1a4da3c4e2,c122202d-19d5-4c76-8b29-226c4242fb99,2
138,mimic,150,550,black,54,yellow,250,grey,"PredatorPreyMimic_mimic_150_preyPos54, 186_mimicPos250, 300",4e1f0fd0-6be1-4dea-9769-9d52ec74cd81,fe39024c-80d8-449a-b978-f5ee3de29cab,d5e9fa3e-ac94-4268-a056-d1cc263d6fe5,cf46f0ae-7020-4f94-a090-bc5f1f4b9612,0
139,mimic,150,550,black,374,yellow,250,grey,"PredatorPreyMimic_mimic_150_preyPos374, 95_mimicPos250, 300",9e873205-feb6-41c9-980d-930f2850eaef,44933fcd-2637-4740-81c4-6658f12eaaba,5a77e4fa-d6f7-459a-9f53-1d1642261133,0712fb75-9893-478a-8f65-d4b0267838bf,1
140,mimic,150,550,black,606,yellow,250,grey,"PredatorPreyMimic_mimic_150_preyPos606, 142_mimicPos250, 300",a4025c10-2bc6-475f-b2bb-23992061eb07,69f1af63-5856-4b74-b70e-da3df21e44b1,9fbd19db-2dc2-48f5-9308-6a2037137bbc,286e0f64-370a-4ca1-8630-18bd76349e27,2
141,mimic,150,550,grey,554,yellow,250,black,"PredatorPreyMimic_mimic_150_preyPos554, 186_mimicPos250, 300",55f379fa-f719-4bdf-85a4-a15f0d03283d,7998c4af-9759-44fc-8789-16ef5c2e305d,2dad3579-9f0f-4811-8d89-d4109e5ad564,6c74c496-6848-443a-8ead-a2e23fe368bc,0
142,mimic,150,550,grey,628,yellow,250,black,"PredatorPreyMimic_mimic_150_preyPos628, 502_mimicPos250, 300",7bed8e1f-5a90-4a6d-a34e-009727a27581,f77cc863-1ad1-494c-a753-f8c7b870c71e,9a0fdf40-df7c-4698-a1d1-29e5d6357762,41662819-065e-4c32-aebe-9c5c33e3b84a,1
143,mimic,150,550,grey,160,yellow,250,black,"PredatorPreyMimic_mimic_150_preyPos160, 331_mimicPos250, 300",e9db5801-6830-4609-97a0-46296598a5b7,fc55d11c-d63c-4531-8ecd-66b3d59077c4,8309e3dc-36d1-40dd-b66a-f503f4dbe7ff,75a361d6-25b8-4cb9-b01d-e2ea13cb5253,2
144,wander,180,250,black,550,grey,,,wanderScene_pseudoPredator_spawnPoint250_colorgrey_rep7,00139b14-fa60-4af8-9eba-0b4965060c34,0ca32a2b-8fef-4e90-97f8-8b0b7864443a,f3af9580-b1d9-4f97-83b6-29ea1857589d,,0
145,wander,180,250,black,550,grey,,,wanderScene_pseudoPredator_spawnPoint250_colorgrey_rep0,12a3cd27-040f-4199-9edb-5cd4bb71b3d0,71a16265-589d-4370-b435-dd7b3734ab51,d296d47c-0a84-4e64-8802-96fc7d56538e,,1
146,wander,180,250,black,550,grey,,,wanderScene_pseudoPredator_spawnPoint250_colorgrey_rep10,21ca5095-0a92-499b-9d26-d8a5f4a0841a,5c1fcc55-daaf-443f-b312-d42b6d0c3c77,f5b8cf8c-9e54-4299-9ab9-529a21c12544,,2
147,wander,180,250,black,550,grey,,,wanderScene_pseudoPredator_spawnPoint250_colorgrey_rep2,5dbc75c6-6973-4ae1-aaf0-d3b84feb4723,be83047f-312d-4342-8427-fd3c7f4e146b,19cf1f2c-c38d-4cc7-8f37-220a88c0abbd,,3
148,wander,180,250,black,550,grey,,,wanderScene_pseudoPredator_spawnPoint250_colorgrey_rep0,70f615a0-31d5-42b9-a44b-f5746c0b41a8,017748dc-1d4e-414e-9afa-ffa246594d88,038ce6c1-fb02-411e-8be6-51bd1fd2dfcb,,4
149,wander,180,250,black,550,grey,,,wanderScene_pseudoPredator_spawnPoint250_colorgrey_rep8,b70d0259-cb69-48f1-b026-46452cf6e70f,e4803caa-c656-45de-931a-3210fad27ae8,aff5ba04-6436-4e52-a3b4-09f11548f637,,5
150,wander,180,250,grey,550,black,,,wanderScene_pseudoPredator_spawnPoint250_colorblack_rep3,124f53c2-90c6-4716-8221-e86088f8d257,16dcd8b8-407c-410c-90f9-a4e49847ba83,4c589fcd-4340-4be0-8a6e-446ff5e01202,,0
151,wander,180,250,grey,550,black,,,wanderScene_pseudoPredator_spawnPoint250_colorblack_rep9,1d35e834-4947-46b2-9cbd-816ea4587c6f,e2e8fcb4-1f24-4f43-9b05-080698e72dc5,83247839-cf29-4c50-84e3-9e0b00a3f3f4,,1
152,wander,180,250,grey,550,black,,,wanderScene_pseudoPredator_spawnPoint250_colorblack_rep7,46975d67-ead1-4d29-93d2-9fbd40dad49d,4bcbed19-b4d7-4c9c-bd25-f0c6cd1cfdc6,2dce683f-522f-4f79-869a-65fc559ee7c9,,2
153,wander,180,250,grey,550,black,,,wanderScene_pseudoPredator_spawnPoint250_colorblack_rep0,4a6f7598-dc16-47d6-987e-a48c1f938428,9b06f6c8-1e4f-45c3-9432-5c05e8157be2,50897149-2cc1-46e5-9a8f-6ce2514c7043,,3
154,wander,180,250,grey,550,black,,,wanderScene_pseudoPredator_spawnPoint250_colorblack_rep6,5ce017a9-f595-403c-a861-53e49993751a,0af98739-00ea-4323-af0e-dcb0b0f367b2,672c9735-1799-4fb2-aed5-6e778a11fef8,,4
155,wander,180,250,grey,550,black,,,wanderScene_pseudoPredator_spawnPoint250_colorblack_rep0,7bee52f4-919b-4633-b742-a0181f5f7f01,79c8b907-14c8-438d-81e9-e318ed1fbf97,56697b5a-22e9-44ff-867c-0ccfb084ab58,,5
156,wander,180,550,black,250,grey,,,wanderScene_pseudoPredator_spawnPoint550_colorgrey_rep10,0ea53c63-8350-4a50-8dec-ccbbf0e401dc,6bf8304e-4b72-4d8b-bd39-1cfd59e73894,57e9eb49-2e2c-44e2-a0bd-331b89e9e4af,,0
157,wander,180,550,black,250,grey,,,wanderScene_pseudoPredator_spawnPoint550_colorgrey_rep6,1c695094-312c-450a-ac7f-f994dabb958d,386dec5e-5d9f-4385-879f-1abb093b3564,55e398c1-f6be-4105-9a20-4e18dbac3176,,1
158,wander,180,550,black,250,grey,,,wanderScene_pseudoPredator_spawnPoint550_colorgrey_rep8,2d4bdbd9-d1de-4787-8cc8-a317b9d4c68d,3f46a7d5-f39d-477a-8c08-cafd4fac213a,2980f565-6a54-4861-a654-a76634335213,,2
159,wander,180,550,black,250,grey,,,wanderScene_pseudoPredator_spawnPoint550_colorgrey_rep7,4bc5af99-ede5-49ec-a929-d4fc6fae9b43,70fa8b84-d368-4323-b5da-e9884d4dba67,f8e35ee3-8e5e-459a-b299-f8e6027c08d7,,3
160,wander,180,550,black,250,grey,,,wanderScene_pseudoPredator_spawnPoint550_colorgrey_rep9,802575f0-631d-4eeb-9e49-3b401b11b953,a33ed994-2a47-4a58-90dc-1c4b64fb8323,2dae1954-2557-4769-997b-034155484c14,,4
161,wander,180,550,black,250,grey,,,wanderScene_pseudoPredator_spawnPoint550_colorgrey_rep4,977e0607-6332-4db4-ab12-9d17dce4dc85,15ff9c7a-190d-4faa-87ce-9e4e57074e3c,8599f4e9-f282-437e-b136-c1b7c45ed961,,5
162,wander,180,550,grey,250,black,,,wanderScene_pseudoPredator_spawnPoint550_colorblack_rep9,00ccc21a-d63a-41eb-8d3b-a2315d7b0d3e,acbf0711-0333-4447-b527-eeeed5f6fa88,993ec3da-531b-4d8f-9944-5e597add056a,,0
163,wander,180,550,grey,250,black,,,wanderScene_pseudoPredator_spawnPoint550_colorblack_rep7,2176e0c4-bf6c-4f4a-a64b-23825205a150,77d25261-da47-430f-b5fa-2525ff1b239c,c2f3d7ca-63b8-405d-86ae-677a6ba3cde9,,1
164,wander,180,550,grey,250,black,,,wanderScene_pseudoPredator_spawnPoint550_colorblack_rep1,27771508-6d61-4618-83ca-4bc020efddfe,587ad279-9451-4d98-af44-c9a8bf244d5f,5caa716c-c501-40cf-b1c6-5a1fe87a4a00,,2
165,wander,180,550,grey,250,black,,,wanderScene_pseudoPredator_spawnPoint550_colorblack_rep8,2cf66fb7-ab1d-466b-be40-d9f856dc213f,e1cd0daf-a333-4b82-9e90-37bf2f77ab89,6ffa985f-1b2a-4f59-93d4-01552f8571fb,,3
166,wander,180,550,grey,250,black,,,wanderScene_pseudoPredator_spawnPoint550_colorblack_rep0,68be0cf8-ea92-4566-b84a-cbd60b2e5547,c279e259-f440-49ea-95f7-b57eb64f17f3,4097602b-20d4-4907-99ff-3685c47a4c64,,4
167,wander,180,550,grey,250,black,,,wanderScene_pseudoPredator_spawnPoint550_colorblack_rep3,8af66fd7-6ab4-47a3-a88c-02fd34772ac6,18be8ca8-df76-419b-872b-caa41a1f5998,0a428389-0dbf-4d58-889e-4acdb9d3868b,,5
