subID,r_squared,nrmse,aic,obj_center,slope,intercept,bias_xmin,bias_xmax,bias_lower,bias_upper,flipped
1.0,0.8918600921041742,0.13210374739263772,-27.360644564643007,0.32943925574524946,0.9171428548110638,0.1978571404989697,0.1978571404989697,-0.11499999531003358,0.0,0.0,False
2.0,0.919039019910326,0.11388210359843616,-27.444821751876994,0.3842857139667307,1.0,0.11571428603326928,0.11571428603326928,-0.11571428603326916,0.0,0.0,False
3.0,0.9549678654717141,0.08048442791796184,-39.16582944083392,0.39804364674749065,0.6328571434517622,0.24809523475026077,0.24809523475026077,0.11904762179797701,0.0,0.0,False
4.0,0.9021670848343539,0.11944289892143413,-33.970851029484606,0.2565200326653749,0.6048214359683783,0.34485118548867266,0.34485118548867266,0.050327378542949,0.0,0.0,False
5.0,0.915022916344339,0.11850649350649355,-28.866851792385006,0.445857052272375,0.9410714198486472,0.08041667076850355,0.08041667076850355,-0.021488090617150624,0.0,0.0,False
6.0,0.8400498990149885,0.14066742697877013,-26.74434840025723,0.15538174547649747,0.7648214295326867,0.3811607113013811,0.3811607113013811,-0.1459821408340678,0.0,0.0,False
7.0,0.9042551464647977,0.12572467289472467,-28.919496963894055,0.39424446078612546,0.8780357138697569,0.153839283434457,0.153839283434457,-0.03187499730421384,0.0,0.0,False
8.0,0.8445948637059895,0.14917144523318163,-25.77582658761649,0.2466980840445276,0.8337500031787113,0.29431547164369315,0.29431547164369315,-0.12806547482240438,0.0,0.0,False
9.0,0.947560833341696,0.09232817602723165,-34.39722157054322,0.4649199143440736,0.821250000015696,0.11818452033763217,0.11818452033763217,0.060565479646671805,0.0,0.0,False
10.0,0.8270182097668264,0.16352530415443117,-23.340982232345105,0.31142455282303205,0.9305357245939372,0.210208328082477,0.210208328082477,-0.1407440526764141,0.0,0.0,False
12.0,0.8321669215086646,0.1683471959694701,-24.80165019183064,0.2257198665134064,0.8537500028127202,0.3072916633292925,0.3072916633292925,-0.16104166614201265,0.0,0.0,False
13.0,0.8995907605135205,0.1331411947110106,-28.92544970111657,0.42451779289758174,0.8548214249482827,0.1371130953593892,0.1371130953593892,0.00806547969232807,0.0,0.0,False
14.0,0.8354810491086107,0.16525936186863646,-25.482024911265018,0.32469082668389165,0.8230357191466474,0.2327678519599038,0.2327678519599038,-0.05580357110655121,0.0,0.0,False
15.0,0.9218691036053035,0.09382139397347822,-46.86750631940296,-0.06830600510790336,0.2723214278706088,0.5186011888431213,0.5186011888431213,0.2090773832862698,0.0,0.0,False
16.0,0.919022181301938,0.10405020977648376,-36.41539350198992,0.19482378207221163,0.5634740338832191,0.3902218576193857,0.3902218576193857,0.04630410849739519,0.0,0.0,False
17.0,0.8536175340897835,0.15184842338808954,-36.62666680677954,0.29233992200721043,0.397857141014971,0.38369047442567167,0.38369047442567167,0.21845238455935734,0.0,0.0,False
18.0,0.8842796297097447,0.1477983490655187,-30.03540439634037,0.3498204414761504,0.7292857123943691,0.244880950127953,0.244880950127953,0.02583333747767791,0.0,0.0,False
19.0,0.9324647377589536,0.10214064409522032,-29.9430755358726,0.43376764698411024,0.9867857141752151,0.07196428268468219,0.07196428268468219,-0.058749996859897236,0.0,0.0,False
20.0,0.943366992451108,0.0910019759361737,-33.88250576539253,0.3461762377168664,0.8180357143783333,0.21681547407847945,0.21681547407847945,-0.03485118845681279,0.0,0.0,False
21.0,0.8609893212381267,0.15345709727629708,-25.234050600692154,0.3744129209401243,0.9251785673552674,0.15360119020531482,0.15360119020531482,-0.0787797575605822,0.0,0.0,False
22.0,0.8261774907643267,0.16007189806375816,-32.62307250855637,0.31682568965017005,0.47810064670632824,0.34852543288507526,0.34852543288507526,0.17337392040859645,0.0,0.0,False
25.0,0.721003410783718,0.2169635026043896,-19.248478333495132,0.2840997703074417,0.9164285767231393,0.23964285184978038,0.23964285184978038,-0.15607142857291967,0.0,0.0,False
26.0,0.9210164493146632,0.11789189192344714,-28.910752124261023,0.4114688140321116,0.9762499975393298,0.0983035713136401,0.0983035713136401,-0.07455356885296993,0.0,0.0,False
27.0,0.8379277150196941,0.17405415402023353,-20.477443174635866,0.4991017325859665,1.0,0.0008982674140334942,0.0008982674140334942,-0.0008982674140334268,0.0,0.0,False
28.0,0.8932307899124988,0.12398199013375444,-33.85327145888695,0.3943162186690337,0.5809415533183987,0.2709253234277742,0.2709253234277742,0.1481331232538271,0.0,0.0,False
29.0,0.8797770782535901,0.14605834860538564,-24.03656712577582,0.4638095234675996,1.0,0.03619047653240038,0.03619047653240038,-0.03619047653240037,0.0,0.0,False
30.0,0.8459921298892298,0.15408937762470454,-28.44937507200079,0.2019082073654595,0.6925000042613763,0.36017856553901245,0.36017856553901245,-0.05267856980038865,0.0,0.0,False
31.0,0.8969395547079516,0.12040333938955608,-30.53051681615564,0.24661278812420798,0.7512499961660077,0.3147321438672003,0.3147321438672003,-0.06598214003320813,0.0,0.0,False
32.0,0.891258533345531,0.1368629856312025,-30.23746705358051,0.3832653762265209,0.7444642843526418,0.2146726159703771,0.2146726159703771,0.040863099676981096,0.0,0.0,False
33.0,0.8831978836944233,0.13788094453246408,-25.71562020594587,0.3660881109458863,0.9876785738532872,0.13842261667632305,0.13842261667632305,-0.1261011905296101,0.0,0.0,False
34.0,0.881262454432105,0.14969048248044306,-28.300153272644714,0.3470880874237801,0.8135714221106491,0.21761905111696989,0.21761905111696989,-0.03119047322761892,0.0,0.0,False
35.0,0.8461361425779348,0.16219102428908388,-22.73488782167558,0.3871428554423909,1.0,0.11285714455760906,0.11285714455760906,-0.11285714455760898,0.0,0.0,False
36.0,0.8206473451849835,0.1717428501451042,-20.66459769449081,0.3811904750482411,1.0,0.1188095249517589,0.1188095249517589,-0.1188095249517589,0.0,0.0,False
37.0,0.7562043795620438,0.23734632314931253,-17.353448232969487,0.38095237967582013,1.0,0.11904762032417988,0.11904762032417988,-0.11904762032417993,0.0,0.0,False
38.0,0.8864444018313299,0.11145224615785224,-36.379927350638916,0.09288520438463935,0.4685064975926287,0.45648267821557714,0.45648267821557714,0.07501082419179417,0.0,0.0,False
39.0,0.9302384839670272,0.10443739929653993,-29.78062151541291,0.3938235672326257,0.98107143116961,0.11363094926676674,0.11363094926676674,-0.09470238043637669,0.0,0.0,False
40.0,0.9174025506446429,0.11306171510974848,-34.18396866496497,0.48616043494661215,0.6537500015993211,0.1821726148761257,0.1821726148761257,0.16407738352455326,0.0,0.0,False
41.0,0.8705102691123642,0.1214322085630478,-31.912205400753123,0.09243781243338607,0.5982142825735881,0.44470238035249005,0.44470238035249005,-0.04291666292607821,0.0,0.0,False
42.0,0.8964234383715033,0.1310423729247021,-24.63920599363225,0.4438095239821291,1.0,0.05619047601787092,0.05619047601787092,-0.05619047601787086,0.0,0.0,False
43.0,0.8835780561379882,0.10813102475424305,-41.97324438737496,-0.21578283789709735,0.309805200752718,0.5668506454137014,0.5668506454137014,0.12334415383358055,0.0,0.0,False
44.0,0.9249707923212733,0.10727895347366627,-32.911541573992736,0.44460227640409516,0.7542857162224575,0.16464285350840202,0.16464285350840202,0.08107143026914043,0.0,0.0,False
45.0,0.818036890895368,0.17543665387092225,-23.41400764575758,0.4497724323759761,0.8976461005052379,0.09626352996294926,0.09626352996294926,0.006090369531812856,0.0,0.0,False
46.0,0.9115155041963532,0.11471847039145694,-31.525649269318876,0.419149274008382,0.7612500017699297,0.18092261441925445,0.18092261441925445,0.05782738381081587,0.0,0.0,False
47.0,0.8172210412458861,0.1878325447864386,-20.36426783004583,0.3585714268565886,1.0,0.14142857314341137,0.14142857314341137,-0.14142857314341128,0.0,0.0,False
48.0,0.9233027782256733,0.10717206106297483,-29.945547862415445,0.4185888776322393,0.9212500045712898,0.11437499456780847,0.11437499456780847,-0.03562499913909822,0.0,0.0,False
49.0,0.8937488673612306,0.13611246577755706,-25.061836082039996,0.45511904886326104,1.0,0.044880951136738935,0.044880951136738935,-0.044880951136738956,0.0,0.0,False
50.0,0.9507200927688216,0.08171095684913818,-37.2211094755086,0.3592516336049619,0.69357143208613,0.2508333300013249,0.2508333300013249,0.05559523791254506,0.0,0.0,False
51.0,0.8632495450568478,0.14868366027074448,-23.901239693578233,0.3342857122821138,1.0,0.16571428771788618,0.16571428771788618,-0.1657142877178861,0.0,0.0,False
54.0,0.9207638817410678,0.10749703237281867,-35.91565979254044,0.08557470063083138,0.5908928639702482,0.44943452006085144,0.44943452006085144,-0.04032738403109959,0.0,0.0,False
55.0,0.9390193280032482,0.09935290990187073,-36.9969609420969,0.40830025027841854,0.6296428653571934,0.24291666048863733,0.24291666048863733,0.12744047415416926,0.0,0.0,False
56.0,0.9417822626922099,0.09384420220509086,-33.531620559266074,0.30975013050865274,0.8266071444853358,0.24395832911628243,0.24395832911628243,-0.07056547360161813,0.0,0.0,False
57.0,0.8746413420502268,0.14074852859681716,-35.90487378877221,0.3103403506038519,0.4582142935418621,0.3577976154905222,0.3577976154905222,0.1839880909676157,0.0,0.0,False
58.0,0.8783124322996348,0.14809007902696683,-25.193926878884827,0.39142856972200246,1.0,0.10857143027799751,0.10857143027799751,-0.10857143027799743,0.0,0.0,False
59.0,0.8859403206572319,0.1256818719077352,-33.070392108982205,0.4424836630946826,0.5919642872548909,0.2380654737542229,0.2380654737542229,0.16997023899088615,0.0,0.0,False
60.0,0.9237286530702659,0.1031475272457313,-29.738595569575644,0.35213267170451895,0.9377922118006539,0.16977272295494567,0.16977272295494567,-0.10756493475559958,0.0,0.0,False
61.0,0.8716020324499577,0.14150193617494752,-31.55628516195204,0.29708466470779393,0.6166071379528766,0.3168154751648372,0.3168154751648372,0.0665773868822862,0.0,0.0,False
62.0,0.9519399814573083,0.08410203882931834,-31.563681867247475,0.44964285579816743,1.0,0.05035714420183254,0.05035714420183254,-0.05035714420183246,0.0,0.0,False
63.0,0.8807102704369861,0.14945988122324771,-24.241655280191043,0.40678571657353346,1.0,0.09321428342646652,0.09321428342646652,-0.09321428342646643,0.0,0.0,False
64.0,0.9220776414193913,0.11370295812674315,-28.782383282858092,0.394326498491417,0.992499998717725,0.10863095075290362,0.10863095075290362,-0.1011309494706285,0.0,0.0,False
65.0,0.8914148230882922,0.1408775968232436,-31.702151357381943,0.3918966906378453,0.6710551914729229,0.23701569122641586,0.23701569122641586,0.09192911730066122,0.0,0.0,False
66.0,0.9346436570159848,0.1002681101565536,-31.048338813818276,0.40507344284081387,0.9280357168103375,0.12407737711239403,0.12407737711239403,-0.052113093922731446,0.0,0.0,False
69.0,0.9344819075640622,0.1001520297676579,-32.60490110485504,0.37510766929907097,0.8292857163993615,0.18892856773842515,0.18892856773842515,-0.018214284137786585,0.0,0.0,False
70.0,0.8628483208192353,0.16286116047207727,-22.05261618244905,0.4954870157076065,1.0,0.004512984292393506,0.004512984292393506,-0.0045129842923934405,0.0,0.0,False
71.0,0.9712708261340997,0.0633872883776023,-40.524767332866816,0.2812502375121841,0.7251461044999805,0.29605248587834543,0.29605248587834543,-0.021198590378325832,0.0,0.0,False
72.0,0.9270845917733588,0.10963277342807361,-31.195703293949443,0.4443184194643505,0.8658928585964167,0.11526785364297179,0.11526785364297179,0.0188392877606115,0.0,0.0,False
73.0,0.9009534721818622,0.130052402226981,-27.37851068665832,0.3620134918691565,0.9619642879728385,0.15175594905752593,0.15175594905752593,-0.11372023703036449,0.0,0.0,False
74.0,0.9165793609201088,0.11231347239710628,-32.33957058902729,0.4114544632049835,0.7417857226449072,0.19478895367601895,0.19478895367601895,0.06342532367907383,0.0,0.0,False
75.0,0.877183448027284,0.152341598104332,-23.43428051256567,0.4396428575150158,1.0,0.060357142484984215,0.060357142484984215,-0.06035714248498425,0.0,0.0,False
76.0,0.8266517998902648,0.15758749334703984,-23.98036291927655,0.23464736235042824,0.8878571458369338,0.291666662585384,0.291666662585384,-0.17952380842231763,0.0,0.0,False
77.0,0.9291853156397112,0.10655681848463674,-43.85699969308205,0.48294885569627855,0.3560714266182758,0.3280357119685623,0.3280357119685623,0.315892861413162,0.0,0.0,False
78.0,0.9285964538015552,0.10559869274021438,-35.32274198516297,0.37404162701160765,0.6521428589462699,0.25607142399573585,0.25607142399573585,0.09178571705799432,0.0,0.0,False
81.0,0.8565343714070235,0.13546081233010027,-26.469696651378662,0.24146446767348168,0.8316071478703506,0.2991964227260234,0.2991964227260234,-0.13080357059637393,0.0,0.0,False
82.0,0.848227229443899,0.14681010242661505,-28.766495088715374,0.21827057666320263,0.6828571409267175,0.35095237807133955,0.35095237807133955,-0.03380951899805695,0.0,0.0,False
83.0,0.8947254858288324,0.13451633148839967,-26.387718231801763,0.38429653789737683,0.9980357170384797,0.1164583292441862,0.1164583292441862,-0.1144940462826658,0.0,0.0,False
84.0,0.8563344426522512,0.15502700287862525,-24.182598441530594,0.31444302814691305,0.9783928602503813,0.19235118630555056,0.19235118630555056,-0.17074404655593178,0.0,0.0,False
85.0,0.8521854206085853,0.17025724607566586,-20.786226828635876,0.4999,1.0,0.0001,0.0001,-9.999999999998899e-05,0.0,0.0,False
86.0,0.9474247994355517,0.08970524262943795,-35.53907215853274,0.468973940126611,0.7558928606824054,0.14550594681219692,0.14550594681219692,0.09860119250539778,0.0,0.0,False
87.0,0.8575009508399413,0.14726092685943837,-36.456275486486845,0.07951404431432972,0.40910713896636963,0.46747023682291944,0.46747023682291944,0.12342262421071093,0.0,0.0,False
88.0,0.8759780002753931,0.14468812048837293,-28.429449435761953,0.2713047108452374,0.7863636392861859,0.2866558402242528,0.2866558402242528,-0.07301947951043863,0.0,0.0,False
89.0,0.9064173416616941,0.12945891305872606,-27.076327308877293,0.5079302713418363,0.9841902091784722,0.0001,0.0001,0.01570979082152779,0.0,0.0,False
90.0,0.9035874782534394,0.13057231679930995,-27.819169324114092,0.34727917595181235,0.9461850661995399,0.1714096299123128,0.1714096299123128,-0.11759469611185258,0.0,0.0,False
92.0,0.8743586486991395,0.1461163269497062,-35.127605029427045,0.4062384651702481,0.4837500111813876,0.30348213793158274,0.30348213793158274,0.21276785088702965,0.0,0.0,False
93.0,0.8613079338175083,0.15559359321149407,-25.736552370537247,0.3857142850213799,0.8937499958655291,0.1552678593568662,0.1552678593568662,-0.04901785522239521,0.0,0.0,False
94.0,0.9227376082347756,0.10974696670129731,-33.00099448168861,0.32829016948106515,0.7376785757527465,0.2578273753435801,0.2578273753435801,0.004494048903673331,0.0,0.0,False
96.0,0.9721657523571143,0.06160838981640424,-39.3119239639897,0.3105606184772374,0.8037499980272418,0.25038690351158144,0.25038690351158144,-0.054136901538823334,0.0,0.0,False
97.0,0.8850550080901322,0.12681352846894384,-30.31448037571515,0.3384496521547217,0.71761364070915,0.25712391292050474,0.25712391292050474,0.02526244637034525,0.0,0.0,False
98.0,0.9767781372040851,0.05145713655832261,-47.61836843121979,0.18066891712394692,0.48732143664865274,0.4119561637494018,0.4119561637494018,0.10072239960194551,0.0,0.0,False
99.0,0.8695967589195683,0.14481441799478229,-30.16495500716981,0.29188712818000645,0.6750000065023061,0.3029761865805562,0.3029761865805562,0.022023806917137678,0.0,0.0,False
100.0,0.9144973754028759,0.10856497109066895,-43.695996977385285,-0.06143502386522558,0.3251948134937531,0.5199783511278363,0.5199783511278363,0.15482683537841058,0.0,0.0,False
101.0,0.9142897806733776,0.11968922322774182,-30.03038074456805,0.45815206384951124,0.8619642949754049,0.10508927929242935,0.10508927929242935,0.03294642573216566,0.0,0.0,False
102.0,0.9315838935950095,0.1065540492472144,-32.01146310201238,0.3795944260227061,0.8453571443918627,0.17910713999037697,0.17910713999037697,-0.024464284382239576,0.0,0.0,False
103.0,0.95337002873362,0.0811455293119159,-33.89685024356292,0.37442472252740167,0.9053571420041874,0.16101190331688078,0.16101190331688078,-0.06636904532106813,0.0,0.0,False
104.0,0.7664033102444943,0.2305599267405203,-16.541422502675346,0.45226190458918963,1.0,0.04773809541081038,0.04773809541081038,-0.04773809541081042,0.0,0.0,False
105.0,0.9372031791601247,0.0985502963451052,-35.631137070874594,0.2050779599213936,0.6833928594189448,0.35985118656551507,0.35985118656551507,-0.043244045984459856,0.0,0.0,False
106.0,0.9158553794582588,0.12065574823464667,-29.434167190799265,0.4129979043341014,0.9085714321430002,0.12476190258710773,0.12476190258710773,-0.03333333473010791,0.0,0.0,False
107.0,0.9065134185990205,0.11750375859430941,-39.01172967219818,0.15002064710581406,0.4326785779801691,0.4350892797425916,0.4350892797425916,0.13223214227723923,0.0,0.0,False
108.0,0.9070852441435068,0.12394016142697921,-27.868144393509773,0.33249830008069314,0.9623214220793224,0.1800297630273901,0.1800297630273901,-0.14235118510671252,0.0,0.0,False
109.0,0.8788949090557518,0.1478007666478425,-23.984620445720182,0.3854761893044273,1.0,0.1145238106955727,0.1145238106955727,-0.1145238106955726,0.0,0.0,False
110.0,0.8770603373545032,0.15236183269975784,-23.55911879962633,0.39509740582646014,1.0,0.10490259417353986,0.10490259417353986,-0.10490259417353975,0.0,0.0,False
111.0,0.9416263889607582,0.08791686893092657,-34.88333724367722,0.3726074184033872,0.7494642834791774,0.22074404814727938,0.22074404814727938,0.0297916683735433,0.0,0.0,False
112.0,0.7434678902595704,0.20390323498466634,-20.15766789628483,0.250769032381346,0.9094642877669292,0.27193452057129713,0.27193452057129713,-0.1813988083382263,0.0,0.0,False
113.0,0.8860111782025709,0.14107015105578338,-25.53049227582813,0.36785714081253984,1.0,0.13214285918746013,0.13214285918746013,-0.13214285918746005,0.0,0.0,False
114.0,0.8647040045751079,0.16003795570917512,-21.85257136695297,0.4819047609683568,1.0,0.01809523903164318,0.01809523903164318,-0.018095239031643118,0.0,0.0,False
115.0,0.9246623689346194,0.11297222174340657,-31.68970231056747,0.38809161806690023,0.8212500036421958,0.18127975724905254,0.18127975724905254,-0.002529760891248234,0.0,0.0,False
116.0,0.8839195069304097,0.1275889028596907,-28.169673036479864,0.29361671532149375,0.8317857063400724,0.25577381305305935,0.25577381305305935,-0.08755951939313178,0.0,0.0,False
117.0,0.867219492367056,0.15280610198105737,-23.079841242673243,0.4988095250157625,1.0,0.0011904749842375191,0.0011904749842375191,-0.0011904749842375217,0.0,0.0,False
118.0,0.916632298229796,0.11708739941174225,-29.254151723175127,0.3605124615766814,0.9249999981087694,0.1665259737233819,0.1665259737233819,-0.09152597183215128,0.0,0.0,False
119.0,0.8653914323471756,0.16463263123397973,-22.512935963334293,0.4626948048513285,1.0,0.037305195148671456,0.037305195148671456,-0.037305195148671366,0.0,0.0,False
121.0,0.9112175841686005,0.10860829760060164,-31.71160648091888,0.2807414514013693,0.7498214365283691,0.28949404161716596,0.28949404161716596,-0.03931547814553493,0.0,0.0,False
122.0,0.8657083927385423,0.14986008338002763,-30.440549032643162,0.31198287503655986,0.650730518623096,0.29698322192593485,0.29698322192593485,0.0522862594509691,0.0,0.0,False
123.0,0.9278904933374482,0.10929329421878754,-29.856023648897533,0.3520864409939166,0.9585714335961915,0.16249999550668046,0.16249999550668046,-0.12107142910287183,0.0,0.0,False
125.0,0.8564273635638593,0.1450398001511438,-25.745537752014986,0.2583344188451515,0.8753733826753592,0.27386092591404665,0.27386092591404665,-0.1492343085894059,0.0,0.0,False
127.0,0.9009836925345907,0.13070791582806587,-30.57197213018882,0.3226470866386441,0.7658928587437405,0.25288690044898954,0.25288690044898954,-0.018779759192729895,0.0,0.0,False
128.0,0.8891343605443564,0.1389145812848267,-26.341899868452185,0.3455418931680573,0.9726785767050132,0.16389880316133829,0.16389880316133829,-0.13657737986635143,0.0,0.0,False
129.0,0.9287277178899447,0.10348489486266782,-37.863069775925254,0.41188367831256545,0.5444642947876241,0.2757440435530164,0.2757440435530164,0.17979166165935945,0.0,0.0,False
130.0,0.9276248651244818,0.11160584534254772,-34.06604426840818,0.28013111557444287,0.708214281999644,0.30160714311768666,0.30160714311768666,-0.009821425117330751,0.0,0.0,False
131.0,0.8976118679073132,0.13561871212833418,-30.439207285645807,0.5001568663160331,0.7589285662892056,0.12041666652707117,0.12041666652707117,0.12065476718372325,0.0,0.0,False
132.0,0.9369763607862918,0.10154666150037586,-45.15183904072496,-0.009216183599352527,0.3455357222744877,0.5031845206566166,0.5031845206566166,0.15127975706889574,0.0,0.0,False
133.0,0.9251252927013967,0.1106299819167882,-31.053143942019233,0.508559400804132,0.8623214260838808,0.06145833225021696,0.06145833225021696,0.07622024166590213,0.0,0.0,False
134.0,0.8506870756639772,0.16721256867506087,-21.7826592646231,0.4405952383215031,1.0,0.05940476167849692,0.05940476167849692,-0.05940476167849695,0.0,0.0,False
135.0,0.9303989789345433,0.09674976797634832,-32.71078492788215,0.3552218775134401,0.7967857130554832,0.2169642830325461,0.2169642830325461,-0.013749996088029182,0.0,0.0,False
136.0,0.8972531410114997,0.1308599644765545,-29.053647617847425,0.40376539715343224,0.8362500024239432,0.16235118565173792,0.16235118565173792,0.001398811924318899,0.0,0.0,False
137.0,0.9265362548186296,0.10635189485259346,-36.10907644653553,0.16235294419766996,0.6071428645115838,0.40142856839793734,0.40142856839793734,-0.008571432909521226,0.0,0.0,False
138.0,0.8780446622331932,0.14752371407114012,-27.03976719105169,0.44677529066557026,0.8767857139123252,0.10827380781540138,0.10827380781540138,0.014940478272273405,0.0,0.0,False
139.0,0.8112768066562296,0.18077943004854416,-39.59010724303534,-0.048234265874888736,0.2764285773032226,0.5133333294930609,0.5133333294930609,0.21023809320371645,0.0,0.0,False
141.0,0.9667754451016864,0.0652591473561127,-42.08111159949884,0.3166716122976179,0.6019642842968187,0.3093749995461448,0.3093749995461448,0.08866071615703652,0.0,0.0,False
143.0,0.9254160435466994,0.1051391083119844,-32.149863529896656,0.3971285430871571,0.799025980438255,0.18268397649976847,0.18268397649976847,0.01829004306197657,0.0,0.0,False
144.0,0.8366637192143471,0.16989751145644533,-20.8158385652655,0.4557142845352628,1.0,0.04428571546473722,0.04428571546473722,-0.04428571546473714,0.0,0.0,False
145.0,0.8742796445413726,0.1273588507857922,-33.1989740668552,0.23595024026185538,0.5550000097194833,0.36904761436135586,0.36904761436135586,0.07595237591916093,0.0,0.0,False
146.0,0.9016129600355598,0.12614077656808892,-40.15712556558217,-0.04835600245162765,0.38758117760100735,0.518741876374279,0.518741876374279,0.09367694602471355,0.0,0.0,False
147.0,0.8784744426187225,0.14865448766035275,-23.865856999059247,0.43619047615434914,1.0,0.06380952384565083,0.06380952384565083,-0.06380952384565086,0.0,0.0,False
148.0,0.9246029425082111,0.08985518843955143,-38.7770210129425,0.0960630036203714,0.4948052006175584,0.4524675262216969,0.4524675262216969,0.05272727316074466,0.0,0.0,False
149.0,0.8925007968757116,0.13158545919409698,-25.49746249894439,0.4669047601261624,1.0,0.03309523987383762,0.03309523987383762,-0.033095239873837556,0.0,0.0,False
150.0,0.9371004772504506,0.09774102320558553,-32.56807695401552,0.31785648701062713,0.8497889647422099,0.22988906496664346,0.22988906496664346,-0.07967802970885329,0.0,0.0,False
151.0,0.8729029681702196,0.12590416766604717,-29.561809322837675,0.25597170506290245,0.7151785818497255,0.31693451897945724,0.31693451897945724,-0.03211310082918262,0.0,0.0,False
152.0,0.8774723027764181,0.1372997164704628,-27.67109774517118,0.29121270772816,0.8358928637471702,0.25657737577754064,0.25657737577754064,-0.09247023952471078,0.0,0.0,False
153.0,0.9173318808169354,0.11014669119222956,-34.25028976352013,0.38358045528225004,0.6503571395073731,0.2505357123317,0.2505357123317,0.09910714816092692,0.0,0.0,False
154.0,0.8540037674419997,0.15256379719134303,-32.38092383409831,-0.03562760733621068,0.5396428604909013,0.5192261839353594,0.5192261839353594,-0.05886904442626051,0.0,0.0,False
155.0,0.9321629866923495,0.09850551348031325,-31.140205108380897,0.3637950355209732,0.9037499978400321,0.17122023743370604,0.17122023743370604,-0.07497023527373803,0.0,0.0,False
156.0,0.868341981648217,0.1471992628217594,-35.39155397807662,-0.18572899942469268,0.4621428608263751,0.5858333311325477,0.5858333311325477,-0.047976191958922776,0.0,0.0,False
158.0,0.8935936478113221,0.13558225363873908,-31.029147521655226,0.19725844663825837,0.7121428569972643,0.3595238062441883,0.3595238062441883,-0.07166666324145265,0.0,0.0,False
159.0,0.9180776276004713,0.11709432696835086,-27.055396504678047,0.44369047673336864,1.0,0.05630952326663138,0.05630952326663138,-0.0563095232666313,0.0,0.0,False
160.0,0.8573873094214078,0.1697756884899254,-24.05234774726072,0.3625615201446192,0.9917857126067045,0.14041666437959882,0.14041666437959882,-0.13220237698630322,0.0,0.0,False
161.0,0.9120813429004391,0.11134001056403303,-28.363805846426445,0.3189730227259379,0.9575000017057006,0.19458333019584195,0.19458333019584195,-0.15208333190154244,0.0,0.0,False
162.0,0.9668459293629638,0.06943101988550805,-37.078971532739494,0.42122720108160416,0.8614285685449204,0.13714285514009034,0.13714285514009034,0.0014285763149892716,0.0,0.0,False
163.0,0.9388677577634537,0.09731913978142019,-35.90497021756881,0.4346817317730386,0.679821432617975,0.20449404237319055,0.20449404237319055,0.11568452500883442,0.0,0.0,False
164.0,0.8921377119313789,0.13390404868628591,-25.585057304261355,0.36047618919948377,1.0,0.13952381080051623,0.13952381080051623,-0.13952381080051612,0.0,0.0,False
165.0,0.8550967736884911,0.13402107393840829,-33.38983168570728,0.16961728216557315,0.5043344226502138,0.41445616592752726,0.41445616592752726,0.08120941142225901,0.0,0.0,False
166.0,0.9079132110485617,0.12387889537953134,-30.281850484872358,0.4471990666072639,0.8139285720048944,0.13601190231442806,0.13601190231442806,0.05005952568067751,0.0,0.0,False
167.0,0.877601033108464,0.13981058303371993,-26.63940790281525,0.29307153446111356,0.9003571416105212,0.23613095094518244,0.23613095094518244,-0.1364880925557035,0.0,0.0,False
170.0,0.5862109522192831,0.23730100203836332,-25.07035283912723,-0.2352745588928343,0.44767857179169995,0.6053273785040663,0.6053273785040663,-0.05300595029576627,0.0,0.0,False
171.0,0.8406897753011993,0.14566125558020587,-32.32896523565177,-0.04501276886239419,0.5144642887408656,0.5231574621170486,0.5231574621170486,-0.037621750857914193,0.0,0.0,False
172.0,0.9070617729171079,0.12972960703465386,-26.528506566355702,0.4638095225170233,1.0,0.036190477482976734,0.036190477482976734,-0.03619047748297666,0.0,0.0,False
173.0,0.9621297258709638,0.07223914513518578,-39.998838783154184,0.3420428701782277,0.6526785722398731,0.27675594784724605,0.27675594784724605,0.07056547991288076,0.0,0.0,False
174.0,0.7845035432949001,0.2133351900597479,-21.74966447944678,0.30335475071167406,0.9097402618905648,0.22402596964181462,0.22402596964181462,-0.13376623153237932,0.0,0.0,False
175.0,0.8351748979964915,0.15354223166357667,-26.8644166608825,0.25609366704295666,0.7448214315275337,0.30925594830792946,0.30925594830792946,-0.05407737983546301,0.0,0.0,False
176.0,0.8058239712481619,0.18438488779743473,-26.250269753758715,0.1345503717982621,0.7042857192986696,0.40523809461615756,0.40523809461615756,-0.10952381391482713,0.0,0.0,False
177.0,0.8882168650780204,0.1423294153633848,-24.99172554537816,0.40619047540007663,1.0,0.09380952459992335,0.09380952459992335,-0.09380952459992331,0.0,0.0,False
178.0,0.8868549749919106,0.13891709694753,-24.776294432413028,0.4479761891105519,1.0,0.05202381088944805,0.05202381088944805,-0.05202381088944796,0.0,0.0,False
179.0,0.9323091781197334,0.10553732007290084,-31.935646933040417,0.3682543039526361,0.8548214348828136,0.18520832749343585,0.18520832749343585,-0.040029762376249334,0.0,0.0,False
180.0,0.8588360647766764,0.1604907616671404,-21.613264568849726,0.4344047607600016,1.0,0.0655952392399984,0.0655952392399984,-0.06559523923999833,0.0,0.0,False
181.0,0.9280410459979145,0.10988049210588377,-31.275154281926106,0.3708127438214078,0.8671428627838123,0.17845237576598402,0.17845237576598402,-0.04559523854979619,0.0,0.0,False
182.0,0.8174128444276626,0.17212120163918082,-25.577327743694973,0.15371518730529743,0.7675162412847972,0.38202109721104954,0.38202109721104954,-0.14953733849584672,0.0,0.0,False
183.0,0.9185892420338129,0.10671464302361515,-31.89304350581179,0.26683540504842485,0.7760714233081714,0.2929166674150565,0.2929166674150565,-0.06898809072322787,0.0,0.0,False
184.0,0.8283153608746145,0.17866933103640686,-20.56156349552735,0.4311471855723585,1.0,0.06885281442764153,0.06885281442764153,-0.06885281442764146,0.0,0.0,False
185.0,0.9409406253791619,0.08793942791890957,-39.078736395565315,0.303084229337075,0.5519642933951571,0.33270832751474566,0.33270832751474566,0.11532737909009727,0.0,0.0,False
186.0,0.8956797434341196,0.129063587666838,-30.375856294440723,0.3355818559002163,0.7544642887131804,0.24681547378319432,0.24681547378319432,-0.0012797624963747367,0.0,0.0,False
187.0,0.7754725552881772,0.168887183938325,-21.044760027245,0.3638008589859613,0.9318701321135165,0.16098484547374142,0.16098484547374142,-0.09285497758725803,0.0,0.0,False
188.0,0.8203385201282947,0.1680878036018265,-22.31177718643164,0.2985769066467282,0.9787500075403971,0.20776785036812634,0.20776785036812634,-0.18651785790852338,0.0,0.0,False
189.0,0.8459691665157104,0.16259277491401666,-27.408309203097566,0.15477615871669048,0.74589285521754,0.3845535690552046,0.3845535690552046,-0.13044642427274455,0.0,0.0,False
190.0,0.8663039256276353,0.15758431360603495,-24.213186172764978,0.33952380779244373,1.0,0.16047619220755624,0.16047619220755624,-0.16047619220755616,0.0,0.0,False
191.0,0.9013580303664614,0.1274065171557383,-29.13973624158389,0.4103829744846678,0.8501785769194858,0.1511011867606394,0.1511011867606394,-0.0012797636801251677,0.0,0.0,False
192.0,0.9211579228484391,0.10760401503888936,-39.951004994208496,0.2169627498039169,0.4441233789291325,0.40364177045532845,0.40364177045532845,0.1522348506155391,0.0,0.0,False
193.0,0.8869937263122867,0.11682112892892767,-53.00635979920603,-1.0663077953820694,0.1432629899489949,0.6527624429723563,0.6527624429723563,0.2039745670786488,0.0,0.0,False
194.0,0.9179070876580334,0.10857103771618264,-36.95326244134227,0.04058837416784063,0.5382142908307612,0.47815475698128207,0.47815475698128207,-0.01636904781204329,0.0,0.0,False
195.0,0.807888105988778,0.17987397956924475,-22.923934121955853,0.2412777263130779,0.8991071478733502,0.28306547164928175,0.28306547164928175,-0.18217261952263186,0.0,0.0,False
197.0,0.811847976437347,0.2014887203901113,-18.428306283251192,0.4999,1.0,0.0001,0.0001,-9.999999999998899e-05,0.0,0.0,False
198.0,0.9136771300448431,0.12159944235950136,-26.831496433681583,0.40666666635248183,1.0,0.09333333364751814,0.09333333364751814,-0.09333333364751817,0.0,0.0,False
199.0,0.9269576272359018,0.11125469559940901,-28.114789833722,0.47142857233123364,1.0,0.028571427668766358,0.028571427668766358,-0.028571427668766303,0.0,0.0,False
200.0,0.9237169830038711,0.11155036508371512,-33.192934405343415,0.41973353159317994,0.7326785650295707,0.19247023837751492,0.19247023837751492,0.07485119659291439,0.0,0.0,False
201.0,0.8657693956406227,0.15706440185881665,-26.130862266477976,0.28302077393187325,0.8855357185983965,0.24937499557796425,0.24937499557796425,-0.1349107141763608,0.0,0.0,False
202.0,0.885244060394301,0.13823094288262047,-24.094005756662124,0.4526190477799725,1.0,0.047380952220027486,0.047380952220027486,-0.04738095222002747,0.0,0.0,False
203.0,0.9182186724217406,0.10721940914829425,-29.701239297473442,0.33326758893662706,0.9053571400901559,0.19827380879559361,0.19827380879559361,-0.10363094888574942,0.0,0.0,False
204.0,0.9487484827973928,0.08899204565088431,-34.13176470210074,0.47358066637385526,0.8471428572776867,0.09880952113658137,0.09880952113658137,0.05404762158573195,0.0,0.0,False
205.0,0.9353792237585353,0.10162663442115596,-31.29564731762511,0.4487379171744224,0.917321436885504,0.0883630890325505,0.0883630890325505,-0.005684525918054462,0.0,0.0,False
206.0,0.8781480382811311,0.1323632491039651,-30.06459752569957,0.32579401820403425,0.7067564950719503,0.2697429615787096,0.2697429615787096,0.023500543349340153,0.0,0.0,False
208.0,0.9211948867120973,0.11149434356035204,-31.21511061455361,0.3783832315711416,0.8291071423309571,0.18627976016609799,0.18627976016609799,-0.015386902497054988,0.0,0.0,False
209.0,0.9073453669097225,0.13067975180179167,-27.41139573133671,0.5238629903812029,0.9542571419985872,0.0001,0.0001,0.04564285800141277,0.0,0.0,False
210.0,0.9099006314904013,0.10962306903509195,-35.192924511380184,0.25372702941957864,0.5800324629694333,0.35283008620384393,0.35283008620384393,0.06713745082672273,0.0,0.0,False
211.0,0.8954903194900312,0.11293842198371673,-31.09064744297848,0.2542292858283926,0.7161850577863051,0.31792478423802156,0.31792478423802156,-0.03410984202432665,0.0,0.0,False
212.0,0.9620122125156823,0.07600001007432627,-35.58671085160595,0.40735186477184626,0.8930357128807458,0.1362202370501731,0.1362202370501731,-0.029255949930918845,0.0,0.0,False
213.0,0.8824715532803356,0.14055182207954342,-26.16371274611666,0.31703509592288165,0.953214289504433,0.1977976162919006,0.1977976162919006,-0.1510119057963335,0.0,0.0,False
214.0,0.8906082278803465,0.133762296905147,-35.52544917390592,0.07022473123003042,0.5085714355394617,0.46428570762797056,0.46428570762797056,0.027142856832567785,0.0,0.0,False
215.0,0.8264834873113487,0.1637365084645675,-28.999423438610563,0.13268049931151624,0.620000007918973,0.41773808937616663,0.41773808937616663,-0.03773809729513955,0.0,0.0,False
216.0,0.8998372350218038,0.12531622767145634,-35.82197115075689,0.37344941247434277,0.5230357256143774,0.3046726155662192,0.3046726155662192,0.17229165881940345,0.0,0.0,False
217.0,0.782835768053154,0.16274458264990296,-24.289776628236382,0.1498967998182057,0.7550649270765892,0.38681818377625243,0.38681818377625243,-0.14188311085284155,0.0,0.0,False
218.0,0.936587266921657,0.09400973572348026,-36.7509698943268,0.28928581296585204,0.6275811727280021,0.3184496702453171,0.3184496702453171,0.053969157026680814,0.0,0.0,False
219.0,0.8304359542290781,0.1873547111171154,-19.446522511773047,0.4999,1.0,0.0001,0.0001,-9.999999999998899e-05,0.0,0.0,False
220.0,0.8776782644531472,0.14714335193475095,-25.40940161068972,0.3751891556876069,0.9833928557303007,0.13104166474932386,0.13104166474932386,-0.11443452047962444,0.0,0.0,False
221.0,0.9198371417166445,0.10444262687870479,-31.73318701304983,0.38495375683772654,0.7916071384105556,0.19526785812929442,0.19526785812929442,0.013125003460149998,0.0,0.0,False
222.0,0.9270879159045128,0.10497346496839416,-29.031714674096243,0.41309523656131464,1.0,0.08690476343868533,0.08690476343868533,-0.08690476343868525,0.0,0.0,False
223.0,0.9646808831825328,0.07001349176438611,-36.750345313190316,0.3222188446087822,0.8534740265314487,0.2249945852674315,0.2249945852674315,-0.0784686117988802,0.0,0.0,False
224.0,0.9038772905874698,0.12376007899790124,-27.028161980313207,0.3790476191426139,1.0,0.12095238085738608,0.12095238085738608,-0.12095238085738602,0.0,0.0,False
225.0,0.9120382054479398,0.12311931007435767,-31.792915938476575,0.292818562654551,0.7492857151756297,0.2805952338646848,0.2805952338646848,-0.029880949040314464,0.0,0.0,False
226.0,0.9222831878093913,0.10582800861130137,-32.97406854970841,0.20375756915152549,0.7367532474378844,0.3498809492375643,0.3498809492375643,-0.0866341966754487,0.0,0.0,False
227.0,0.9304180381571051,0.09715407217790867,-43.98601634554412,0.24076606509993026,0.35615260430052476,0.41425053888747015,0.41425053888747015,0.22959685681200503,0.0,0.0,False
228.0,0.8643582876691873,0.15602941797315395,-23.61323069512159,0.42954545318449283,1.0,0.07045454681550718,0.07045454681550718,-0.07045454681550711,0.0,0.0,False
229.0,0.9022955538769911,0.11841668043008846,-38.126201905174625,-0.21192270858960288,0.4498214311274724,0.5953273760661855,0.5953273760661855,-0.04514880719365788,0.0,0.0,False
230.0,0.8800152639467402,0.14425823153446093,-26.47890250330062,0.33626184749344756,0.9211201300691564,0.19026244329954073,0.19026244329954073,-0.11138257336869706,0.0,0.0,False
231.0,0.9350562372838669,0.0974010892508811,-34.31640572827942,0.47432792893626485,0.7373214276555706,0.15026785425980316,0.15026785425980316,0.11241071808462622,0.0,0.0,False
232.0,0.9368330806329954,0.0971247319503528,-31.959517618221042,0.3053371007649544,0.8855357122959187,0.2296130929837354,0.2296130929837354,-0.1151488052796541,0.0,0.0,False
233.0,0.8672966368434436,0.1527258318552408,-25.63723252606313,0.326081353412094,0.9233928582624625,0.19889880704671434,0.19889880704671434,-0.12229166530917679,0.0,0.0,False
234.0,0.739234440016316,0.19265806105304775,-26.561745165564595,0.1152237557750244,0.5692857089034261,0.4344047625111,0.4344047625111,-0.003690471414526053,0.0,0.0,False
235.0,0.916691950557613,0.11235615146339291,-35.44948114243918,0.1851907556224479,0.5944642947088459,0.38991070807230327,0.38991070807230327,0.015624997218850911,0.0,0.0,False
237.0,0.8345830097041952,0.18226060773481942,-20.07961697007462,0.4578571416477976,1.0,0.042142858352202384,0.042142858352202384,-0.04214285835220233,0.0,0.0,False
238.0,0.7702624079451968,0.191334644719591,-28.879651771115327,0.27240753926440825,0.5246428563053214,0.3570833305212169,0.3570833305212169,0.11827381317346175,0.0,0.0,False
239.0,0.9198882638328538,0.11636221424044142,-35.42757319456811,0.3528087754380942,0.6082142854794838,0.2854166627360279,0.2854166627360279,0.10636905178448841,0.0,0.0,False
240.0,0.8196496240760317,0.17832069645144036,-21.382040571882083,0.3257142879446452,1.0,0.17428571205535479,0.17428571205535479,-0.1742857120553547,0.0,0.0,False
241.0,0.879219217296382,0.14786179827029464,-29.52865441135667,0.262884107295557,0.7380357230740051,0.30598213778745925,0.30598213778745925,-0.04401786086146431,0.0,0.0,False
242.0,0.8922617986070126,0.12088735649716723,-36.002712119506754,0.30706316169060377,0.49574351608473083,0.3477754285634059,0.3477754285634059,0.1564810553518633,0.0,0.0,False
243.0,0.9241517844068585,0.09813728829078713,-36.9116369785504,0.26663210266295206,0.5635065021457412,0.34975107646863574,0.34975107646863574,0.08674242138562316,0.0,0.0,False
244.0,0.947127506475147,0.07744791929923879,-38.356861251466356,0.1462861041340292,0.6162499965598379,0.4098511888306524,0.4098511888306524,-0.026101185390490222,0.0,0.0,False
245.0,0.8615260649573708,0.15025220757747207,-31.424455995815663,0.37933273961151287,0.5958928579711729,0.27395832967086087,0.27395832967086087,0.13014881235796627,0.0,0.0,False
246.0,0.8793304625950592,0.14740717666504954,-28.7810105256494,0.27135870712702753,0.7789285689559703,0.28863095058380217,0.28863095058380217,-0.06755951953977246,0.0,0.0,False
248.0,0.9274641660870816,0.10926936560525483,-30.265756732926498,0.3605274998906675,0.9279707818144886,0.1654410140608343,0.1654410140608343,-0.09341179587532289,0.0,0.0,False
249.0,0.8403141560268734,0.16200418544477277,-29.027814522322778,0.08685704271976358,0.6503571487227514,0.44351190135028434,0.44351190135028434,-0.0938690500730357,0.0,0.0,False
250.0,0.9570284919331057,0.07589330917390096,-35.909422223506496,0.4197032535450287,0.8183928556618838,0.15651785580070035,0.15651785580070035,0.025089288537415877,0.0,0.0,False
251.0,0.7697780918283051,0.18764772293800383,-29.45924308015463,0.11397277382880223,0.5026785767811248,0.44270832825994066,0.44270832825994066,0.054613094958934516,0.0,0.0,False
252.0,0.9249437164230867,0.09830925154738333,-33.87419470286663,0.2464028816700005,0.704025970873769,0.3265259720061835,0.3265259720061835,-0.030551942879952332,0.0,0.0,False
253.0,0.9303961263209074,0.10752915495096622,-36.042318970321496,0.1733958915235988,0.6280357192029359,0.39110118656014237,0.39110118656014237,-0.01913690576307836,0.0,0.0,False
254.0,0.9060587801697907,0.13072652372374963,-26.76033341536471,0.4407142840329336,1.0,0.05928571596706641,0.05928571596706641,-0.05928571596706633,0.0,0.0,False
255.0,0.8862205978463814,0.13240446357633978,-34.53355646474563,0.24632129866511404,0.5339610381278552,0.36847402365177423,0.36847402365177423,0.09756493822037049,0.0,0.0,False
256.0,0.8211966653284584,0.16071279168938923,-29.794951005710956,0.07508019998119943,0.5751785688353346,0.456815478026943,0.456815478026943,-0.03199404686227769,0.0,0.0,False
257.0,0.8808102033845732,0.14707301921157506,-23.801465407647182,0.4373809537628236,1.0,0.06261904623717637,0.06261904623717637,-0.06261904623717629,0.0,0.0,False
258.0,0.9290445723901072,0.10597247335828643,-36.942690007845435,0.2228349737367574,0.5828571491299674,0.3701190424813424,0.3701190424813424,0.047023808388690136,0.0,0.0,False
259.0,0.8865664192329614,0.1402789439883302,-27.728959291256295,0.3910335391189602,0.8696428529557017,0.15994047743922246,0.15994047743922246,-0.029583330394924,0.0,0.0,False
260.0,0.9297170428050778,0.10366423398121855,-36.31583633072627,0.5446199152242207,0.6126785702915589,0.16632304898811442,0.16632304898811442,0.22099838072032663,0.0,0.0,False
261.0,0.8481007883520049,0.1682265229992666,-20.954213992427015,0.42748917855110247,1.0,0.0725108214488975,0.0725108214488975,-0.07251082144889742,0.0,0.0,False
262.0,0.92969975290801,0.10054528435044192,-31.68346176283744,0.3401730899124446,0.852857140207727,0.20988095136164653,0.20988095136164653,-0.06273809156937338,0.0,0.0,False
263.0,0.8739911190915904,0.14050996574491353,-27.6429297864441,0.2715193574752542,0.824285715708787,0.27619047209472014,0.27619047209472014,-0.10047618780350698,0.0,0.0,False
264.0,0.9596887301699548,0.07705333849086544,-43.593075788534016,0.19723542289792834,0.48875000720732076,0.40360118563709857,0.40360118563709857,0.10764880715558067,0.0,0.0,False
265.0,0.934090740198988,0.09733452718934943,-34.69933179310283,0.31435023272077584,0.7117857206554472,0.27624999306463505,0.27624999306463505,0.011964286279917746,0.0,0.0,False
266.0,0.9363455553279247,0.09423194128986746,-40.32504743283739,0.177864031921461,0.4851948083929165,0.41370129511187514,0.41370129511187514,0.10110389649520835,0.0,0.0,False
267.0,0.8460998134189593,0.1705738480838917,-25.1603573857252,0.34772526926440656,0.8762500002236818,0.19530573272928392,0.19530573272928392,-0.07155573295296569,0.0,0.0,False
268.0,0.8426412829829925,0.14749026556625128,-28.898843839875802,0.07244547758357174,0.6621266324406175,0.4520319198920374,0.4520319198920374,-0.11415855233265493,0.0,0.0,False
269.0,0.9121928113405255,0.11626611413778137,-30.20052442239063,0.35819521579537333,0.8403571464211701,0.19898809059248485,0.19898809059248485,-0.03934523701365489,0.0,0.0,False
270.0,0.9387648828785413,0.09347680042938022,-35.61209626302531,0.4128046732189092,0.693571432630921,0.21369047139882197,0.21369047139882197,0.09273809597025706,0.0,0.0,False
271.0,0.9478659712057477,0.08843384619377205,-32.92151224448772,0.43796332596583654,0.9153571510159402,0.09910713769444637,0.09910713769444637,-0.01446428871038652,0.0,0.0,False
272.0,0.9164443274644568,0.11937101480757659,-28.379941484336186,0.3889897724381296,0.9833928608790933,0.11747023482936028,0.11747023482936028,-0.10086309570845353,0.0,0.0,False
273.0,0.8635514018691589,0.14384578539993537,-23.146188831848036,0.3452380941345605,1.0,0.15476190586543945,0.15476190586543945,-0.15476190586543948,0.0,0.0,False
274.0,0.8961640891924372,0.12716527627049512,-30.866856442166196,0.22518337830724217,0.7303571419269506,0.3355357114100673,0.3355357114100673,-0.06589285333701778,0.0,0.0,False
275.0,0.8536419186413449,0.16962823600814533,-26.833154503413795,0.2538461557942071,0.8008928599925337,0.2966964262878672,0.2966964262878672,-0.09758928628040087,0.0,0.0,False
276.0,0.871426585926667,0.14179461329087326,-31.423113299631495,0.017747160944631312,0.6220129925200453,0.488961035312095,0.488961035312095,-0.11097402783214028,0.0,0.0,False
277.0,0.91547307581101,0.11873512108253462,-27.86240276960915,0.48595237836196253,1.0,0.014047621638037473,0.014047621638037473,-0.01404762163803741,0.0,0.0,False
278.0,0.92197283045528,0.11186262930811941,-35.31499916110336,0.2530864233143987,0.6219642866689723,0.3425892832576585,0.3425892832576585,0.03544643007336923,0.0,0.0,False
279.0,0.9137952095687728,0.11806079000674016,-29.586045064534773,0.3575934504685531,0.8869642800154233,0.18282738266692888,0.18282738266692888,-0.06979166268235204,0.0,0.0,False
280.0,0.8784194402645711,0.14112200218652576,-23.41382698592458,0.38690476358126824,1.0,0.11309523641873173,0.11309523641873173,-0.11309523641873165,0.0,0.0,False
282.0,0.891575130009032,0.11352607859183234,-32.014662160825225,0.27832155430484135,0.6567857140768091,0.3172023792129274,0.3172023792129274,0.026011906710263544,0.0,0.0,False
283.0,0.7858633649352409,0.1960611281881101,-18.81060305810786,0.4484523841658319,1.0,0.05154761583416809,0.05154761583416809,-0.051547615834168115,0.0,0.0,False
284.0,0.9015978237710597,0.11391057368317249,-28.86762531998376,0.2959267652209204,0.8680357216383263,0.24312499679936284,0.24312499679936284,-0.11116071843768927,0.0,0.0,False
285.0,0.8774043384218263,0.14629944922852112,-28.568418740796957,0.297676009530848,0.7837500041911349,0.26669642628259754,0.26669642628259754,-0.05044643047373243,0.0,0.0,False
286.0,0.8351553392911144,0.17331684402154393,-25.447237395293723,0.36912243164449693,0.8241071449021852,0.19580356673810165,0.19580356673810165,-0.019910711640286793,0.0,0.0,False
287.0,0.9084713027226197,0.12215203247724063,-31.719369115651574,0.4181003192356802,0.7369642897421268,0.19187499519352047,0.19187499519352047,0.07116071506435273,0.0,0.0,False
288.0,0.8432343253714121,0.16559405348914943,-21.422192345149398,0.37333333157924564,1.0,0.12666666842075433,0.12666666842075433,-0.12666666842075425,0.0,0.0,False
289.0,0.7580081419062958,0.1738020833744153,-31.2177833339207,0.42009987936340437,0.4291071493480242,0.3197321383249207,0.3197321383249207,0.25116071232705517,0.0,0.0,False
290.0,0.9188523335252078,0.11685370360309358,-31.6623412562803,0.4158005771131423,0.7903571435410183,0.17136904359014998,0.17136904359014998,0.0382738128688318,0.0,0.0,False
291.0,0.9260412157620646,0.10038357823670854,-31.856859496571303,0.2544992437766377,0.8196428606308813,0.29140151180252066,0.29140151180252066,-0.11104437243340204,0.0,0.0,False
292.0,0.8040258417745015,0.17756043593028775,-21.64736468383035,0.3724914376229005,0.9728571500640015,0.13761904157094224,0.13761904157094224,-0.11047619163494371,0.0,0.0,False
293.0,0.9275150906867772,0.10569512103087275,-31.272199341981676,0.4871847879223231,0.8639285621268286,0.07910714668020347,0.07910714668020347,0.056964291192967975,0.0,0.0,False
294.0,0.8964843567210414,0.12494220411491544,-37.917590138976465,0.16424341391508637,0.4421428606833857,0.4273809471231783,0.4273809471231783,0.13047619219343598,0.0,0.0,False
295.0,0.8934372162719437,0.14295370278664557,-26.19778755509975,0.3838095235412965,1.0,0.11619047645870348,0.11619047645870348,-0.1161904764587034,0.0,0.0,False
296.0,0.9364860362940162,0.09337926635041237,-35.700785793778756,0.32801329460127615,0.675892857076735,0.2782981571527907,0.2782981571527907,0.04580898577047432,0.0,0.0,False
297.0,0.9285771741387634,0.1012299774557981,-34.57062739379377,0.31382473112417536,0.6880357233877263,0.2840773741040193,0.2840773741040193,0.02788690250825443,0.0,0.0,False
299.0,0.9560639797860594,0.07985733501899804,-33.48315081310113,0.49317145342097574,0.9620292221779554,0.02555465026504694,0.02555465026504694,0.012416127556997614,0.0,0.0,False
300.0,0.8806932364026673,0.12787782125135594,-32.80719777344176,0.43784796651098146,0.5880357169866647,0.24252975708156188,0.24252975708156188,0.16943452593177344,0.0,0.0,False
301.0,0.8409184070247121,0.15665142294664694,-23.955662303258933,0.27401012689577825,0.9364285772144694,0.24340908672863013,0.24340908672863013,-0.1798376639430994,0.0,0.0,False
302.0,0.8662699866604355,0.15162597455321858,-24.642887758403237,0.33052892178835747,0.9869642887003744,0.17377975781225208,0.17377975781225208,-0.16074404651262642,0.0,0.0,False
303.0,0.9274229067076869,0.09833832084817193,-40.47758435865293,0.02308716432472148,0.4473214273026282,0.48967261670189527,0.48967261670189527,0.06300595599547654,0.0,0.0,False
304.0,0.894466574208956,0.13098426358894816,-33.63491767364627,0.31218681730096665,0.5939285783410281,0.3145833274236266,0.3145833274236266,0.09148809423534532,0.0,0.0,False
305.0,0.8517467018463405,0.16911997446422308,-24.224543425884796,0.3853875339768485,0.9576785781868072,0.13092261441013184,0.13092261441013184,-0.088601192596939,0.0,0.0,False
307.0,0.9240601054961697,0.1033313260911935,-30.428252138204037,0.4079358783028067,0.8948214293455714,0.13497023429574145,0.13497023429574145,-0.029791663641312915,0.0,0.0,False
308.0,0.9075654151051364,0.11633595533789315,-32.623406046483254,0.13530839123563712,0.6871428609634395,0.40702380493398393,0.40702380493398393,-0.0941666658974234,0.0,0.0,False
309.0,0.854469812760576,0.16660585625321958,-21.089741576021463,0.46797619074320357,1.0,0.03202380925679645,0.03202380925679645,-0.032023809256796376,0.0,0.0,False
310.0,0.9263489634442905,0.1069891955232332,-30.919220380337812,0.4330487260736382,0.8783928607589192,0.11961309065617137,0.11961309065617137,0.0019940485849094802,0.0,0.0,False
312.0,0.8693548570139328,0.15881335739820185,-27.612973131926374,0.31990730864056144,0.809107142815594,0.24116071154000895,0.24116071154000895,-0.05026785435560299,0.0,0.0,False
313.0,0.9189817783081935,0.11206355466765074,-31.802763517121697,0.35838066831083437,0.7831493554331403,0.219334410612672,0.219334410612672,-0.0024837660458123523,0.0,0.0,False
314.0,0.7852314660627214,0.16579610209642928,-23.851158144270617,0.17499086546250947,0.7846266252674732,0.36269750777951676,0.36269750777951676,-0.14732413304698988,0.0,0.0,False
315.0,0.9685228473534213,0.06751510987613682,-42.31911660633455,0.4031690178751646,0.6085714205223144,0.2546428580811247,0.2546428580811247,0.13678572139656087,0.0,0.0,False
316.0,0.8621564540421841,0.1544514171683566,-26.60423749622351,0.22971828205664924,0.8430357084147085,0.3063392853505629,0.3063392853505629,-0.1493749937652713,0.0,0.0,False
317.0,0.9203701340140394,0.10517607354620807,-35.68885991995663,0.16646789583597266,0.5989285648213853,0.400297622058125,0.400297622058125,0.0007738131204896304,0.0,0.0,False
320.0,0.9443673631549261,0.08699594924174382,-37.91363027403541,0.3752731078980284,0.6191883099236098,0.2676352785608393,0.2676352785608393,0.11317641151555091,0.0,0.0,False
321.0,0.8948143870454858,0.13473510575675243,-28.388493445833312,0.4317791106375785,0.8655357176279697,0.12627975761753693,0.12627975761753693,0.008184524754493383,0.0,0.0,False
322.0,0.8420753545768764,0.17950791402651403,-21.729510080624117,0.41976190710208167,1.0,0.08023809289791835,0.08023809289791835,-0.08023809289791828,0.0,0.0,False
323.0,0.8551559035168296,0.15876701564504658,-24.844772400718035,0.33567263033374034,0.9287499992486047,0.18824404482976148,0.18824404482976148,-0.11699404407836611,0.0,0.0,False
324.0,0.9023690112896399,0.1286984225834046,-31.89446962811133,0.14844478933015312,0.7023214298168605,0.3957440433087842,0.3957440433087842,-0.09806547312564473,0.0,0.0,False
325.0,0.8517382366013204,0.1623414435317084,-25.26419649976626,0.25885385707309266,0.8891071447250295,0.2698511862366817,0.2698511862366817,-0.15895833096171108,0.0,0.0,False
326.0,0.9292992745941939,0.10497902073674244,-42.76258327950386,0.3863145000812001,0.3853571493830297,0.35113094548337853,0.35113094548337853,0.2635119051335918,0.0,0.0,False
327.0,0.7550332223813271,0.17812990334324103,-27.579853187119234,0.11328589113635562,0.5519642945274614,0.43747023301900667,0.43747023301900667,0.010565472453531899,0.0,0.0,False
328.0,0.9422336146357432,0.09211471977607416,-42.93226371272036,0.35600000326576603,0.42410715131648674,0.349017852746296,0.349017852746296,0.22687499593721727,0.0,0.0,False
329.0,0.935331178399756,0.09813027450694708,-33.49236506503017,0.34098974216617983,0.7837987061022749,0.23273268129599994,0.23273268129599994,-0.016531387398274866,0.0,0.0,False
330.0,0.8798890660234137,0.12799921173460962,-41.06434776494736,-0.03554587944692959,0.32478896291237386,0.5115449093213765,0.5115449093213765,0.16366612776624967,0.0,0.0,False
331.0,0.8803316062176166,0.14387685239801506,-24.787753700243258,0.3927380940307336,1.0,0.1072619059692664,0.1072619059692664,-0.10726190596926632,0.0,0.0,False
335.0,0.89478461886348,0.13619749128167524,-25.55567844994327,0.4717857125529507,1.0,0.028214287447049295,0.028214287447049295,-0.028214287447049236,0.0,0.0,False
336.0,0.9011026229070761,0.12031305086064327,-30.89446553990738,0.215683264338057,0.7489513077407584,0.3384637371162165,0.3384637371162165,-0.08741504485697482,0.0,0.0,False
337.0,0.8553616817778155,0.15710600943478398,-23.117120537015804,0.33826839743692316,1.0,0.16173160256307684,0.16173160256307684,-0.16173160256307684,0.0,0.0,False
338.0,0.8317887990500639,0.1711304830480391,-28.220613410308637,0.37593583424944976,0.6678571478615588,0.24892856595920676,0.24892856595920676,0.08321428617923443,0.0,0.0,False
339.0,0.7392655821521903,0.21382309807223338,-18.942501552522373,0.4804203839131842,0.9811201314050949,0.02864988980541054,0.02864988980541054,-0.009770021210505409,0.0,0.0,False
340.0,0.9062062901878933,0.128369905266199,-30.494434070583445,0.4141113531834056,0.7935876669709676,0.17136633736099077,0.17136633736099077,0.03504599566804156,0.0,0.0,False
341.0,0.8850063849315614,0.1268758511694219,-35.399692535453894,0.14710093763391882,0.49892857884140385,0.4266071382400709,0.4266071382400709,0.07446428291852525,0.0,0.0,False
342.0,0.994144225099403,0.025888490521272452,-59.694795291859194,0.36488044359338306,0.413214293865357,0.349226185155282,0.349226185155282,0.23755952097936106,0.0,0.0,False
343.0,0.9276065155177904,0.10750134350204217,-32.3387161858754,0.34412742553606485,0.8011039020968631,0.22431817658451075,0.22431817658451075,-0.025422078681373916,0.0,0.0,False
344.0,0.9451194805850416,0.08861955714833523,-30.707282627942675,0.4192857129437263,1.0,0.08071428705627368,0.08071428705627368,-0.08071428705627359,0.0,0.0,False
