,subID,stimset_rows,chargeSpeed,responses,movie,trial_num,similarity_playing,similarity_fighting,similarity_fight_play
6,24000,22,1.5,playing,81e3fe3f-5a7c-42d3-8ea7-c2bf3831288b,6,1.0,0.46540114283561707,-0.5345988571643829
6,24001,5,1.5,dancing,b3a507ff-2289-4ad3-8922-1a3d0532e154,6,0.45027947425842285,0.3849746584892273,-0.06530481576919556
5,24003,85,1.5,aimlessly running around,1b1159fc-de2b-4ae5-a736-d98d8524a366,5,0.3571726083755493,0.333360880613327,-0.02381172776222229
3,24004,88,1.5,bumping,38ad4b16-44e2-4e52-8d02-b23eca73a48d,3,0.3179419934749603,0.333545058965683,0.015603065490722656
6,24005,27,1.5,moving NW and slowly meeting,8ed7c0fc-1490-4e35-a000-7f7357a0772a,6,0.18554231524467468,0.17764413356781006,-0.007898181676864624
4,24006,52,1.5,running around ,81e3fe3f-5a7c-42d3-8ea7-c2bf3831288b,4,0.456896036863327,0.3924204707145691,-0.06447556614875793
3,24007,13,1.5,Walking,1a8cf3c1-690b-449c-bb36-fd3b251837c1,3,0.29361894726753235,0.3354141414165497,0.041795194149017334
6,24008,54,1.5,Running back and forth like a relay race,15dfbaca-4429-4c18-90f4-8d4804129e6f,6,0.3105352520942688,0.2352580577135086,-0.07527719438076019
0,24009,8,1.5,playing tag,9d425f58-501f-43f3-955e-05126bd09bb5,0,0.6409550309181213,0.271896630525589,-0.36905840039253235
6,24010,11,1.5,all the dots came together slowly,e5e05e73-9cd0-4990-8da2-4962e0a03e5d,6,0.13381224870681763,0.1357724666595459,0.0019602179527282715
1,24012,87,1.5,repelling,1a8cf3c1-690b-449c-bb36-fd3b251837c1,1,0.32516172528266907,0.3980847895145416,0.07292306423187256
2,24013,45,1.5,playing and handing each other objects,9d425f58-501f-43f3-955e-05126bd09bb5,2,0.5125975608825684,0.24493762850761414,-0.2676599323749542
4,24015,9,1.5,greeting each other,7e595f18-f375-4ca5-b922-61b8d693804d,4,0.2523922324180603,0.25738057494163513,0.004988342523574829
4,24016,13,1.5,team,1a8cf3c1-690b-449c-bb36-fd3b251837c1,4,0.46662425994873047,0.4284515082836151,-0.038172751665115356
6,24017,31,1.5,"the dots were gently bumping into each other repeatedly, much gentler than before",95aaf072-b6be-4da4-9857-deaf20ab49f2,6,0.0984061062335968,0.06483975052833557,-0.03356635570526123
1,24018,8,1.5,smooth fight,9d425f58-501f-43f3-955e-05126bd09bb5,1,0.32980260252952576,0.6416784524917603,0.3118758499622345
4,24019,14,1.5,"Really lethargic, once contact is made the dots slowly remove themselves.",81e3fe3f-5a7c-42d3-8ea7-c2bf3831288b,4,0.11211494356393814,0.10064547508955002,-0.011469468474388123
6,24020,2,1.5,running and finding each other,8ed7c0fc-1490-4e35-a000-7f7357a0772a,6,0.3079603612422943,0.2428676187992096,-0.06509274244308472
3,24021,50,1.5,running around and seeing each other,e5e05e73-9cd0-4990-8da2-4962e0a03e5d,3,0.34894534945487976,0.3136430084705353,-0.03530234098434448
0,24022,68,1.5,tag,8ed7c0fc-1490-4e35-a000-7f7357a0772a,0,0.34031495451927185,0.29815471172332764,-0.042160242795944214
6,24023,57,1.5,The dots move randomly and then slowly collide or connect with each other.,31e1789e-459a-4f3d-bfdd-2f4c8c4e9f50,6,0.16778364777565002,0.12287750840187073,-0.0449061393737793
2,24024,17,1.5,playing independently then making contact,31e1789e-459a-4f3d-bfdd-2f4c8c4e9f50,2,0.5598204135894775,0.18560242652893066,-0.3742179870605469
2,24025,3,1.5,High fiving each other,15dfbaca-4429-4c18-90f4-8d4804129e6f,2,0.29226863384246826,0.3154575228691101,0.023188889026641846
1,24026,3,1.5,The dots were coming together in a more friendly was,15dfbaca-4429-4c18-90f4-8d4804129e6f,1,0.178092360496521,0.18302378058433533,0.004931420087814331
2,24027,6,1.5,dancing,1b1159fc-de2b-4ae5-a736-d98d8524a366,2,0.45027947425842285,0.3849746584892273,-0.06530481576919556
0,24028,6,1.5,the kids were sharing a toy,1b1159fc-de2b-4ae5-a736-d98d8524a366,0,0.236551895737648,0.07522494345903397,-0.16132695227861404
4,24029,4,1.5,moving forward and backward,fc87f268-5d06-4cb4-8db9-dbf7fb69a2ce,4,0.22625774145126343,0.19719748198986053,-0.029060259461402893
0,24030,25,1.5,coming together and then apart and then together again. Playing i reckon,e838dadb-c02f-4273-ae93-210720dcd06c,0,0.47020423412323,0.2967868745326996,-0.1734173595905304
4,24031,49,1.5,Hugging,d3cc8306-21ab-4f88-ae4f-3970e4cd53ea,4,0.2686764895915985,0.4343211054801941,0.16564461588859558
3,24034,94,1.5,Engaging in a playful dance,7e595f18-f375-4ca5-b922-61b8d693804d,3,0.41722217202186584,0.21334517002105713,-0.20387700200080872
3,24035,19,1.5,moving in slow circles before slowly approaching each other,0e704828-9ccd-480e-8056-3a2a8158df0f,3,0.09726515412330627,0.1212177649140358,0.023952610790729523
6,24036,54,1.5,Walking around,15dfbaca-4429-4c18-90f4-8d4804129e6f,6,0.34558194875717163,0.30430689454078674,-0.04127505421638489
4,24037,65,1.5,hugging,1b1159fc-de2b-4ae5-a736-d98d8524a366,4,0.2686764895915985,0.4343211054801941,0.16564461588859558
1,24038,20,1.5,meeting,e4bc0778-6eb7-4065-bf77-a9b6e293735f,1,0.3565537929534912,0.3726089298725128,0.016055136919021606
1,24039,16,1.5,coping each other,e4bc0778-6eb7-4065-bf77-a9b6e293735f,1,0.2897571325302124,0.3968581259250641,0.10710099339485168
1,24040,23,1.5,"Play fighting, walking around and then attacking",31e1789e-459a-4f3d-bfdd-2f4c8c4e9f50,1,0.5300621390342712,0.6296271085739136,0.09956496953964233
3,24041,5,1.5,playing catch,b3a507ff-2289-4ad3-8922-1a3d0532e154,3,0.6071312427520752,0.27450284361839294,-0.33262839913368225
3,24042,12,1.5,They are playing musical chairs,1f6c6525-a740-48c2-8dfc-9c4fb520c630,3,0.30822932720184326,0.08225194364786148,-0.22597738355398178
1,24043,95,1.5,tag,95aaf072-b6be-4da4-9857-deaf20ab49f2,1,0.3403148949146271,0.29815465211868286,-0.042160242795944214
4,24044,43,1.5,mirroring each other,fc87f268-5d06-4cb4-8db9-dbf7fb69a2ce,4,0.14632278680801392,0.14175881445407867,-0.004563972353935242
5,24045,92,1.5,hugging,e4bc0778-6eb7-4065-bf77-a9b6e293735f,5,0.2686764895915985,0.4343211054801941,0.16564461588859558
2,24046,15,1.5,Going to the movies,e838dadb-c02f-4273-ae93-210720dcd06c,2,0.31802016496658325,0.27647411823272705,-0.0415460467338562
1,24047,9,1.5,Wrestling,7e595f18-f375-4ca5-b922-61b8d693804d,1,0.3662254512310028,0.5506446957588196,0.18441924452781677
4,24048,67,1.5,high five,1a8cf3c1-690b-449c-bb36-fd3b251837c1,4,0.259798526763916,0.2785129249095917,0.01871439814567566
2,24049,73,1.5,coming together softly,95aaf072-b6be-4da4-9857-deaf20ab49f2,2,0.20230264961719513,0.2719302475452423,0.06962759792804718
3,24050,14,1.5,running around the park,81e3fe3f-5a7c-42d3-8ea7-c2bf3831288b,3,0.40391862392425537,0.24068555235862732,-0.16323307156562805
5,24051,23,1.5,The dots were moving to and fro.,31e1789e-459a-4f3d-bfdd-2f4c8c4e9f50,5,0.17285233736038208,0.15391314029693604,-0.018939197063446045
6,24052,82,1.5,playing football,9d425f58-501f-43f3-955e-05126bd09bb5,6,0.650100827217102,0.41803357005119324,-0.2320672571659088
3,24053,77,1.5,Playing around,e838dadb-c02f-4273-ae93-210720dcd06c,3,0.7599218487739563,0.4238203465938568,-0.3361015021800995
3,24054,4,1.5,chase,fc87f268-5d06-4cb4-8db9-dbf7fb69a2ce,3,0.3471616208553314,0.3041633069515228,-0.042998313903808594
6,24055,66,1.5,Handing a ball off back and forth,fc87f268-5d06-4cb4-8db9-dbf7fb69a2ce,6,0.4192034602165222,0.17499999701976776,-0.24420346319675446
1,24056,1,1.5,playing catch,50919f52-6a9c-4824-b24f-2f1aebd58e1b,1,0.6071312427520752,0.27450284361839294,-0.33262839913368225
0,24057,12,1.5,They were playing a game together,1f6c6525-a740-48c2-8dfc-9c4fb520c630,0,0.5402496457099915,0.32549548149108887,-0.2147541642189026
2,24058,96,1.5,talking and exploring the park,e5e05e73-9cd0-4990-8da2-4962e0a03e5d,2,0.3088696300983429,0.23638349771499634,-0.07248613238334656
3,24059,7,1.5,The dots were slowly drifting together and apart in a repetitive way,38ad4b16-44e2-4e52-8d02-b23eca73a48d,3,0.12506350874900818,0.11005740612745285,-0.015006102621555328
3,24061,89,1.5,Meeting and bouncing,50919f52-6a9c-4824-b24f-2f1aebd58e1b,3,0.3308160603046417,0.3151187002658844,-0.015697360038757324
2,24062,63,1.5,mirroring one another,d3cc8306-21ab-4f88-ae4f-3970e4cd53ea,2,0.14797082543373108,0.14709286391735077,-0.0008779615163803101
2,24063,0,1.5,Clashing,95aaf072-b6be-4da4-9857-deaf20ab49f2,2,0.38464027643203735,0.5858198404312134,0.20117956399917603
6,24066,59,1.5,Slowly coming together to bump each other.,1a8cf3c1-690b-449c-bb36-fd3b251837c1,6,0.24781495332717896,0.30714893341064453,0.059333980083465576
6,24067,90,1.5,Bumping into each other,e838dadb-c02f-4273-ae93-210720dcd06c,6,0.2541939318180084,0.301634281873703,0.04744035005569458
5,24068,57,1.5,They are kicking a ball.,31e1789e-459a-4f3d-bfdd-2f4c8c4e9f50,5,0.36352643370628357,0.2217082530260086,-0.14181818068027496
4,24069,42,1.5,playing frisbee,8ed7c0fc-1490-4e35-a000-7f7357a0772a,4,0.6006627082824707,0.32729604840278625,-0.27336665987968445
3,24070,24,1.5,pick a ball and drop on the same spot,fc87f268-5d06-4cb4-8db9-dbf7fb69a2ce,3,0.3974840044975281,0.11531538516283035,-0.2821686193346977
1,24071,22,1.5,Interacting in a respectful manner,81e3fe3f-5a7c-42d3-8ea7-c2bf3831288b,1,0.2836977243423462,0.28322649002075195,-0.0004712343215942383
2,24072,11,1.5,gently tapping.,e5e05e73-9cd0-4990-8da2-4962e0a03e5d,2,0.28885138034820557,0.1348293274641037,-0.15402205288410187
3,24073,35,1.5,playing with each other,15dfbaca-4429-4c18-90f4-8d4804129e6f,3,0.6358538866043091,0.3693539798259735,-0.26649990677833557
3,24074,76,1.5,synchronised dancing,50919f52-6a9c-4824-b24f-2f1aebd58e1b,3,0.24159741401672363,0.17204046249389648,-0.06955695152282715
0,24075,46,1.5,playing together ,50919f52-6a9c-4824-b24f-2f1aebd58e1b,0,0.7369999885559082,0.43544939160346985,-0.30155059695243835
5,24076,36,1.5,interacting with each other by playing,1a8cf3c1-690b-449c-bb36-fd3b251837c1,5,0.5644755959510803,0.29058244824409485,-0.2738931477069855
6,24077,24,1.5,charging,fc87f268-5d06-4cb4-8db9-dbf7fb69a2ce,6,0.34870684146881104,0.3021351099014282,-0.04657173156738281
4,24078,30,1.5,Playing independently near each other,50919f52-6a9c-4824-b24f-2f1aebd58e1b,4,0.49882739782333374,0.2234804332256317,-0.275346964597702
0,24079,38,1.5,Running around,7e595f18-f375-4ca5-b922-61b8d693804d,0,0.456896036863327,0.3924204707145691,-0.06447556614875793
4,24081,1,1.5,moving much slower around,50919f52-6a9c-4824-b24f-2f1aebd58e1b,4,0.24902765452861786,0.1928282082080841,-0.05619944632053375
1,24082,93,1.5,Slowly moving and touching one another,31e1789e-459a-4f3d-bfdd-2f4c8c4e9f50,1,0.2253190577030182,0.17763462662696838,-0.047684431076049805
3,24083,7,1.5,Walking around before getting called to walk and meet in a centre point.,38ad4b16-44e2-4e52-8d02-b23eca73a48d,3,0.1987636387348175,0.1129114106297493,-0.0858522281050682
3,24084,47,1.5,playing a game,38ad4b16-44e2-4e52-8d02-b23eca73a48d,3,0.8228989243507385,0.3966796100139618,-0.42621931433677673
6,24085,32,1.5,catch with a ball,1f6c6525-a740-48c2-8dfc-9c4fb520c630,6,0.37928175926208496,0.09364249557256699,-0.285639263689518
3,24086,69,1.5,Playing,15dfbaca-4429-4c18-90f4-8d4804129e6f,3,1.0,0.46540114283561707,-0.5345988571643829
0,24087,39,1.5,running,d3cc8306-21ab-4f88-ae4f-3970e4cd53ea,0,0.5148481130599976,0.4141086935997009,-0.10073941946029663
4,24088,21,1.5,Same game slower pace,e5e05e73-9cd0-4990-8da2-4962e0a03e5d,4,0.29364013671875,0.15995566546916962,-0.13368447124958038
2,24089,34,1.5,dancing,38ad4b16-44e2-4e52-8d02-b23eca73a48d,2,0.45027947425842285,0.3849746584892273,-0.06530481576919556
0,24090,17,1.5,They collided with each other,31e1789e-459a-4f3d-bfdd-2f4c8c4e9f50,0,0.21845176815986633,0.340398907661438,0.12194713950157166
1,24091,25,1.5,playing red rover,e838dadb-c02f-4273-ae93-210720dcd06c,1,0.5138245820999146,0.2273629903793335,-0.28646159172058105
5,24092,18,1.5,Walking around,d3cc8306-21ab-4f88-ae4f-3970e4cd53ea,5,0.34558194875717163,0.30430689454078674,-0.04127505421638489
6,24093,10,1.5,They are peaceful ,29e7c94f-a6bf-4f1d-8ea1-46efbdb6a836,6,0.08419283479452133,0.35731494426727295,0.2731221094727516
2,24094,98,1.5,running toward each other,8ed7c0fc-1490-4e35-a000-7f7357a0772a,2,0.31194397807121277,0.30268076062202454,-0.009263217449188232
2,24095,64,1.5,just running around,9d425f58-501f-43f3-955e-05126bd09bb5,2,0.4233303666114807,0.32526424527168274,-0.09806612133979797
0,24096,33,1.5,Interacting or bumping into each other,9d425f58-501f-43f3-955e-05126bd09bb5,0,0.30267536640167236,0.33757898211479187,0.03490361571311951
0,24097,84,1.5,tag,b3a507ff-2289-4ad3-8922-1a3d0532e154,0,0.3403148949146271,0.29815465211868286,-0.042160242795944214
0,24098,41,1.5,Playing tag,1b1159fc-de2b-4ae5-a736-d98d8524a366,0,0.6409550309181213,0.271896630525589,-0.36905840039253235
2,24099,86,1.5,They are calmer this time. I would say they are playing together.,1f6c6525-a740-48c2-8dfc-9c4fb520c630,2,0.29817137122154236,0.254511296749115,-0.04366007447242737
6,24100,71,1.5,playing,31e1789e-459a-4f3d-bfdd-2f4c8c4e9f50,6,1.0,0.46540114283561707,-0.5345988571643829
5,24101,82,1.5,Running around,9d425f58-501f-43f3-955e-05126bd09bb5,5,0.456896036863327,0.3924204707145691,-0.06447556614875793
0,24000,22,2.75,fighting,59df47e5-696a-407f-aa33-94dab9b3e492,0,0.46540117263793945,1.0000001192092896,0.5345989465713501
1,24001,5,2.75,running,204d8c5c-c9ac-4aef-956d-74de8c6eedc4,1,0.5148481130599976,0.4141086935997009,-0.10073941946029663
5,24002,20,2.75,They are gently approaching each other.,c49bbdbd-6e52-4da5-887c-72db9cec7d93,5,0.16830353438854218,0.19047819077968597,0.0221746563911438
4,24003,85,2.75,playing tag,112b96b3-6518-4053-ad9f-ff77320acc23,4,0.6409550309181213,0.271896630525589,-0.36905840039253235
4,24004,88,2.75,colliding,4a2adf87-0f15-4bc0-9837-899addfb179c,4,0.38597387075424194,0.4753241539001465,0.08935028314590454
1,24005,27,2.75,circling and coming together,bcca6dd9-a0e7-4373-9ebc-93e6e619ca4a,1,0.2384394109249115,0.2656603455543518,0.027220934629440308
6,24006,52,2.75,tagging each other,204d8c5c-c9ac-4aef-956d-74de8c6eedc4,6,0.1502511203289032,0.22139406204223633,0.07114294171333313
0,24007,13,2.75,Playing,0bad25fa-4a38-4561-9d35-56f1108797cd,0,1.0,0.46540114283561707,-0.5345988571643829
5,24008,54,2.75,Playing tag,46c1720a-0af5-44e9-b008-09b89ef78bd9,5,0.6409550309181213,0.271896630525589,-0.36905840039253235
4,24009,8,2.75,swings,cc654364-6ba7-42d1-b98c-c44f96b2e4e4,4,0.4046834707260132,0.33181533217430115,-0.07286813855171204
0,24010,11,2.75,the dots hit them selves twice,bcca6dd9-a0e7-4373-9ebc-93e6e619ca4a,0,0.171889528632164,0.1506621241569519,-0.021227404475212097
5,24011,60,2.75,running,88ff8e25-5b4f-453c-add2-298ef66c683c,5,0.5148481130599976,0.4141086935997009,-0.10073941946029663
2,24012,87,2.75,playing tag,215ead11-5650-429d-b541-0b107fbb996a,2,0.6409550309181213,0.271896630525589,-0.36905840039253235
4,24013,45,2.75,looking for something and checking with each other,88ff8e25-5b4f-453c-add2-298ef66c683c,4,0.1880548745393753,0.17280033230781555,-0.015254542231559753
2,24014,75,2.75,Slowly touched each other ,3fd185a3-34a1-4f1a-9d01-aee3deee3988,2,0.26655313372612,0.2256259322166443,-0.04092720150947571
5,24015,9,2.75,saying hello to each other,88ff8e25-5b4f-453c-add2-298ef66c683c,5,0.2376360297203064,0.29656460881233215,0.05892857909202576
2,24016,13,2.75,Playing,0bad25fa-4a38-4561-9d35-56f1108797cd,2,1.0,0.46540114283561707,-0.5345988571643829
0,24017,31,2.75,"the dots were colliding, then moving in opposite directions, then colliding again",3fd185a3-34a1-4f1a-9d01-aee3deee3988,0,0.2009994387626648,0.18329571187496185,-0.017703726887702942
3,24018,8,2.75,playful mood,cc654364-6ba7-42d1-b98c-c44f96b2e4e4,3,0.467777818441391,0.25892290472984314,-0.20885491371154785
2,24019,14,2.75,"Lackadaisical in manner, less violent.  ",c496efe1-6c3e-480d-856f-af132dbe7048,2,0.17178021371364594,0.37974846363067627,0.20796824991703033
0,24020,2,2.75,running to each other,c3cfe5d9-0b66-460b-a3db-a76a0df825ae,0,0.3316315710544586,0.3095652461051941,-0.022066324949264526
2,24021,50,2.75,walking around and seeking each other,8fa1d226-bf98-4c72-8961-7121546d4a11,2,0.25585442781448364,0.2529345452785492,-0.0029198825359344482
3,24022,68,2.75,basketball,0bad25fa-4a38-4561-9d35-56f1108797cd,3,0.5795840620994568,0.4075186848640442,-0.1720653772354126
3,24023,57,2.75,The dots circle each other and then collide together.,bcca6dd9-a0e7-4373-9ebc-93e6e619ca4a,3,0.1694827824831009,0.18908986449241638,0.01960708200931549
3,24024,17,2.75,grey dot was encouraging the other dot to make contact,112b96b3-6518-4053-ad9f-ff77320acc23,3,0.1857307106256485,0.08949779719114304,-0.09623291343450546
4,24025,3,2.75,Playing a game,8dc79a0d-b826-4ac2-8483-04346b06960d,4,0.8228989243507385,0.3966796100139618,-0.42621931433677673
6,24026,3,2.75,The dots were playing,8dc79a0d-b826-4ac2-8483-04346b06960d,6,0.48031604290008545,0.18664942681789398,-0.29366661608219147
5,24027,6,2.75,wandering around,4a2adf87-0f15-4bc0-9837-899addfb179c,5,0.40647366642951965,0.27930882573127747,-0.1271648406982422
2,24028,6,2.75,the kids were playing a game,4a2adf87-0f15-4bc0-9837-899addfb179c,2,0.45985645055770874,0.16753913462162018,-0.29231731593608856
5,24029,4,2.75,clicking from side to side,42a6675b-868f-488d-a671-17a04c97ab01,5,0.15662533044815063,0.053391993045806885,-0.10323333740234375
4,24030,25,2.75,"this one is football. when the ball comes close, they come together and when the bass is not they more apart.",42a6675b-868f-488d-a671-17a04c97ab01,4,0.2758694589138031,0.182937353849411,-0.09293210506439209
5,24031,49,2.75,hugging,d445e5d9-95ae-4a8f-a6bf-53380fef78b4,5,0.2686764895915985,0.4343211054801941,0.16564461588859558
3,24032,62,2.75,going down a slide,c49bbdbd-6e52-4da5-887c-72db9cec7d93,3,0.28663915395736694,0.05928407236933708,-0.22735508158802986
0,24033,56,2.75,They keep knocking into each other.,94eac034-9d70-40c0-89d4-d9a030a03d26,0,0.19801326096057892,0.4666745662689209,0.268661305308342
4,24034,94,2.75,Enjoying the spacious environment,94eac034-9d70-40c0-89d4-d9a030a03d26,4,0.29411542415618896,0.18885016441345215,-0.10526525974273682
0,24035,19,2.75,they were moving apart before coming back together and appearing to strike each other,c49bbdbd-6e52-4da5-887c-72db9cec7d93,0,0.16483668982982635,0.34701454639434814,0.1821778565645218
4,24036,54,2.75,Tag,46c1720a-0af5-44e9-b008-09b89ef78bd9,4,0.3403148949146271,0.29815465211868286,-0.042160242795944214
0,24037,65,2.75,high fiving,8fa1d226-bf98-4c72-8961-7121546d4a11,0,0.29594331979751587,0.27258267998695374,-0.023360639810562134
2,24038,20,2.75,playing,c49bbdbd-6e52-4da5-887c-72db9cec7d93,2,1.0,0.46540114283561707,-0.5345988571643829
4,24039,16,2.75,playing hide and seek ,46c1720a-0af5-44e9-b008-09b89ef78bd9,4,0.493427038192749,0.18133260309696198,-0.31209443509578705
6,24040,23,2.75,Grey dot at a distance and then coming up to the black dot to be bounced back,d445e5d9-95ae-4a8f-a6bf-53380fef78b4,6,0.2576971650123596,0.13741713762283325,-0.12028002738952637
2,24041,5,2.75,running around,204d8c5c-c9ac-4aef-956d-74de8c6eedc4,2,0.456896036863327,0.3924204707145691,-0.06447556614875793
0,24042,12,2.75,playing  tag,59df47e5-696a-407f-aa33-94dab9b3e492,0,0.6409550309181213,0.271896630525589,-0.36905840039253235
4,24043,95,2.75,tag,cc654364-6ba7-42d1-b98c-c44f96b2e4e4,4,0.3403148949146271,0.29815465211868286,-0.042160242795944214
5,24044,43,2.75,bouncing off each other,112b96b3-6518-4053-ad9f-ff77320acc23,5,0.32118067145347595,0.3203405737876892,-0.0008400976657867432
1,24045,92,2.75,dancing,32110051-52cf-4952-a6e5-4c5fe75760b7,1,0.45027947425842285,0.3849746584892273,-0.06530481576919556
0,24046,15,2.75,Playing,94eac034-9d70-40c0-89d4-d9a030a03d26,0,1.0,0.46540114283561707,-0.5345988571643829
3,24047,9,2.75,Fencing,88ff8e25-5b4f-453c-add2-298ef66c683c,3,0.3411329686641693,0.44563689827919006,0.10450392961502075
3,24048,67,2.75,playing,46c1720a-0af5-44e9-b008-09b89ef78bd9,3,1.0,0.46540114283561707,-0.5345988571643829
6,24049,73,2.75,coming together then moving apart,215ead11-5650-429d-b541-0b107fbb996a,6,0.21111612021923065,0.29737406969070435,0.0862579494714737
2,24050,14,2.75,"playing, running into each other",c496efe1-6c3e-480d-856f-af132dbe7048,2,0.6725066900253296,0.3745455741882324,-0.29796111583709717
1,24051,23,2.75,The dots were moving to and fro.,d445e5d9-95ae-4a8f-a6bf-53380fef78b4,1,0.17285233736038208,0.15391314029693604,-0.018939197063446045
0,24052,82,2.75,playing tag,8fa1d226-bf98-4c72-8961-7121546d4a11,0,0.6409550309181213,0.271896630525589,-0.36905840039253235
4,24053,77,2.75,Playing,8dc79a0d-b826-4ac2-8483-04346b06960d,4,1.0,0.46540114283561707,-0.5345988571643829
2,24054,4,2.75,playing chase,42a6675b-868f-488d-a671-17a04c97ab01,2,0.6131830811500549,0.3377099931240082,-0.27547308802604675
3,24055,66,2.75,Playing tag,c496efe1-6c3e-480d-856f-af132dbe7048,3,0.6409550309181213,0.271896630525589,-0.36905840039253235
4,24056,1,2.75,playing,8fa1d226-bf98-4c72-8961-7121546d4a11,4,1.0,0.46540114283561707,-0.5345988571643829
6,24057,12,2.75,Playing,59df47e5-696a-407f-aa33-94dab9b3e492,6,1.0,0.46540114283561707,-0.5345988571643829
3,24058,96,2.75,enjoying the surroundings,8dc79a0d-b826-4ac2-8483-04346b06960d,3,0.39381131529808044,0.21632854640483856,-0.17748276889324188
0,24059,7,2.75,Moving around then coming together,32110051-52cf-4952-a6e5-4c5fe75760b7,0,0.26558688282966614,0.2766278088092804,0.011040925979614258
2,24060,19,2.75,dancing,c49bbdbd-6e52-4da5-887c-72db9cec7d93,2,0.45027947425842285,0.3849746584892273,-0.06530481576919556
2,24061,89,2.75,Meeting,c3cfe5d9-0b66-460b-a3db-a76a0df825ae,2,0.3565537929534912,0.3726089298725128,0.016055136919021606
1,24062,63,2.75,running alongside one another than colliding,4a2adf87-0f15-4bc0-9837-899addfb179c,1,0.23068317770957947,0.2686198353767395,0.037936657667160034
1,24063,0,2.75,Colliding,3fd185a3-34a1-4f1a-9d01-aee3deee3988,1,0.38597387075424194,0.4753241539001465,0.08935028314590454
1,24064,16,2.75,Marco polo,46c1720a-0af5-44e9-b008-09b89ef78bd9,1,0.21506567299365997,0.20716170966625214,-0.007903963327407837
2,24065,10,2.75,running round park,215ead11-5650-429d-b541-0b107fbb996a,2,0.34361532330513,0.2426605224609375,-0.1009548008441925
1,24066,59,2.75,Bumping together,c496efe1-6c3e-480d-856f-af132dbe7048,1,0.2793913781642914,0.3342806100845337,0.05488923192024231
2,24067,90,2.75,passing something to each other,d445e5d9-95ae-4a8f-a6bf-53380fef78b4,2,0.1996738165616989,0.17003504931926727,-0.02963876724243164
0,24068,57,2.75,They are playing tag.,bcca6dd9-a0e7-4373-9ebc-93e6e619ca4a,0,0.4779420495033264,0.20273660123348236,-0.27520544826984406
0,24069,42,2.75,playing tag,215ead11-5650-429d-b541-0b107fbb996a,0,0.6409550309181213,0.271896630525589,-0.36905840039253235
6,24070,24,2.75,playing ball,8fa1d226-bf98-4c72-8961-7121546d4a11,6,0.7728583812713623,0.39056286215782166,-0.38229551911354065
4,24071,22,2.75,Somehow slowly approached one another,59df47e5-696a-407f-aa33-94dab9b3e492,4,0.2443416863679886,0.2590814232826233,0.014739736914634705
5,24072,11,2.75,running into each other,bcca6dd9-a0e7-4373-9ebc-93e6e619ca4a,5,0.3382231891155243,0.35371220111846924,0.015489012002944946
5,24073,35,2.75,playing tag,8dc79a0d-b826-4ac2-8483-04346b06960d,5,0.6409550309181213,0.271896630525589,-0.36905840039253235
6,24074,76,2.75,riding in 'bumper' cars,94eac034-9d70-40c0-89d4-d9a030a03d26,6,0.22545106709003448,0.2590177059173584,0.033566638827323914
4,24075,46,2.75,swinging ,c3cfe5d9-0b66-460b-a3db-a76a0df825ae,4,0.4605644941329956,0.38996419310569763,-0.07060030102729797
3,24076,36,2.75,bump run around and play,4a2adf87-0f15-4bc0-9837-899addfb179c,3,0.5129407644271851,0.22133119404315948,-0.2916095703840256
1,24077,24,2.75,bouncing ,8fa1d226-bf98-4c72-8961-7121546d4a11,1,0.41099509596824646,0.34041696786880493,-0.07057812809944153
2,24078,30,2.75,Playing mostly independantly,215ead11-5650-429d-b541-0b107fbb996a,2,0.6270672082901001,0.3232637941837311,-0.303803414106369
5,24079,38,2.75,Hugging,112b96b3-6518-4053-ad9f-ff77320acc23,5,0.2686764895915985,0.4343211054801941,0.16564461588859558
3,24080,37,2.75,Perhaps playing a game,c3cfe5d9-0b66-460b-a3db-a76a0df825ae,3,0.7079014778137207,0.3501695692539215,-0.3577319085597992
1,24081,1,2.75,going around in a circle touching for a short time,8fa1d226-bf98-4c72-8961-7121546d4a11,1,0.16927750408649445,0.10591811686754227,-0.06335938721895218
6,24082,93,2.75,Chasing ,0bad25fa-4a38-4561-9d35-56f1108797cd,6,0.4900258779525757,0.3591281473636627,-0.13089773058891296
2,24083,7,2.75,Walking around before 1 dot would start moving to a centre point with the other dot reacting and trying to beat the first dot to the centre,32110051-52cf-4952-a6e5-4c5fe75760b7,2,0.20965586602687836,0.13638761639595032,-0.07326824963092804
0,24084,47,2.75,playing tag,8dc79a0d-b826-4ac2-8483-04346b06960d,0,0.6409550309181213,0.271896630525589,-0.36905840039253235
0,24085,32,2.75,playing catch,46c1720a-0af5-44e9-b008-09b89ef78bd9,0,0.6071312427520752,0.27450284361839294,-0.33262839913368225
2,24086,69,2.75,Running,c3cfe5d9-0b66-460b-a3db-a76a0df825ae,2,0.5148481130599976,0.4141086935997009,-0.10073941946029663
3,24087,39,2.75,walking and touching,32110051-52cf-4952-a6e5-4c5fe75760b7,3,0.21381132304668427,0.22905251383781433,0.015241190791130066
2,24088,21,2.75,"Same as before, maybe tag game",0bad25fa-4a38-4561-9d35-56f1108797cd,2,0.3532053232192993,0.18761220574378967,-0.16559311747550964
6,24089,34,2.75,playing hide and seek,204d8c5c-c9ac-4aef-956d-74de8c6eedc4,6,0.493427038192749,0.18133260309696198,-0.31209443509578705
6,24090,17,2.75,They were going very slow and then they crashed,112b96b3-6518-4053-ad9f-ff77320acc23,6,0.205379918217659,0.16748838126659393,-0.037891536951065063
4,24091,25,2.75,chasing a dragonfly,42a6675b-868f-488d-a671-17a04c97ab01,4,0.26426970958709717,0.24429574608802795,-0.019973963499069214
0,24092,18,2.75,Playing Tag,d445e5d9-95ae-4a8f-a6bf-53380fef78b4,0,0.6409550309181213,0.271896630525589,-0.36905840039253235
4,24093,10,2.75,The dots were playing ball,215ead11-5650-429d-b541-0b107fbb996a,4,0.44847792387008667,0.15734928846359253,-0.29112863540649414
0,24094,98,2.75,playing,c49bbdbd-6e52-4da5-887c-72db9cec7d93,0,1.0,0.46540114283561707,-0.5345988571643829
3,24095,64,2.75,just playing,d445e5d9-95ae-4a8f-a6bf-53380fef78b4,3,0.8035852313041687,0.3497523069381714,-0.4538329243659973
5,24096,33,2.75,"Wanting to interactive with each other, and does, but hesitantly",c496efe1-6c3e-480d-856f-af132dbe7048,5,0.331345796585083,0.18160641193389893,-0.14973938465118408
3,24097,84,2.75,playing tag,204d8c5c-c9ac-4aef-956d-74de8c6eedc4,3,0.6409550309181213,0.271896630525589,-0.36905840039253235
6,24098,41,2.75,Playing hide and seek,59df47e5-696a-407f-aa33-94dab9b3e492,6,0.493427038192749,0.18133260309696198,-0.31209443509578705
0,24099,86,2.75,fighting,bcca6dd9-a0e7-4373-9ebc-93e6e619ca4a,0,0.46540117263793945,1.0000001192092896,0.5345989465713501
5,24100,71,2.75,playing,42a6675b-868f-488d-a671-17a04c97ab01,5,1.0,0.46540114283561707,-0.5345988571643829
3,24101,82,2.75,Run-up High-fiving,8fa1d226-bf98-4c72-8961-7121546d4a11,3,0.18905261158943176,0.10539090633392334,-0.08366170525550842
1,24000,22,4.0,collision (fighting),86e26a06-c6f9-47dc-bc1f-1c78f1f93251,1,0.33324143290519714,0.6330282688140869,0.29978683590888977
5,24001,5,4.0,dancing,50781782-fbf2-4226-a593-5173be906638,5,0.45027947425842285,0.3849746584892273,-0.06530481576919556
4,24002,20,4.0,They are cautiously moving then meeting each other in the middle.,fb491605-8f46-43ab-ba62-bfd86d95e4d6,4,0.17409250140190125,0.2338394969701767,0.05974699556827545
6,24003,85,4.0,playing frog leap,96c2a684-adc3-4f98-8b2a-c19c48e7f5a9,6,0.4414166510105133,0.2518707513809204,-0.1895458996295929
6,24004,88,4.0,flowing,50bec0a0-7e7c-4edd-a8eb-394750dbdb77,6,0.29502764344215393,0.2921062707901001,-0.002921372652053833
4,24005,27,4.0,"slowly moving, coming together and then splitting apart",50bec0a0-7e7c-4edd-a8eb-394750dbdb77,4,0.20116235315799713,0.22535322606563568,0.02419087290763855
0,24006,52,4.0,swordfighting,83dec58f-0765-4ddc-b785-670d8025c467,0,0.3748055398464203,0.618373453617096,0.24356791377067566
6,24007,13,4.0,swimming,7413c064-c0e5-4104-89aa-79d64ef9d6d9,6,0.3796187937259674,0.35078105330467224,-0.028837740421295166
1,24008,54,4.0,Running back and forth into each other ,86e26a06-c6f9-47dc-bc1f-1c78f1f93251,1,0.3606763184070587,0.32255202531814575,-0.038124293088912964
5,24009,8,4.0,dont know,96c2a684-adc3-4f98-8b2a-c19c48e7f5a9,5,0.2802979350090027,0.24042190611362457,-0.03987602889537811
2,24010,11,4.0,the dots moves around and later then they came together,1a1c3419-9320-46a3-8b48-10e9514c3e7d,2,0.16910016536712646,0.13921350240707397,-0.02988666296005249
0,24011,60,4.0,running and tagging ,48fe3ca9-b1df-491d-bef9-6d9c5edee227,0,0.2930631935596466,0.20281298458576202,-0.09025020897388458
6,24012,87,4.0,hide and seek,9f53cd68-f278-45d6-806a-74eeef55bbcc,6,0.31166601181030273,0.22193656861782074,-0.089729443192482
3,24013,45,4.0,fighting,0890b767-b394-4f89-aea1-c60cab7014af,3,0.46540117263793945,1.0000001192092896,0.5345989465713501
3,24014,75,4.0,"Before slowly touching each other, move counterclockwise ",fb491605-8f46-43ab-ba62-bfd86d95e4d6,3,0.12296462059020996,0.10346125811338425,-0.019503362476825714
1,24015,9,4.0,they seemed attracted to one another,1d41f125-7386-42b4-8250-f6c540c627a8,1,0.10234469175338745,0.17047183215618134,0.06812714040279388
3,24016,13,4.0,catching up,7413c064-c0e5-4104-89aa-79d64ef9d6d9,3,0.41205236315727234,0.2750977873802185,-0.13695457577705383
4,24017,31,4.0,the dots were running into each other,7413c064-c0e5-4104-89aa-79d64ef9d6d9,4,0.23494546115398407,0.21132545173168182,-0.023620009422302246
2,24018,8,4.0,pushing each other for fun,96c2a684-adc3-4f98-8b2a-c19c48e7f5a9,2,0.3993161916732788,0.3612031936645508,-0.03811299800872803
3,24019,14,4.0,"Slow and lethargic, but still headbutting in a seeking manner.",7c45bceb-e7dc-4a58-a9f2-02aa015541c6,3,0.18041160702705383,0.19969463348388672,0.019283026456832886
4,24020,2,4.0,playing a sword game,70326c05-1133-4c5d-8a4c-3e71e0da8479,4,0.4991549253463745,0.35869887471199036,-0.14045605063438416
1,24021,50,4.0,playing tag together,68382d9c-6cc5-4669-84bf-c8058e3c1472,1,0.46340763568878174,0.26458144187927246,-0.19882619380950928
5,24022,68,4.0,hide and seek,1f7aa6f4-6516-4b90-8eeb-142b1437644b,5,0.31166601181030273,0.22193656861782074,-0.089729443192482
1,24023,57,4.0,The dots move away from each other and then collide. The grey dot seemed to instigate the collision.,114b2369-dce5-4979-8319-c64c85175e6a,1,0.1508345752954483,0.144222229719162,-0.006612345576286316
1,24024,17,4.0,notiing each other and playing,86e26a06-c6f9-47dc-bc1f-1c78f1f93251,1,0.6155173778533936,0.35714778304100037,-0.2583695948123932
6,24025,3,4.0,Grey dot was hassling the black dot,50bec0a0-7e7c-4edd-a8eb-394750dbdb77,6,0.21429595351219177,0.10738576203584671,-0.10691019147634506
5,24026,3,4.0,The dots are playing,50bec0a0-7e7c-4edd-a8eb-394750dbdb77,5,0.4747754633426666,0.16272984445095062,-0.312045618891716
3,24027,6,4.0,playing a game,1f7aa6f4-6516-4b90-8eeb-142b1437644b,3,0.8228989243507385,0.3966796100139618,-0.42621931433677673
6,24028,6,4.0,The kids crossed path while roaming around,1f7aa6f4-6516-4b90-8eeb-142b1437644b,6,0.138559028506279,0.07609924674034119,-0.062459781765937805
1,24029,4,4.0,moving up and down and hitting each other,9f53cd68-f278-45d6-806a-74eeef55bbcc,1,0.3376229703426361,0.33854901790618896,0.0009260475635528564
5,24030,25,4.0,the dots are dancing,70326c05-1133-4c5d-8a4c-3e71e0da8479,5,0.24653051793575287,0.13946831226348877,-0.1070622056722641
0,24031,49,4.0,Running,50bec0a0-7e7c-4edd-a8eb-394750dbdb77,0,0.5148481130599976,0.4141086935997009,-0.10073941946029663
1,24032,62,4.0,playing football,7c45bceb-e7dc-4a58-a9f2-02aa015541c6,1,0.650100827217102,0.41803357005119324,-0.2320672571659088
5,24033,56,4.0,The grey dot has the higher power but the black dot kept doing after the grey dot.,609aaddc-b0c4-4442-b4ef-ba29fa1dbe22,5,0.07577115297317505,0.04401809349656105,-0.031753059476614
0,24034,94,4.0,They were playing with each other,7413c064-c0e5-4104-89aa-79d64ef9d6d9,0,0.519144594669342,0.36039841175079346,-0.15874618291854858
1,24035,19,4.0,moving apart from each other then came back together twice,a0007ede-8266-4a38-bf86-2a3e66d5d5d4,1,0.1557627171278,0.2488672435283661,0.0931045264005661
3,24036,54,4.0,Swings,86e26a06-c6f9-47dc-bc1f-1c78f1f93251,3,0.4046834707260132,0.33181533217430115,-0.07286813855171204
3,24037,65,4.0,playing tag,50781782-fbf2-4226-a593-5173be906638,3,0.6409550309181213,0.271896630525589,-0.36905840039253235
3,24038,20,4.0,running around ,fb491605-8f46-43ab-ba62-bfd86d95e4d6,3,0.456896036863327,0.3924204707145691,-0.06447556614875793
5,24039,16,4.0,running in circles then bumping in to each other ,48fe3ca9-b1df-491d-bef9-6d9c5edee227,5,0.2034156173467636,0.2186339944601059,0.015218377113342285
5,24040,23,4.0,Grey was more aggresive and catching up to the black dot and bouncing off them,9f53cd68-f278-45d6-806a-74eeef55bbcc,5,0.16790838539600372,0.14243675768375397,-0.025471627712249756
1,24041,5,4.0,running around,50781782-fbf2-4226-a593-5173be906638,1,0.456896036863327,0.3924204707145691,-0.06447556614875793
2,24042,12,4.0,They are running,5dd4bcf1-ee00-4ee7-8a76-483bdc62202c,2,0.24818192422389984,0.16583479940891266,-0.08234712481498718
6,24043,95,4.0,tag,a0007ede-8266-4a38-bf86-2a3e66d5d5d4,6,0.3403148949146271,0.29815465211868286,-0.042160242795944214
3,24044,43,4.0,tackling each other,70326c05-1133-4c5d-8a4c-3e71e0da8479,3,0.374269962310791,0.41764599084854126,0.043376028537750244
3,24045,92,4.0,playing football,68382d9c-6cc5-4669-84bf-c8058e3c1472,3,0.650100827217102,0.41803357005119324,-0.2320672571659088
1,24046,15,4.0,Walking around,609aaddc-b0c4-4442-b4ef-ba29fa1dbe22,1,0.34558194875717163,0.30430689454078674,-0.04127505421638489
4,24047,9,4.0,Fighting,1d41f125-7386-42b4-8250-f6c540c627a8,4,0.46540117263793945,1.0000001192092896,0.5345989465713501
2,24048,67,4.0,running back and forth,86e26a06-c6f9-47dc-bc1f-1c78f1f93251,2,0.419791042804718,0.313440203666687,-0.106350839138031
0,24049,73,4.0,circling then coming together,609aaddc-b0c4-4442-b4ef-ba29fa1dbe22,0,0.248772993683815,0.25646406412124634,0.0076910704374313354
1,24050,14,4.0,"playing, running into each other",7c45bceb-e7dc-4a58-a9f2-02aa015541c6,1,0.6725066900253296,0.3745455741882324,-0.29796111583709717
6,24051,23,4.0,The dots were moving to and fro.,9f53cd68-f278-45d6-806a-74eeef55bbcc,6,0.17285233736038208,0.15391314029693604,-0.018939197063446045
4,24052,82,4.0,playing tag,fb491605-8f46-43ab-ba62-bfd86d95e4d6,4,0.6409550309181213,0.271896630525589,-0.36905840039253235
1,24053,77,4.0,Fighting,50bec0a0-7e7c-4edd-a8eb-394750dbdb77,1,0.46540117263793945,1.0000001192092896,0.5345989465713501
4,24054,4,4.0,hide and seek,9f53cd68-f278-45d6-806a-74eeef55bbcc,4,0.31166601181030273,0.22193656861782074,-0.089729443192482
1,24055,66,4.0,Running around then high fiving each other,96c2a684-adc3-4f98-8b2a-c19c48e7f5a9,1,0.3090869188308716,0.30971139669418335,0.0006244778633117676
5,24056,1,4.0,playing a game,114b2369-dce5-4979-8319-c64c85175e6a,5,0.8228989243507385,0.3966796100139618,-0.42621931433677673
5,24057,12,4.0,Playing,5dd4bcf1-ee00-4ee7-8a76-483bdc62202c,5,1.0,0.46540114283561707,-0.5345988571643829
5,24058,96,4.0,walking around the park,1a1c3419-9320-46a3-8b48-10e9514c3e7d,5,0.28754347562789917,0.18870216608047485,-0.09884130954742432
4,24059,7,4.0,The grey dot appear to be running or approaching the other dot with speed. The black dot didn't move as much,0890b767-b394-4f89-aea1-c60cab7014af,4,0.18675561249256134,0.0609220489859581,-0.12583356350660324
0,24060,19,4.0,butting heads,a0007ede-8266-4a38-bf86-2a3e66d5d5d4,0,0.24925392866134644,0.35870298743247986,0.10944905877113342
1,24061,89,4.0,Circling,70326c05-1133-4c5d-8a4c-3e71e0da8479,1,0.3279060423374176,0.281278520822525,-0.04662752151489258
4,24062,63,4.0,running away and towards each other,1d41f125-7386-42b4-8250-f6c540c627a8,4,0.2735404074192047,0.3230631947517395,0.04952278733253479
3,24063,0,4.0,Aloof and then confronting each other,fb491605-8f46-43ab-ba62-bfd86d95e4d6,3,0.22941811382770538,0.3995128571987152,0.17009474337100983
3,24064,16,4.0,Whoever touches each other first ,48fe3ca9-b1df-491d-bef9-6d9c5edee227,3,0.3014571964740753,0.22338193655014038,-0.07807525992393494
5,24065,10,4.0,fighting,83dec58f-0765-4ddc-b785-670d8025c467,5,0.46540117263793945,1.0000001192092896,0.5345989465713501
0,24066,59,4.0,bumping together ,1d41f125-7386-42b4-8250-f6c540c627a8,0,0.2793913781642914,0.3342806100845337,0.05488923192024231
3,24067,90,4.0,Bumping into each other,0890b767-b394-4f89-aea1-c60cab7014af,3,0.2541939318180084,0.301634281873703,0.04744035005569458
6,24068,57,4.0,They are playing a game.,114b2369-dce5-4979-8319-c64c85175e6a,6,0.5862377882003784,0.25131240487098694,-0.3349253833293915
6,24069,42,4.0,playing with pets,96c2a684-adc3-4f98-8b2a-c19c48e7f5a9,6,0.4817076027393341,0.2741999626159668,-0.2075076401233673
2,24070,24,4.0,run and touch game,1a1c3419-9320-46a3-8b48-10e9514c3e7d,2,0.49179473519325256,0.2156912237405777,-0.27610351145267487
3,24071,22,4.0,Shared in some moments,86e26a06-c6f9-47dc-bc1f-1c78f1f93251,3,0.23108142614364624,0.2724115550518036,0.04133012890815735
0,24072,11,4.0,fighting,1a1c3419-9320-46a3-8b48-10e9514c3e7d,0,0.46540117263793945,1.0000001192092896,0.5345989465713501
4,24073,35,4.0,playing tag,a0007ede-8266-4a38-bf86-2a3e66d5d5d4,4,0.6409550309181213,0.271896630525589,-0.36905840039253235
2,24074,76,4.0,playing a game,7413c064-c0e5-4104-89aa-79d64ef9d6d9,2,0.8228989243507385,0.3966796100139618,-0.42621931433677673
1,24075,46,4.0,running around ,7413c064-c0e5-4104-89aa-79d64ef9d6d9,1,0.456896036863327,0.3924204707145691,-0.06447556614875793
6,24076,36,4.0,moving around interacting bumping and playing,609aaddc-b0c4-4442-b4ef-ba29fa1dbe22,6,0.44933050870895386,0.27482303977012634,-0.17450746893882751
3,24077,24,4.0,tagging,1a1c3419-9320-46a3-8b48-10e9514c3e7d,3,0.24047420918941498,0.24683910608291626,0.006364896893501282
3,24078,30,4.0,Something between chicken and self play,48fe3ca9-b1df-491d-bef9-6d9c5edee227,3,0.45849257707595825,0.2442200630903244,-0.21427251398563385
4,24079,38,4.0,Playing ,114b2369-dce5-4979-8319-c64c85175e6a,4,1.0,0.46540114283561707,-0.5345988571643829
0,24080,37,4.0,Seems like they may be fighting or running at each other,5dd4bcf1-ee00-4ee7-8a76-483bdc62202c,0,0.2259732335805893,0.4403163194656372,0.2143430858850479
2,24081,1,4.0,going in the opposite direction to each other  ,114b2369-dce5-4979-8319-c64c85175e6a,2,0.2108965814113617,0.2800964117050171,0.0691998302936554
5,24082,93,4.0,Moving around and slowly going towards each other ,5dd4bcf1-ee00-4ee7-8a76-483bdc62202c,5,0.24968071281909943,0.2485118806362152,-0.0011688321828842163
1,24083,7,4.0,Walking or jogging around before rushing to a centre point.,0890b767-b394-4f89-aea1-c60cab7014af,1,0.28005966544151306,0.1531364470720291,-0.12692321836948395
5,24084,47,4.0,hide and seek,7c45bceb-e7dc-4a58-a9f2-02aa015541c6,5,0.31166601181030273,0.22193656861782074,-0.089729443192482
2,24085,32,4.0,hide and seek,1f7aa6f4-6516-4b90-8eeb-142b1437644b,2,0.31166601181030273,0.22193656861782074,-0.089729443192482
6,24086,69,4.0,Games,114b2369-dce5-4979-8319-c64c85175e6a,6,0.711652934551239,0.4718712866306305,-0.23978164792060852
4,24087,39,4.0,running towards each other,68382d9c-6cc5-4669-84bf-c8058e3c1472,4,0.30618607997894287,0.30705735087394714,0.0008712708950042725
6,24088,21,4.0,Does it represent bullying maybe? dark dot wont leave grey dot alone,96c2a684-adc3-4f98-8b2a-c19c48e7f5a9,6,0.15639184415340424,0.19908732175827026,0.04269547760486603
5,24089,34,4.0,playing soccer,83dec58f-0765-4ddc-b785-670d8025c467,5,0.6461647748947144,0.35436421632766724,-0.2918005585670471
5,24090,17,4.0,They attracted each other to slowly collide,86e26a06-c6f9-47dc-bc1f-1c78f1f93251,5,0.18199358880519867,0.34077829122543335,0.15878470242023468
5,24091,25,4.0,playing catch,70326c05-1133-4c5d-8a4c-3e71e0da8479,5,0.6071312427520752,0.27450284361839294,-0.33262839913368225
4,24092,18,4.0,Running,68382d9c-6cc5-4669-84bf-c8058e3c1472,4,0.5148481130599976,0.4141086935997009,-0.10073941946029663
0,24093,10,4.0,playing,83dec58f-0765-4ddc-b785-670d8025c467,0,1.0,0.46540114283561707,-0.5345988571643829
6,24094,98,4.0,running into each other,50781782-fbf2-4226-a593-5173be906638,6,0.3382231891155243,0.35371220111846924,0.015489012002944946
5,24095,64,4.0,they were chasing each other,5dd4bcf1-ee00-4ee7-8a76-483bdc62202c,5,0.273232638835907,0.31761592626571655,0.04438328742980957
1,24096,33,4.0,Purposely running into each other ,7c45bceb-e7dc-4a58-a9f2-02aa015541c6,1,0.3145832419395447,0.31124284863471985,-0.003340393304824829
6,24097,84,4.0,chasing the other,1f7aa6f4-6516-4b90-8eeb-142b1437644b,6,0.3920572102069855,0.34857574105262756,-0.04348146915435791
5,24098,41,4.0,Playing apart and then joining eachother again,a0007ede-8266-4a38-bf86-2a3e66d5d5d4,5,0.45620378851890564,0.31420525908470154,-0.1419985294342041
4,24099,86,4.0,Seems that they are attracted to each other?,83dec58f-0765-4ddc-b785-670d8025c467,4,0.11391060799360275,0.17997793853282928,0.06606733053922653
0,24100,71,4.0,connecting each other.,83dec58f-0765-4ddc-b785-670d8025c467,0,0.3402863144874573,0.3175501525402069,-0.022736161947250366
2,24101,82,4.0,Playing,fb491605-8f46-43ab-ba62-bfd86d95e4d6,2,1.0,0.46540114283561707,-0.5345988571643829
5,24000,22,5.25,Getting tired of fighting.,82cc23d1-ba4b-48c5-995a-a30d865ea249,5,0.24947281181812286,0.7102656960487366,0.4607928842306137
2,24001,5,5.25,fighting,4cf04acf-6776-453a-a811-1c5e51c2ece4,2,0.46540117263793945,1.0000001192092896,0.5345989465713501
2,24002,20,5.25,They are running around and up to each other.,8e0deaa9-1ac5-4e69-817a-3204f157f360,2,0.24695464968681335,0.2654682397842407,0.018513590097427368
3,24003,85,5.25,fighting,86e934a2-75ef-4084-a167-ce0ca737532d,3,0.46540117263793945,1.0000001192092896,0.5345989465713501
2,24004,88,5.25,playing,8b72023d-88b1-4615-b871-cac794edf1d9,2,1.0,0.46540114283561707,-0.5345988571643829
2,24005,27,5.25,meandering then rushing together,27f4d7f8-d998-48b2-a3e4-f885f21c713d,2,0.3216545283794403,0.324083149433136,0.0024286210536956787
5,24006,52,5.25,tagging each other,8e0deaa9-1ac5-4e69-817a-3204f157f360,5,0.1502511203289032,0.22139406204223633,0.07114294171333313
2,24007,13,5.25,Running around,27f4d7f8-d998-48b2-a3e4-f885f21c713d,2,0.456896036863327,0.3924204707145691,-0.06447556614875793
2,24008,54,5.25,Playing tag,46786fd0-ca59-4ffa-a772-fe489fdbd94c,2,0.6409550309181213,0.271896630525589,-0.36905840039253235
1,24009,8,5.25,racing,39d4c0f1-9195-4761-98c6-457bad8a2291,1,0.42952895164489746,0.4129354953765869,-0.016593456268310547
3,24010,11,5.25,at this stage the white dot move to where the black dot is and later they meet together,5f5a825b-b433-4986-b5d6-5239eb407d32,3,0.19330604374408722,0.12785324454307556,-0.06545279920101166
4,24011,60,5.25,hide and seek,384dc3de-9717-4531-83a1-683588fe1381,4,0.31166601181030273,0.22193656861782074,-0.089729443192482
4,24012,87,5.25,wrestling,8a889364-bfa4-42f7-8d4c-ee7478ea863c,4,0.3662254512310028,0.5506446957588196,0.18441924452781677
0,24013,45,5.25,play fighting,2d3d47a2-03c8-4642-84ec-a8f67c64868c,0,0.5840149521827698,0.8009829521179199,0.21696799993515015
4,24014,75,5.25,Move clockwise before slowly touching each other ,46786fd0-ca59-4ffa-a772-fe489fdbd94c,4,0.13142232596874237,0.10103584825992584,-0.03038647770881653
2,24015,9,5.25,fighting perhaps?,8e0deaa9-1ac5-4e69-817a-3204f157f360,2,0.30291253328323364,0.7004124522209167,0.3974999189376831
1,24016,13,5.25,Rough,27f4d7f8-d998-48b2-a3e4-f885f21c713d,1,0.2985057234764099,0.3492458462715149,0.05074012279510498
3,24017,31,5.25,the dots were colliding into each other when they got close,4cf04acf-6776-453a-a811-1c5e51c2ece4,3,0.17745764553546906,0.17352032661437988,-0.003937318921089172
5,24018,8,5.25,doing in rhythm,39d4c0f1-9195-4761-98c6-457bad8a2291,5,0.3486885130405426,0.26713162660598755,-0.08155688643455505
5,24019,14,5.25,Calculated and with motive. ,1b4e0da1-e8b8-4342-8d4f-9d2a551e7fed,5,0.22804513573646545,0.20146211981773376,-0.02658301591873169
5,24020,2,5.25,playing a wrestling game,8a889364-bfa4-42f7-8d4c-ee7478ea863c,5,0.5181846022605896,0.43737366795539856,-0.08081093430519104
0,24021,50,5.25,running too and fro,384dc3de-9717-4531-83a1-683588fe1381,0,0.3263997733592987,0.28656286001205444,-0.03983691334724426
2,24022,68,5.25,playing,4cf04acf-6776-453a-a811-1c5e51c2ece4,2,1.0,0.46540114283561707,-0.5345988571643829
4,24023,57,5.25,"The grey dot follows the black dot and then sudden speed up. When it gets close to the black dot, the black then moves toward the grey dot causing them to collide.",9ed3a785-369e-4eb1-b5ca-50d2602a44d4,4,0.19691935181617737,0.15785379707813263,-0.03906555473804474
4,24024,17,5.25,playing a game running then coming together at intervals,0a4312a1-7156-4c68-9698-0f1495558bee,4,0.44103628396987915,0.21116098761558533,-0.22987529635429382
0,24025,3,5.25,bouncing into each other,82cc23d1-ba4b-48c5-995a-a30d865ea249,0,0.3097415268421173,0.31272733211517334,0.0029858052730560303
0,24026,3,5.25,The dots were hitting each other,82cc23d1-ba4b-48c5-995a-a30d865ea249,0,0.2574514150619507,0.24096639454364777,-0.016485020518302917
1,24027,6,5.25,chasing one another,9ed3a785-369e-4eb1-b5ca-50d2602a44d4,1,0.3682821989059448,0.3609667122364044,-0.007315486669540405
4,24028,6,5.25,One child was following another,9ed3a785-369e-4eb1-b5ca-50d2602a44d4,4,0.13914531469345093,0.15573930740356445,0.016593992710113525
6,24029,4,5.25,moving apart then clicking together again,9cf1ba8f-113d-408d-831d-4cf31ca51b3b,6,0.19525930285453796,0.15347200632095337,-0.041787296533584595
1,24030,25,5.25,"i would say they were fighting, the coming together seemed more aggressive",1b4e0da1-e8b8-4342-8d4f-9d2a551e7fed,1,0.09024807065725327,0.5529505610466003,0.4627024903893471
1,24031,49,5.25,Hide and seek,2ef99e5f-bc49-429b-b086-41ed4571b58a,1,0.31166601181030273,0.22193656861782074,-0.089729443192482
0,24032,62,5.25,Playing tag.,35ae5b09-f580-4922-91bd-f22c23175a47,0,0.7021768093109131,0.36585021018981934,-0.33632659912109375
1,24033,56,5.25,"They got lower, knocking into each other.",4cf04acf-6776-453a-a811-1c5e51c2ece4,1,0.1878829151391983,0.4123929440975189,0.22451002895832062
1,24034,94,5.25,The dots were running around and then hitting into each other,384dc3de-9717-4531-83a1-683588fe1381,1,0.24040497839450836,0.20100919902324677,-0.0393957793712616
4,24035,19,5.25,moved slowly before quickly striking each other,35ae5b09-f580-4922-91bd-f22c23175a47,4,0.23059211671352386,0.32910946011543274,0.09851734340190887
5,24036,54,5.25,Playing,46786fd0-ca59-4ffa-a772-fe489fdbd94c,5,1.0,0.46540114283561707,-0.5345988571643829
2,24037,65,5.25,fighting,86e934a2-75ef-4084-a167-ce0ca737532d,2,0.46540117263793945,1.0000001192092896,0.5345989465713501
4,24038,20,5.25,skating ,8e0deaa9-1ac5-4e69-817a-3204f157f360,4,0.39941051602363586,0.3122185468673706,-0.08719196915626526
6,24039,16,5.25,play fighting ,2d3d47a2-03c8-4642-84ec-a8f67c64868c,6,0.5840149521827698,0.8009829521179199,0.21696799993515015
3,24040,23,5.25,hiding/walking around and play fighting eachother,39d4c0f1-9195-4761-98c6-457bad8a2291,3,0.38638198375701904,0.536350429058075,0.1499684453010559
4,24041,5,5.25,chasing,4cf04acf-6776-453a-a811-1c5e51c2ece4,4,0.4900258779525757,0.3591281473636627,-0.13089773058891296
6,24042,12,5.25,Playing musical chairs,124d9b3a-acac-4627-93e0-f05b493598f3,6,0.44775623083114624,0.18346713483333588,-0.26428909599781036
0,24043,95,5.25,charging at each other,82cc23d1-ba4b-48c5-995a-a30d865ea249,0,0.18658018112182617,0.23947645723819733,0.052896276116371155
2,24044,43,5.25,Playing with a ball,0a4312a1-7156-4c68-9698-0f1495558bee,2,0.657873809337616,0.24922633171081543,-0.40864747762680054
6,24045,92,5.25,jumping,39d4c0f1-9195-4761-98c6-457bad8a2291,6,0.4727048873901367,0.397756427526474,-0.07494845986366272
6,24046,15,5.25,Playing video games,04b8ff17-66ff-4d6b-a0aa-a91efebb4368,6,0.6121774911880493,0.32654064893722534,-0.285636842250824
2,24047,9,5.25,Skateboarding,8e0deaa9-1ac5-4e69-817a-3204f157f360,2,0.34874388575553894,0.28085291385650635,-0.06789097189903259
1,24048,67,5.25,fighting,8e0deaa9-1ac5-4e69-817a-3204f157f360,1,0.46540117263793945,1.0000001192092896,0.5345989465713501
4,24049,73,5.25,coming together,8b72023d-88b1-4615-b871-cac794edf1d9,4,0.33689072728157043,0.3733856976032257,0.03649497032165527
6,24050,14,5.25,running into each other ,1b4e0da1-e8b8-4342-8d4f-9d2a551e7fed,6,0.3382231891155243,0.35371220111846924,0.015489012002944946
0,24051,23,5.25,children,39d4c0f1-9195-4761-98c6-457bad8a2291,0,0.35177841782569885,0.3144965171813965,-0.03728190064430237
1,24052,82,5.25,fighting,2ef99e5f-bc49-429b-b086-41ed4571b58a,1,0.46540117263793945,1.0000001192092896,0.5345989465713501
2,24053,77,5.25,walking ,124d9b3a-acac-4627-93e0-f05b493598f3,2,0.29361894726753235,0.3354141414165497,0.041795194149017334
6,24054,4,5.25,football,9cf1ba8f-113d-408d-831d-4cf31ca51b3b,6,0.5426803827285767,0.48581287264823914,-0.056867510080337524
5,24055,66,5.25,Pretending they're magnets,8a889364-bfa4-42f7-8d4c-ee7478ea863c,5,0.23031151294708252,0.1920187920331955,-0.038292720913887024
6,24056,1,5.25,playing tag,46786fd0-ca59-4ffa-a772-fe489fdbd94c,6,0.6409550309181213,0.271896630525589,-0.36905840039253235
2,24057,12,5.25,Chasing each other,124d9b3a-acac-4627-93e0-f05b493598f3,2,0.36912983655929565,0.3732987344264984,0.004168897867202759
1,24058,96,5.25,running then colliding,1b4e0da1-e8b8-4342-8d4f-9d2a551e7fed,1,0.39539188146591187,0.34917598962783813,-0.04621589183807373
6,24059,7,5.25,"The dots were drifting, then first the grey approached the black fast, then they drifted again and then the black approached the grey fast.",2ef99e5f-bc49-429b-b086-41ed4571b58a,6,0.1227555125951767,0.06044996529817581,-0.062305547297000885
1,24060,19,5.25,testing boundaries,35ae5b09-f580-4922-91bd-f22c23175a47,1,0.152567058801651,0.16022361814975739,0.007656559348106384
4,24061,89,5.25,Bouncing ,27f4d7f8-d998-48b2-a3e4-f885f21c713d,4,0.41099509596824646,0.34041696786880493,-0.07057812809944153
5,24062,63,5.25,the grey one seemed to be pursuing the black dot,0a4312a1-7156-4c68-9698-0f1495558bee,5,0.1865261346101761,0.146138533949852,-0.0403876006603241
6,24063,0,5.25,"Attacking each other, fighting",384dc3de-9717-4531-83a1-683588fe1381,6,0.3527175188064575,0.768449604511261,0.41573208570480347
0,24064,16,5.25,Running at each other ,2d3d47a2-03c8-4642-84ec-a8f67c64868c,0,0.3633069097995758,0.3366614878177643,-0.026645421981811523
1,24065,10,5.25,football,8b72023d-88b1-4615-b871-cac794edf1d9,1,0.5426803827285767,0.48581287264823914,-0.056867510080337524
2,24066,59,5.25,Charging each other.,82cc23d1-ba4b-48c5-995a-a30d865ea249,2,0.30897021293640137,0.33762431144714355,0.028654098510742188
1,24067,90,5.25,Playing tag ,46786fd0-ca59-4ffa-a772-fe489fdbd94c,1,0.6409550309181213,0.271896630525589,-0.36905840039253235
4,24068,57,5.25,They are playing soccer.,9ed3a785-369e-4eb1-b5ca-50d2602a44d4,4,0.3822299838066101,0.17901979386806488,-0.20321018993854523
1,24069,42,5.25,playing soccer,8b72023d-88b1-4615-b871-cac794edf1d9,1,0.6461647748947144,0.35436421632766724,-0.2918005585670471
4,24070,24,5.25,tap and run,2d3d47a2-03c8-4642-84ec-a8f67c64868c,4,0.3423207700252533,0.20485995709896088,-0.13746081292629242
2,24071,22,5.25,They had two small approaches,82cc23d1-ba4b-48c5-995a-a30d865ea249,2,0.09164268523454666,0.13647836446762085,0.04483567923307419
1,24072,11,5.25,crashing into each other,5f5a825b-b433-4986-b5d6-5239eb407d32,1,0.2583954930305481,0.27016913890838623,0.011773645877838135
1,24073,35,5.25,tagging each other,46786fd0-ca59-4ffa-a772-fe489fdbd94c,1,0.1502511203289032,0.22139406204223633,0.07114294171333313
0,24074,76,5.25,running and bumping,5f5a825b-b433-4986-b5d6-5239eb407d32,0,0.306662917137146,0.27621179819107056,-0.03045111894607544
3,24075,46,5.25,playing tag ,35ae5b09-f580-4922-91bd-f22c23175a47,3,0.6409550309181213,0.271896630525589,-0.36905840039253235
4,24076,36,5.25,bump run around play ,2ef99e5f-bc49-429b-b086-41ed4571b58a,4,0.5093299150466919,0.21126548945903778,-0.2980644255876541
5,24077,24,5.25,pushing,2d3d47a2-03c8-4642-84ec-a8f67c64868c,5,0.35610097646713257,0.40186023712158203,0.04575926065444946
6,24078,30,5.25,Hide and seek,9ed3a785-369e-4eb1-b5ca-50d2602a44d4,6,0.31166601181030273,0.22193656861782074,-0.089729443192482
1,24079,38,5.25,Colliding ,8a889364-bfa4-42f7-8d4c-ee7478ea863c,1,0.38597387075424194,0.4753241539001465,0.08935028314590454
1,24080,37,5.25,"Again, seems that they are running at each other and maybe fighting",86e934a2-75ef-4084-a167-ce0ca737532d,1,0.19979555904865265,0.4461410343647003,0.24634547531604767
0,24081,1,5.25,coming together for a short time and then away from each other,46786fd0-ca59-4ffa-a772-fe489fdbd94c,0,0.20490607619285583,0.24956117570400238,0.044655099511146545
2,24082,93,5.25,Hitting ,9cf1ba8f-113d-408d-831d-4cf31ca51b3b,2,0.5046802163124084,0.48129308223724365,-0.023387134075164795
5,24083,7,5.25,Walk around and take it in turns to try and creep up on the other dot before they realise.,2ef99e5f-bc49-429b-b086-41ed4571b58a,5,0.2176838219165802,0.04938435181975365,-0.16829947009682655
2,24084,47,5.25,fighting,5f5a825b-b433-4986-b5d6-5239eb407d32,2,0.46540117263793945,1.0000001192092896,0.5345989465713501
4,24085,32,5.25,tag,04b8ff17-66ff-4d6b-a0aa-a91efebb4368,4,0.3403148949146271,0.29815465211868286,-0.042160242795944214
1,24086,69,5.25,Playing,9ed3a785-369e-4eb1-b5ca-50d2602a44d4,1,1.0,0.46540114283561707,-0.5345988571643829
5,24087,39,5.25,playing tag,5f5a825b-b433-4986-b5d6-5239eb407d32,5,0.6409550309181213,0.271896630525589,-0.36905840039253235
5,24088,21,5.25,One chasing the other maybe,124d9b3a-acac-4627-93e0-f05b493598f3,5,0.2260143905878067,0.23663711547851562,0.010622724890708923
1,24089,34,5.25,playing,35ae5b09-f580-4922-91bd-f22c23175a47,1,1.0,0.46540114283561707,-0.5345988571643829
4,24090,17,5.25,Attract to collide slowly,0a4312a1-7156-4c68-9698-0f1495558bee,4,0.11600060015916824,0.1645319163799286,0.048531316220760345
3,24091,25,5.25,running,1b4e0da1-e8b8-4342-8d4f-9d2a551e7fed,3,0.5148481130599976,0.4141086935997009,-0.10073941946029663
3,24092,18,5.25,Running,86e934a2-75ef-4084-a167-ce0ca737532d,3,0.5148481130599976,0.4141086935997009,-0.10073941946029663
1,24093,10,5.25,Fighting ,8b72023d-88b1-4615-b871-cac794edf1d9,1,0.46540117263793945,1.0000001192092896,0.5345989465713501
5,24094,98,5.25,playing,2d3d47a2-03c8-4642-84ec-a8f67c64868c,5,1.0,0.46540114283561707,-0.5345988571643829
6,24095,64,5.25,they were running round,2d3d47a2-03c8-4642-84ec-a8f67c64868c,6,0.2680510878562927,0.24056166410446167,-0.027489423751831055
6,24096,33,5.25,Politely taking turns initiating the interaction ,9cf1ba8f-113d-408d-831d-4cf31ca51b3b,6,0.21160480380058289,0.10680699348449707,-0.10479781031608582
5,24097,84,5.25,colliding with each other,35ae5b09-f580-4922-91bd-f22c23175a47,5,0.2919517457485199,0.3971725106239319,0.10522076487541199
1,24098,41,5.25,Fighting,04b8ff17-66ff-4d6b-a0aa-a91efebb4368,1,0.46540117263793945,1.0000001192092896,0.5345989465713501
3,24099,86,5.25,It seems they are still fighting? ,0a4312a1-7156-4c68-9698-0f1495558bee,3,0.08628082275390625,0.5069324374198914,0.4206516146659851
3,24100,71,5.25,attracting towards each other,9cf1ba8f-113d-408d-831d-4cf31ca51b3b,3,0.20187823474407196,0.2609008252620697,0.05902259051799774
0,24101,82,5.25,Running at each other,2ef99e5f-bc49-429b-b086-41ed4571b58a,0,0.3633069097995758,0.3366614878177643,-0.026645421981811523
3,24000,22,6.5,Fighting,187f8493-9a30-43cc-a2bd-5d96f6d2263d,3,0.46540117263793945,1.0000001192092896,0.5345989465713501
0,24001,5,6.5,fighting,8dbfdd79-2b3f-4297-8ec2-92d59884dd68,0,0.46540117263793945,1.0000001192092896,0.5345989465713501
1,24002,20,6.5,They are running into each other and bumping off each other playfully.,ed3846d1-c7e9-4e73-a1ab-cd413d18c0b8,1,0.3100956976413727,0.24760574102401733,-0.06248995661735535
2,24003,85,6.5,high fiving,7c59d616-cf70-400a-8ebd-9b3cdfb854ec,2,0.29594331979751587,0.27258267998695374,-0.023360639810562134
5,24004,88,6.5,fighting,8dbfdd79-2b3f-4297-8ec2-92d59884dd68,5,0.46540117263793945,1.0000001192092896,0.5345989465713501
0,24005,27,6.5,smashing into each other,2fa02aa8-ef06-46e0-87af-9e3b7267ee79,0,0.32014816999435425,0.4179246723651886,0.09777650237083435
1,24006,52,6.5,charging at each other,2c174300-1111-477c-b605-e34e6031cd26,1,0.18658018112182617,0.23947645723819733,0.052896276116371155
5,24007,13,6.5,Going left and right,14c0e4c6-94d9-41ec-b44a-5f6c8678230e,5,0.308983713388443,0.2718590497970581,-0.03712466359138489
3,24008,54,6.5,Collecting items and bringing them back to a pile,2fa02aa8-ef06-46e0-87af-9e3b7267ee79,3,0.18390214443206787,0.1532333344221115,-0.03066881000995636
6,24009,8,6.5,running,debe6245-13a4-4a31-b28a-e7b25ce8fa93,6,0.5148481130599976,0.4141086935997009,-0.10073941946029663
5,24010,11,6.5,all the dots came together like magnet ,13e24563-ab7e-41df-adf6-e8e88b4d9e08,5,0.09657272696495056,0.0883655995130539,-0.008207127451896667
3,24011,60,6.5,running,7c59d616-cf70-400a-8ebd-9b3cdfb854ec,3,0.5148481130599976,0.4141086935997009,-0.10073941946029663
5,24012,87,6.5,tackling,14c0e4c6-94d9-41ec-b44a-5f6c8678230e,5,0.4376967251300812,0.40764015913009644,-0.03005656599998474
1,24013,45,6.5,play fighting,d98f2d5f-eb3b-4ebd-b714-878343382f2a,1,0.5840149521827698,0.8009829521179199,0.21696799993515015
5,24014,75,6.5,Playing soccer ,93e661c0-3f68-4205-9141-04164911b7e4,5,0.6461647748947144,0.35436421632766724,-0.2918005585670471
6,24015,9,6.5,being aggressive,755a600e-d336-4f66-8771-52eed84faf02,6,0.4333445131778717,0.5116761326789856,0.07833161950111389
5,24016,13,6.5,Joining together,14c0e4c6-94d9-41ec-b44a-5f6c8678230e,5,0.3675571084022522,0.3874335289001465,0.019876420497894287
2,24017,31,6.5,the dots were repeatedly colliding into each other,13e24563-ab7e-41df-adf6-e8e88b4d9e08,2,0.19794833660125732,0.19173410534858704,-0.006214231252670288
6,24018,8,6.5,fun mode,debe6245-13a4-4a31-b28a-e7b25ce8fa93,6,0.4455163776874542,0.3009167015552521,-0.14459967613220215
0,24019,14,6.5,"The dots were dueling, sort of seeking each other out and headbutting when a certain distance was achieved. ",2c174300-1111-477c-b605-e34e6031cd26,0,0.1443062424659729,0.21928337216377258,0.07497712969779968
2,24020,2,6.5,running and then hitting each other,93e661c0-3f68-4205-9141-04164911b7e4,2,0.3657827377319336,0.3481011986732483,-0.017681539058685303
6,24021,50,6.5,avoid then collide,5456278f-d454-4194-af69-2784112cffb9,6,0.24874229729175568,0.3160967230796814,0.06735442578792572
1,24022,68,6.5,fighting,debe6245-13a4-4a31-b28a-e7b25ce8fa93,1,0.46540117263793945,1.0000001192092896,0.5345989465713501
2,24023,57,6.5,"The black dot slowly closed in on the grey dot, and which it got close the grey dot 'attacked' it.",1827c058-6388-491a-b84c-d4d6c512039e,2,0.16575941443443298,0.1853601485490799,0.01960073411464691
5,24024,17,6.5,runnign in circles then contact,3c21b0c7-30d1-41a7-99ae-02e24be36ad3,5,0.2565987706184387,0.21101391315460205,-0.04558485746383667
1,24025,3,6.5,smashing into one another,187f8493-9a30-43cc-a2bd-5d96f6d2263d,1,0.2947358787059784,0.39523136615753174,0.10049548745155334
2,24026,3,6.5,The dots are fighting,187f8493-9a30-43cc-a2bd-5d96f6d2263d,2,0.28213852643966675,0.502887487411499,0.22074896097183228
6,24027,6,6.5,hiding and finding each other,2fa02aa8-ef06-46e0-87af-9e3b7267ee79,6,0.1903432160615921,0.24851123988628387,0.05816802382469177
1,24028,6,6.5,the kids were shoving each other,2fa02aa8-ef06-46e0-87af-9e3b7267ee79,1,0.23551350831985474,0.3580281138420105,0.12251460552215576
3,24029,4,6.5,move apart then meet again,5456278f-d454-4194-af69-2784112cffb9,3,0.20290854573249817,0.25441062450408936,0.051502078771591187
2,24030,25,6.5,"they were playing tag, not sure why when the person was not it went towards them when they got close though.",1827c058-6388-491a-b84c-d4d6c512039e,2,0.2835170328617096,0.1319677084684372,-0.1515493243932724
3,24031,49,6.5,Touching bodies,e3160d16-fe5e-4987-918b-0921ab937804,3,0.28907856345176697,0.2656169831752777,-0.023461580276489258
2,24032,62,6.5,on a swing,755a600e-d336-4f66-8771-52eed84faf02,2,0.35983529686927795,0.1960875242948532,-0.16374777257442474
4,24033,56,6.5,"The black dot has the higher ground, knocking into the grey dot.",755a600e-d336-4f66-8771-52eed84faf02,4,0.17918826639652252,0.19506236910820007,0.01587410271167755
6,24034,94,6.5,Playing around,2c174300-1111-477c-b605-e34e6031cd26,6,0.7599218487739563,0.4238203465938568,-0.3361015021800995
2,24035,19,6.5,moved in a semicircle before striking each other,e2c787c5-5358-4a21-bb35-c422b37ef982,2,0.17306143045425415,0.2997836172580719,0.12672218680381775
2,24036,54,6.5,Running around,2fa02aa8-ef06-46e0-87af-9e3b7267ee79,2,0.456896036863327,0.3924204707145691,-0.06447556614875793
5,24037,65,6.5,jousting,1827c058-6388-491a-b84c-d4d6c512039e,5,0.3773936629295349,0.43776559829711914,0.06037193536758423
6,24038,20,6.5,testing boundaries ,ed3846d1-c7e9-4e73-a1ab-cd413d18c0b8,6,0.152567058801651,0.16022361814975739,0.007656559348106384
3,24039,16,6.5,playing tag,d98f2d5f-eb3b-4ebd-b714-878343382f2a,3,0.6409550309181213,0.271896630525589,-0.36905840039253235
0,24040,23,6.5,"hiding and, running and bumping each other",debe6245-13a4-4a31-b28a-e7b25ce8fa93,0,0.2625299394130707,0.2716699540615082,0.0091400146484375
6,24041,5,6.5,chasing,8dbfdd79-2b3f-4297-8ec2-92d59884dd68,6,0.4900258779525757,0.3591281473636627,-0.13089773058891296
4,24042,12,6.5,Dancing,d80f638e-7e4b-4e80-bc19-a4b764fd7614,4,0.45027947425842285,0.3849746584892273,-0.06530481576919556
5,24043,95,6.5,chasing,755a600e-d336-4f66-8771-52eed84faf02,5,0.4900258779525757,0.3591281473636627,-0.13089773058891296
1,24044,43,6.5,"Running at each other, bouncing",e2c787c5-5358-4a21-bb35-c422b37ef982,1,0.33792054653167725,0.2979423999786377,-0.03997814655303955
0,24045,92,6.5,running,3c21b0c7-30d1-41a7-99ae-02e24be36ad3,0,0.5148481130599976,0.4141086935997009,-0.10073941946029663
4,24046,15,6.5,Jumping,8bee64f6-a3cb-48f4-be48-142b9065f5d7,4,0.4727048873901367,0.397756427526474,-0.07494845986366272
5,24047,9,6.5,Dancing,755a600e-d336-4f66-8771-52eed84faf02,5,0.45027947425842285,0.3849746584892273,-0.06530481576919556
5,24048,67,6.5,bullying,d98f2d5f-eb3b-4ebd-b714-878343382f2a,5,0.33956485986709595,0.5094833970069885,0.16991853713989258
3,24049,73,6.5,c ircling then coming together repeatedly,187f8493-9a30-43cc-a2bd-5d96f6d2263d,3,0.1886652261018753,0.19233427941799164,0.003669053316116333
0,24050,14,6.5,running at each other ,2c174300-1111-477c-b605-e34e6031cd26,0,0.3633069097995758,0.3366614878177643,-0.026645421981811523
4,24051,23,6.5,The dots collided with one another.,debe6245-13a4-4a31-b28a-e7b25ce8fa93,4,0.18560078740119934,0.2048080861568451,0.019207298755645752
5,24052,82,6.5,playing tag,e2c787c5-5358-4a21-bb35-c422b37ef982,5,0.6409550309181213,0.271896630525589,-0.36905840039253235
6,24053,77,6.5,Walking ,d80f638e-7e4b-4e80-bc19-a4b764fd7614,6,0.29361894726753235,0.3354141414165497,0.041795194149017334
1,24054,4,6.5,fighting,5456278f-d454-4194-af69-2784112cffb9,1,0.46540117263793945,1.0000001192092896,0.5345989465713501
4,24055,66,6.5,Dancing,2fa02aa8-ef06-46e0-87af-9e3b7267ee79,4,0.45027947425842285,0.3849746584892273,-0.06530481576919556
3,24056,1,6.5,fighting,e3160d16-fe5e-4987-918b-0921ab937804,3,0.46540117263793945,1.0000001192092896,0.5345989465713501
1,24057,12,6.5,Quickly running at each other,d80f638e-7e4b-4e80-bc19-a4b764fd7614,1,0.31217578053474426,0.26888731122016907,-0.043288469314575195
4,24058,96,6.5,calling each other to explore the park,e3160d16-fe5e-4987-918b-0921ab937804,4,0.25062087178230286,0.14172156155109406,-0.1088993102312088
1,24059,7,6.5,Running from a small distance to come together then move apart again,ed3846d1-c7e9-4e73-a1ab-cd413d18c0b8,1,0.1928519457578659,0.2246321588754654,0.03178021311759949
5,24060,19,6.5,attracting,e2c787c5-5358-4a21-bb35-c422b37ef982,5,0.31127482652664185,0.28854456543922424,-0.022730261087417603
0,24061,89,6.5,Bouncing,93e661c0-3f68-4205-9141-04164911b7e4,0,0.41099509596824646,0.34041696786880493,-0.07057812809944153
6,24062,63,6.5,the black dot seemed to be pursuing the grey dot,5456278f-d454-4194-af69-2784112cffb9,6,0.1886715143918991,0.13450278341770172,-0.05416873097419739
0,24063,0,6.5,Running and colliding,1827c058-6388-491a-b84c-d4d6c512039e,0,0.3582635819911957,0.3566742539405823,-0.0015893280506134033
2,24064,16,6.5,Tag,d98f2d5f-eb3b-4ebd-b714-878343382f2a,2,0.3403148949146271,0.29815465211868286,-0.042160242795944214
0,24065,10,6.5,playing catch,40860eea-1c44-4896-96b1-ee2d42a6c522,0,0.6071312427520752,0.27450284361839294,-0.33262839913368225
4,24066,59,6.5,Running and bumping into each other.,3c21b0c7-30d1-41a7-99ae-02e24be36ad3,4,0.38090765476226807,0.3952553868293762,0.014347732067108154
5,24067,90,6.5,Boxing,8bee64f6-a3cb-48f4-be48-142b9065f5d7,5,0.378073513507843,0.6589028835296631,0.28082937002182007
3,24068,57,6.5,They are running and chasing each other.,1827c058-6388-491a-b84c-d4d6c512039e,3,0.22447355091571808,0.232524111866951,0.00805056095123291
2,24069,42,6.5,playing football,187f8493-9a30-43cc-a2bd-5d96f6d2263d,2,0.6501007676124573,0.4180335998535156,-0.23206716775894165
1,24070,24,6.5,playing tag,755a600e-d336-4f66-8771-52eed84faf02,1,0.6409550309181213,0.271896630525589,-0.36905840039253235
5,24071,22,6.5,In this situation two small confrontations occurred,187f8493-9a30-43cc-a2bd-5d96f6d2263d,5,0.2168096899986267,0.4464084506034851,0.2295987606048584
6,24072,11,6.5,fighting,13e24563-ab7e-41df-adf6-e8e88b4d9e08,6,0.46540117263793945,1.0000001192092896,0.5345989465713501
0,24073,35,6.5,charging at each other,5456278f-d454-4194-af69-2784112cffb9,0,0.18658018112182617,0.23947645723819733,0.052896276116371155
1,24074,76,6.5,playing,ed3846d1-c7e9-4e73-a1ab-cd413d18c0b8,1,1.0,0.46540114283561707,-0.5345988571643829
2,24075,46,6.5,fighting ,debe6245-13a4-4a31-b28a-e7b25ce8fa93,2,0.46540117263793945,1.0000001192092896,0.5345989465713501
0,24076,36,6.5,dots where bumping into each other,2c174300-1111-477c-b605-e34e6031cd26,0,0.14584769308567047,0.13888318836688995,-0.006964504718780518
2,24077,24,6.5,running,755a600e-d336-4f66-8771-52eed84faf02,2,0.5148481130599976,0.4141086935997009,-0.10073941946029663
5,24078,30,6.5,Trying to avoid each other then chasing,7c59d616-cf70-400a-8ebd-9b3cdfb854ec,5,0.38314148783683777,0.32243871688842773,-0.060702770948410034
2,24079,38,6.5,Playing,d80f638e-7e4b-4e80-bc19-a4b764fd7614,2,1.0,0.46540114283561707,-0.5345988571643829
2,24080,37,6.5,"Perhaps playing a game, but most likely running at each other or fighting",40860eea-1c44-4896-96b1-ee2d42a6c522,2,0.49667438864707947,0.4712007939815521,-0.025473594665527344
6,24081,1,6.5,playing football,e3160d16-fe5e-4987-918b-0921ab937804,6,0.6501007676124573,0.4180335998535156,-0.23206716775894165
4,24082,93,6.5,Slowly moving around and touching,d98f2d5f-eb3b-4ebd-b714-878343382f2a,4,0.2773084044456482,0.17886139452457428,-0.09844700992107391
6,24083,7,6.5,React to a whistle or alarm to then rush to a point in the middle of both dots.,ed3846d1-c7e9-4e73-a1ab-cd413d18c0b8,6,0.16664214432239532,0.11443918198347092,-0.05220296233892441
1,24084,47,6.5,chasing each other,8dbfdd79-2b3f-4297-8ec2-92d59884dd68,1,0.36912983655929565,0.3732987344264984,0.004168897867202759
1,24085,32,6.5,red rover,3c21b0c7-30d1-41a7-99ae-02e24be36ad3,1,0.24923209846019745,0.16890515387058258,-0.08032694458961487
5,24086,69,6.5,Running,8bee64f6-a3cb-48f4-be48-142b9065f5d7,5,0.5148481130599976,0.4141086935997009,-0.10073941946029663
1,24087,39,6.5,sprinting,d98f2d5f-eb3b-4ebd-b714-878343382f2a,1,0.36298707127571106,0.34832262992858887,-0.014664441347122192
0,24088,21,6.5,Children may have been playing tag together,e2c787c5-5358-4a21-bb35-c422b37ef982,0,0.35258761048316956,0.18250571191310883,-0.17008189857006073
4,24089,34,6.5,racing,14c0e4c6-94d9-41ec-b44a-5f6c8678230e,4,0.42952895164489746,0.4129354953765869,-0.016593456268310547
3,24090,17,6.5,Small circles to then brake and collide with each other,3c21b0c7-30d1-41a7-99ae-02e24be36ad3,3,0.12354864925146103,0.21718238294124603,0.093633733689785
0,24091,25,6.5,playing tag,1827c058-6388-491a-b84c-d4d6c512039e,0,0.6409550309181213,0.271896630525589,-0.36905840039253235
1,24092,18,6.5,Running,7c59d616-cf70-400a-8ebd-9b3cdfb854ec,1,0.5148481130599976,0.4141086935997009,-0.10073941946029663
3,24093,10,6.5,Chasing,40860eea-1c44-4896-96b1-ee2d42a6c522,3,0.4900258779525757,0.3591281473636627,-0.13089773058891296
4,24094,98,6.5,playing frisbee,d80f638e-7e4b-4e80-bc19-a4b764fd7614,4,0.6006627082824707,0.32729604840278625,-0.27336665987968445
0,24095,64,6.5,playing tag,40860eea-1c44-4896-96b1-ee2d42a6c522,0,0.6409550309181213,0.271896630525589,-0.36905840039253235
2,24096,33,6.5,"They were both bumping into each other, but one seems more aggressive than the other",8dbfdd79-2b3f-4297-8ec2-92d59884dd68,2,0.14440412819385529,0.3132396638393402,0.16883553564548492
4,24097,84,6.5,running towards eachother,2fa02aa8-ef06-46e0-87af-9e3b7267ee79,4,0.30175092816352844,0.3002641499042511,-0.0014867782592773438
2,24098,41,6.5,Running to and from eachother,13e24563-ab7e-41df-adf6-e8e88b4d9e08,2,0.2683156430721283,0.24825455248355865,-0.02006109058856964
5,24099,86,6.5,This one seems to be fighting again. They are trying to fend off each other.,1827c058-6388-491a-b84c-d4d6c512039e,5,0.1945657581090927,0.570619523525238,0.3760537654161453
4,24100,71,6.5,playing,e2c787c5-5358-4a21-bb35-c422b37ef982,4,1.0,0.46540114283561707,-0.5345988571643829
4,24101,82,6.5,Dueling,e2c787c5-5358-4a21-bb35-c422b37ef982,4,0.4075658619403839,0.554650604724884,0.14708474278450012
2,24000,22,7.75,collision (fighting),8b590505-e40d-4ff8-802d-5430cc2802b6,2,0.33324143290519714,0.6330282688140869,0.29978683590888977
3,24001,5,7.75,running,7f445daf-d952-4bf3-b733-def683994895,3,0.5148481130599976,0.4141086935997009,-0.10073941946029663
3,24002,20,7.75,They are staying apart and then colliding.,085d7298-e568-4752-a909-8eecf82e3ebc,3,0.2325320839881897,0.3350902497768402,0.10255816578865051
0,24003,85,7.75,playing tag,085d7298-e568-4752-a909-8eecf82e3ebc,0,0.6409550309181213,0.271896630525589,-0.36905840039253235
0,24004,88,7.75,fighting,50f23891-0e3f-40d3-8bcb-a5bcfcec1987,0,0.46540117263793945,1.0000001192092896,0.5345989465713501
5,24005,27,7.75,wander and smash,7f445daf-d952-4bf3-b733-def683994895,5,0.335525244474411,0.3195241391658783,-0.016001105308532715
3,24006,52,7.75,play fighting,015f75aa-de90-4fdc-8657-d630f1963869,3,0.5840149521827698,0.8009829521179199,0.21696799993515015
1,24007,13,7.75,Fighting,8b590505-e40d-4ff8-802d-5430cc2802b6,1,0.46540117263793945,1.0000001192092896,0.5345989465713501
0,24008,54,7.75,Running into each other,534a6ddb-dbec-42ac-b559-3f4cbdd66423,0,0.3382231891155243,0.35371220111846924,0.015489012002944946
2,24009,8,7.75,dont know,44ab78ba-bb99-4b6d-a69b-ede18f9116ec,2,0.2802979350090027,0.24042190611362457,-0.03987602889537811
4,24010,11,7.75,all the two dots came together ,8aeee0c2-7419-4cbe-aa42-af10b66f80b4,4,0.1389836221933365,0.17272719740867615,0.03374357521533966
1,24011,60,7.75,running,5a652d01-49a0-4b52-a54c-51c21b53e0fe,1,0.5148481130599976,0.4141086935997009,-0.10073941946029663
3,24012,87,7.75,tackling,534a6ddb-dbec-42ac-b559-3f4cbdd66423,3,0.4376967251300812,0.40764015913009644,-0.03005656599998474
5,24013,45,7.75,playing tag,981d9d90-47c5-4443-a939-26060914c7e4,5,0.6409550309181213,0.271896630525589,-0.36905840039253235
1,24014,75,7.75,Actively hit each other then took a step back ,65eed33d-db39-4b87-b8a4-de20693d3821,1,0.278628945350647,0.378782719373703,0.10015377402305603
0,24015,9,7.75,they were bumping into each other and rebounding,8ecf5da9-a68c-4392-8c1a-ecb9754dd9d9,0,0.24752824008464813,0.29484307765960693,0.0473148375749588
6,24016,13,7.75,equal leading,8b590505-e40d-4ff8-802d-5430cc2802b6,6,0.19880419969558716,0.22101657092571259,0.022212371230125427
1,24017,31,7.75,the dots were colliding into each other repeatedly,09060d5d-c3e1-451b-a3b5-4b2b567660ff,1,0.2075912207365036,0.20378266274929047,-0.0038085579872131348
4,24018,8,7.75,little aggressive,44ab78ba-bb99-4b6d-a69b-ede18f9116ec,4,0.2924795150756836,0.4006807506084442,0.10820123553276062
1,24019,14,7.75,"Similar to the last one, but to me it seemed like the white dot was seeking out the black one and initiating contact. ",981d9d90-47c5-4443-a939-26060914c7e4,1,0.13379403948783875,0.08438477665185928,-0.04940926283597946
3,24020,2,7.75,running away from each other then running back,3dbdd697-e200-4003-92f8-47202577ad0a,3,0.3010963201522827,0.33484360575675964,0.03374728560447693
4,24021,50,7.75,playing tag together,8aeee0c2-7419-4cbe-aa42-af10b66f80b4,4,0.46340763568878174,0.26458144187927246,-0.19882619380950928
4,24022,68,7.75,running,2d84acc9-9c9b-441c-9a1a-c901bc48b88f,4,0.5148481130599976,0.4141086935997009,-0.10073941946029663
5,24023,57,7.75,The dots seem to move randomly and then attack each other. ,44ab78ba-bb99-4b6d-a69b-ede18f9116ec,5,0.17415322363376617,0.201961487531662,0.027808263897895813
6,24024,17,7.75,running around then seeing each other and saying hi,7b0c39f7-8bb3-4c19-94da-30117a8ec17d,6,0.3367658257484436,0.2664724886417389,-0.07029333710670471
3,24025,3,7.75,Pushing each other,905c9d73-dba9-472d-a6e4-ea3dcd3b3530,3,0.3132304847240448,0.39924222230911255,0.08601173758506775
4,24026,3,7.75,The dots are hitting themselves in an unfriendly manner,905c9d73-dba9-472d-a6e4-ea3dcd3b3530,4,0.19133859872817993,0.22474981844425201,0.03341121971607208
4,24027,6,7.75,fighting,a57832a0-0b6a-4bdf-a636-adf042cd3fcc,4,0.46540117263793945,1.0000001192092896,0.5345989465713501
5,24028,6,7.75,Both child were playing tag,a57832a0-0b6a-4bdf-a636-adf042cd3fcc,5,0.37825116515159607,0.1900137960910797,-0.18823736906051636
2,24029,4,7.75,moving at the center and clapping together,50f23891-0e3f-40d3-8bcb-a5bcfcec1987,2,0.21038614213466644,0.20800341665744781,-0.002382725477218628
6,24030,25,7.75,"rugby, there was a ball fumble halfway through",44ab78ba-bb99-4b6d-a69b-ede18f9116ec,6,0.34359368681907654,0.19774825870990753,-0.145845428109169
6,24031,49,7.75,Dodging touches,5a652d01-49a0-4b52-a54c-51c21b53e0fe,6,0.338537335395813,0.24601590633392334,-0.09252142906188965
4,24032,62,7.75,walking around,8aeee0c2-7419-4cbe-aa42-af10b66f80b4,4,0.34558194875717163,0.30430689454078674,-0.04127505421638489
2,24033,56,7.75,The black dot kept going after the grey dot.,8845e64c-078b-4a3a-a732-1efe937de14a,2,0.13513225317001343,0.11930900067090988,-0.015823252499103546
5,24034,94,7.75,Encouraging each other to enjoy the space,2d84acc9-9c9b-441c-9a1a-c901bc48b88f,5,0.22504135966300964,0.15050549805164337,-0.07453586161136627
6,24035,19,7.75,moved in circles before coming together ,2d84acc9-9c9b-441c-9a1a-c901bc48b88f,6,0.1499353051185608,0.21771347522735596,0.06777817010879517
0,24036,54,7.75,Running at each other,534a6ddb-dbec-42ac-b559-3f4cbdd66423,0,0.3633069097995758,0.3366614878177643,-0.026645421981811523
6,24037,65,7.75,charging each other,09060d5d-c3e1-451b-a3b5-4b2b567660ff,6,0.20655179023742676,0.25249770283699036,0.0459459125995636
5,24038,20,7.75,push and pull,085d7298-e568-4752-a909-8eecf82e3ebc,5,0.2602134048938751,0.3141644299030304,0.05395102500915527
0,24039,16,7.75,running to and from each other ,085d7298-e568-4752-a909-8eecf82e3ebc,0,0.29284635186195374,0.23947840929031372,-0.053367942571640015
2,24040,23,7.75,Playing tag,453a1fa5-895a-4a5e-a4cf-25c0a35d74d2,2,0.6409550309181213,0.271896630525589,-0.36905840039253235
0,24041,5,7.75,going on a swing,7f445daf-d952-4bf3-b733-def683994895,0,0.3315131962299347,0.1635616570711136,-0.1679515391588211
1,24042,12,7.75,Playing,65eed33d-db39-4b87-b8a4-de20693d3821,1,1.0,0.46540114283561707,-0.5345988571643829
3,24043,95,7.75,swings,7b0c39f7-8bb3-4c19-94da-30117a8ec17d,3,0.4046834707260132,0.33181533217430115,-0.07286813855171204
0,24044,43,7.75,Playing a game of it or rugby,7b0c39f7-8bb3-4c19-94da-30117a8ec17d,0,0.6397008895874023,0.3483828902244568,-0.29131799936294556
4,24045,92,7.75,clapping hands,a57832a0-0b6a-4bdf-a636-adf042cd3fcc,4,0.27558720111846924,0.2574997544288635,-0.018087446689605713
5,24046,15,7.75,Discussing,5a652d01-49a0-4b52-a54c-51c21b53e0fe,5,0.35331887006759644,0.3961103558540344,0.04279148578643799
6,24047,9,7.75,Pretending to be bumper cars,8ecf5da9-a68c-4392-8c1a-ecb9754dd9d9,6,0.26732194423675537,0.29533982276916504,0.028017878532409668
0,24048,67,7.75,Playing tag,44ab78ba-bb99-4b6d-a69b-ede18f9116ec,0,0.6409550309181213,0.271896630525589,-0.36905840039253235
5,24049,73,7.75,circling then coming together,8b590505-e40d-4ff8-802d-5430cc2802b6,5,0.248772993683815,0.25646406412124634,0.0076910704374313354
5,24050,14,7.75,grey dot aggressively running into black dot,981d9d90-47c5-4443-a939-26060914c7e4,5,0.2090163379907608,0.13524989783763885,-0.07376644015312195
3,24051,23,7.75,The dots collided with one another.,453a1fa5-895a-4a5e-a4cf-25c0a35d74d2,3,0.18560078740119934,0.2048080861568451,0.019207298755645752
2,24052,82,7.75,playing,44ab78ba-bb99-4b6d-a69b-ede18f9116ec,2,1.0,0.46540114283561707,-0.5345988571643829
0,24053,77,7.75,Playing ,015f75aa-de90-4fdc-8657-d630f1963869,0,1.0,0.46540114283561707,-0.5345988571643829
5,24054,4,7.75,playing rugby,50f23891-0e3f-40d3-8bcb-a5bcfcec1987,5,0.6339061856269836,0.36324161291122437,-0.2706645727157593
2,24055,66,7.75,Running into each other,8845e64c-078b-4a3a-a732-1efe937de14a,2,0.3382231891155243,0.35371220111846924,0.015489012002944946
2,24056,1,7.75,arguing,453a1fa5-895a-4a5e-a4cf-25c0a35d74d2,2,0.4221847653388977,0.6016830205917358,0.17949825525283813
3,24057,12,7.75,Clashing,65eed33d-db39-4b87-b8a4-de20693d3821,3,0.38464027643203735,0.5858198404312134,0.20117956399917603
6,24058,96,7.75,exploring the talking,015f75aa-de90-4fdc-8657-d630f1963869,6,0.26003170013427734,0.31176072359085083,0.051729023456573486
5,24059,7,7.75,"The dots drifted around slowing, then running together. They did this a couple of times. Perhaps passing something between them",015f75aa-de90-4fdc-8657-d630f1963869,5,0.10542625933885574,0.0682235136628151,-0.03720274567604065
4,24060,19,7.75,flirting,2d84acc9-9c9b-441c-9a1a-c901bc48b88f,4,0.3811280429363251,0.30641207098960876,-0.07471597194671631
5,24061,89,7.75,Hitting,453a1fa5-895a-4a5e-a4cf-25c0a35d74d2,5,0.5046802163124084,0.48129308223724365,-0.023387134075164795
0,24062,63,7.75,mirroring each other's movements then colliding,8ecf5da9-a68c-4392-8c1a-ecb9754dd9d9,0,0.22618038952350616,0.2790735065937042,0.05289311707019806
4,24063,0,7.75,Fighting,8845e64c-078b-4a3a-a732-1efe937de14a,4,0.46540117263793945,1.0000001192092896,0.5345989465713501
5,24064,16,7.75,Tag,085d7298-e568-4752-a909-8eecf82e3ebc,5,0.3403148949146271,0.29815465211868286,-0.042160242795944214
3,24065,10,7.75,racing,09060d5d-c3e1-451b-a3b5-4b2b567660ff,3,0.42952895164489746,0.4129354953765869,-0.016593456268310547
5,24066,59,7.75,Charging to bump into each other.,085d7298-e568-4752-a909-8eecf82e3ebc,5,0.26113206148147583,0.2608042061328888,-0.00032785534858703613
4,24067,90,7.75,Swinging into each other,3dbdd697-e200-4003-92f8-47202577ad0a,4,0.3691751956939697,0.35005632042884827,-0.01911887526512146
2,24068,57,7.75,They are chasing each other.,44ab78ba-bb99-4b6d-a69b-ede18f9116ec,2,0.24454572796821594,0.2622760236263275,0.017730295658111572
3,24069,42,7.75,pushing another on a swing,8ecf5da9-a68c-4392-8c1a-ecb9754dd9d9,3,0.2255050092935562,0.1696372628211975,-0.055867746472358704
5,24070,24,7.75,touch each other and seperate,5a652d01-49a0-4b52-a54c-51c21b53e0fe,5,0.2558072507381439,0.23914556205272675,-0.016661688685417175
6,24071,22,7.75,The two were moving around and there were a few moments where they got close to each other ,8b590505-e40d-4ff8-802d-5430cc2802b6,6,0.14659924805164337,0.21378113329410553,0.06718188524246216
4,24072,11,7.75,crashing into each other,8aeee0c2-7419-4cbe-aa42-af10b66f80b4,4,0.2583954930305481,0.27016913890838623,0.011773645877838135
6,24073,35,7.75,playing some sort of game,7b0c39f7-8bb3-4c19-94da-30117a8ec17d,6,0.782035231590271,0.42528390884399414,-0.35675132274627686
4,24074,76,7.75,fighting,a57832a0-0b6a-4bdf-a636-adf042cd3fcc,4,0.46540117263793945,1.0000001192092896,0.5345989465713501
6,24075,46,7.75,fighting ,09060d5d-c3e1-451b-a3b5-4b2b567660ff,6,0.46540117263793945,1.0000001192092896,0.5345989465713501
2,24076,36,7.75,bump and play,3dbdd697-e200-4003-92f8-47202577ad0a,2,0.5904431939125061,0.2689901888370514,-0.3214530050754547
4,24077,24,7.75,shoving ,5a652d01-49a0-4b52-a54c-51c21b53e0fe,4,0.4312512278556824,0.42120128870010376,-0.010049939155578613
1,24078,30,7.75,Playing chicken (again?),8aeee0c2-7419-4cbe-aa42-af10b66f80b4,1,0.4919998049736023,0.23629261553287506,-0.25570718944072723
3,24079,38,7.75,Fighting,534a6ddb-dbec-42ac-b559-3f4cbdd66423,3,0.46540117263793945,1.0000001192092896,0.5345989465713501
4,24080,37,7.75,"Perhaps playing a game, but seems they are running at each other",8845e64c-078b-4a3a-a732-1efe937de14a,4,0.512405276298523,0.3104119300842285,-0.20199334621429443
5,24081,1,7.75,attacking each other,453a1fa5-895a-4a5e-a4cf-25c0a35d74d2,5,0.3538603186607361,0.5728182196617126,0.21895790100097656
0,24082,93,7.75,Hitting one another occasionally ,8aeee0c2-7419-4cbe-aa42-af10b66f80b4,0,0.34603509306907654,0.3750138282775879,0.028978735208511353
4,24083,7,7.75,Walk around in a circle before rushing to a centre point once told to.,015f75aa-de90-4fdc-8657-d630f1963869,4,0.19644026458263397,0.14283311367034912,-0.05360715091228485
4,24084,47,7.75,fighting,7f445daf-d952-4bf3-b733-def683994895,4,0.46540117263793945,1.0000001192092896,0.5345989465713501
5,24085,32,7.75,role playing game,981d9d90-47c5-4443-a939-26060914c7e4,5,0.6706117391586304,0.27083680033683777,-0.3997749388217926
0,24086,69,7.75,Bumping,453a1fa5-895a-4a5e-a4cf-25c0a35d74d2,0,0.3179419934749603,0.333545058965683,0.015603065490722656
6,24087,39,7.75,playing a game,905c9d73-dba9-472d-a6e4-ea3dcd3b3530,6,0.8228989243507385,0.3966796100139618,-0.42621931433677673
3,24088,21,7.75,Same game different speed,65eed33d-db39-4b87-b8a4-de20693d3821,3,0.2775031626224518,0.15259143710136414,-0.12491172552108765
3,24089,34,7.75,playing,2d84acc9-9c9b-441c-9a1a-c901bc48b88f,3,1.0,0.46540114283561707,-0.5345988571643829
2,24090,17,7.75,They made small circles and then got closer to collide faster.,7b0c39f7-8bb3-4c19-94da-30117a8ec17d,2,0.0520382821559906,0.18232224881649017,0.13028396666049957
6,24091,25,7.75,playing tag,44ab78ba-bb99-4b6d-a69b-ede18f9116ec,6,0.6409550309181213,0.271896630525589,-0.36905840039253235
6,24092,18,7.75,Walking and running,534a6ddb-dbec-42ac-b559-3f4cbdd66423,6,0.32714346051216125,0.3396891951560974,0.012545734643936157
2,24093,10,7.75,They were running,09060d5d-c3e1-451b-a3b5-4b2b567660ff,2,0.30309849977493286,0.23726707696914673,-0.06583142280578613
1,24094,98,7.75,playing,7f445daf-d952-4bf3-b733-def683994895,1,1.0,0.46540114283561707,-0.5345988571643829
4,24095,64,7.75,playing football,534a6ddb-dbec-42ac-b559-3f4cbdd66423,4,0.6501007676124573,0.4180335998535156,-0.23206716775894165
4,24096,33,7.75,"Looks like dueling, watching each other's moves",8ecf5da9-a68c-4392-8c1a-ecb9754dd9d9,4,0.3429858684539795,0.425717294216156,0.08273142576217651
1,24097,84,7.75,football,981d9d90-47c5-4443-a939-26060914c7e4,1,0.5426803827285767,0.48581287264823914,-0.056867510080337524
3,24098,41,7.75,Swinging towards each other,a57832a0-0b6a-4bdf-a636-adf042cd3fcc,3,0.3386111855506897,0.33378326892852783,-0.004827916622161865
1,24099,86,7.75,It seems they are colliding to each other? Or they are fighting?,8b590505-e40d-4ff8-802d-5430cc2802b6,1,0.2416716367006302,0.4773466885089874,0.23567505180835724
2,24100,71,7.75,playing,3dbdd697-e200-4003-92f8-47202577ad0a,2,1.0,0.46540114283561707,-0.5345988571643829
1,24101,82,7.75,Colliding,44ab78ba-bb99-4b6d-a69b-ede18f9116ec,1,0.38597387075424194,0.4753241539001465,0.08935028314590454
4,24000,22,9.0,Hit and run away.,a5228b86-ba0a-42f2-aa38-23b5369f0e56,4,0.3257092833518982,0.3780800700187683,0.05237078666687012
4,24001,5,9.0,aggressively charging at each other,87da47db-3d5c-48b2-b3f2-123123d766f0,4,0.19097736477851868,0.3002804219722748,0.1093030571937561
0,24002,20,9.0,The dots are running into each other and colliding. ,6e2932f2-a9d1-4f2a-9599-a872b605c1eb,0,0.24623040854930878,0.2361973077058792,-0.010033100843429565
1,24003,85,9.0,playing tag,132133b4-5554-4500-9494-87f534100012,1,0.6409550309181213,0.271896630525589,-0.36905840039253235
1,24004,88,9.0,colliding,91327185-f59e-4ae7-a000-fd66526bab82,1,0.38597387075424194,0.4753241539001465,0.08935028314590454
3,24005,27,9.0,Wandering then coming together,2abe0875-f8ff-4373-aad8-bca142211a09,3,0.25588276982307434,0.23577772080898285,-0.02010504901409149
2,24006,52,9.0,running at each other,9f7e489f-4076-4332-b57e-13a42d4c75fd,2,0.3633069097995758,0.3366614878177643,-0.026645421981811523
4,24007,13,9.0,hanging out,6a57f963-5846-4eaa-a5d2-0e658499a4a9,4,0.46477746963500977,0.40090906620025635,-0.06386840343475342
4,24008,54,9.0,Running around the park and then coming back to each other frequently,abb20336-74c4-448b-a5f7-252c765a55f4,4,0.2913559377193451,0.22173547744750977,-0.06962046027183533
3,24009,8,9.0,hide and seek,6e2932f2-a9d1-4f2a-9599-a872b605c1eb,3,0.31166601181030273,0.22193656861782074,-0.089729443192482
1,24010,11,9.0,the dots were moving around and it themselves twice ,7a2ccf3c-feb4-4b5c-9c03-44c10f774f9a,1,0.15102744102478027,0.08386039733886719,-0.06716704368591309
2,24011,60,9.0,running and hugging,a5228b86-ba0a-42f2-aa38-23b5369f0e56,2,0.29200422763824463,0.3930940330028534,0.10108980536460876
0,24012,87,9.0,tackling,16718611-6bca-4e79-8071-94d68c181ba1,0,0.4376967251300812,0.40764015913009644,-0.03005656599998474
6,24013,45,9.0,play fighting,91327185-f59e-4ae7-a000-fd66526bab82,6,0.5840149521827698,0.8009829521179199,0.21696799993515015
0,24014,75,9.0,Hit against one another ,132133b4-5554-4500-9494-87f534100012,0,0.3605538308620453,0.4438815116882324,0.08332768082618713
3,24015,9,9.0,running towards each other,91327185-f59e-4ae7-a000-fd66526bab82,3,0.30618607997894287,0.30705735087394714,0.0008712708950042725
0,24016,13,9.0,Fighting,6a57f963-5846-4eaa-a5d2-0e658499a4a9,0,0.46540117263793945,1.0000001192092896,0.5345989465713501
5,24017,31,9.0,the dots were running into each other when they got close,3322caf5-0aeb-4230-89db-c56b23e94819,5,0.17793413996696472,0.15906640887260437,-0.01886773109436035
0,24018,8,9.0,running away and coming together,6e2932f2-a9d1-4f2a-9599-a872b605c1eb,0,0.26570701599121094,0.3077947795391083,0.04208776354789734
6,24019,14,9.0,"Black dot was faster, sort of seeking the white dot to initiate contact. ",16718611-6bca-4e79-8071-94d68c181ba1,6,0.15106846392154694,0.09594208747148514,-0.0551263764500618
1,24020,2,9.0,hide and go seek,7d40f846-95bc-4c08-b7a1-b4a410852b77,1,0.3074624538421631,0.20036403834819794,-0.10709841549396515
5,24021,50,9.0,running around and bumping in to each other,1be4605b-9f78-45d4-8eb0-87bdc69537e2,5,0.3088395595550537,0.309583455324173,0.0007438957691192627
6,24022,68,9.0,playing pretend,abb20336-74c4-448b-a5f7-252c765a55f4,6,0.6683349013328552,0.3202441334724426,-0.3480907678604126
0,24023,57,9.0,There were circling each other and then ran towards each other.,16718611-6bca-4e79-8071-94d68c181ba1,0,0.2236887365579605,0.2759132981300354,0.05222456157207489
0,24024,17,9.0,running towards each other,9f7e489f-4076-4332-b57e-13a42d4c75fd,0,0.30618607997894287,0.30705735087394714,0.0008712708950042725
5,24025,3,9.0,The black dot was coming at the grey dot quickly,1be4605b-9f78-45d4-8eb0-87bdc69537e2,5,0.19061610102653503,0.12280625104904175,-0.06780984997749329
3,24026,3,9.0,The dots were playing together,1be4605b-9f78-45d4-8eb0-87bdc69537e2,3,0.38874322175979614,0.2034328430891037,-0.18531037867069244
0,24027,6,9.0,colliding into each other,9301277e-6b35-4aa7-bd52-4f56ae0f029b,0,0.26848265528678894,0.3656423091888428,0.09715965390205383
3,24028,6,9.0,the kids were bumping into each other,9301277e-6b35-4aa7-bd52-4f56ae0f029b,3,0.18925727903842926,0.2277417629957199,0.03848448395729065
0,24029,4,9.0,moving around and meeting at a point,abb20336-74c4-448b-a5f7-252c765a55f4,0,0.24370364844799042,0.19725202023983002,-0.0464516282081604
3,24030,25,9.0,football?,abb20336-74c4-448b-a5f7-252c765a55f4,3,0.44420191645622253,0.38068658113479614,-0.06351533532142639
2,24031,49,9.0,Running for a while and touching each other afterwards,7a2ccf3c-feb4-4b5c-9c03-44c10f774f9a,2,0.2532519996166229,0.209809347987175,-0.04344265162944794
5,24032,62,9.0,seesaw,8e6be05b-c10c-43db-b062-a559f5033312,5,0.25710079073905945,0.19260549545288086,-0.06449529528617859
3,24033,56,9.0,The grey dot seems to be going after the black dot.,6a57f963-5846-4eaa-a5d2-0e658499a4a9,3,0.14037591218948364,0.057591550052165985,-0.08278436213731766
2,24034,94,9.0,Colliding,2abe0875-f8ff-4373-aad8-bca142211a09,2,0.38597387075424194,0.4753241539001465,0.08935028314590454
5,24035,19,9.0,slowly moved then sped up to strike each other,a5228b86-ba0a-42f2-aa38-23b5369f0e56,5,0.2789047658443451,0.31282728910446167,0.03392252326011658
1,24036,54,9.0,Playing it,abb20336-74c4-448b-a5f7-252c765a55f4,1,0.8009191751480103,0.37851428985595703,-0.4224048852920532
1,24037,65,9.0,body slamming,5b2465b2-47b6-4cc7-b06f-c362ff7454f8,1,0.3615465462207794,0.38109874725341797,0.01955220103263855
0,24038,20,9.0,fighting,6e2932f2-a9d1-4f2a-9599-a872b605c1eb,0,0.46540117263793945,1.0000001192092896,0.5345989465713501
2,24039,16,9.0,running quickly towards each other ,8649b489-429a-4894-9c74-827e94f04566,2,0.2623021900653839,0.23250438272953033,-0.029797807335853577
4,24040,23,9.0,chasing after something thrown for them,8649b489-429a-4894-9c74-827e94f04566,4,0.31445056200027466,0.2146543562412262,-0.09979620575904846
5,24041,5,9.0,fighting,87da47db-3d5c-48b2-b3f2-123123d766f0,5,0.46540117263793945,1.0000001192092896,0.5345989465713501
5,24042,12,9.0,dancing,5b2465b2-47b6-4cc7-b06f-c362ff7454f8,5,0.45027947425842285,0.3849746584892273,-0.06530481576919556
2,24043,95,9.0,swings,87da47db-3d5c-48b2-b3f2-123123d766f0,2,0.4046834707260132,0.33181533217430115,-0.07286813855171204
6,24044,43,9.0,play fight,059f8cfb-52c8-47fd-8d26-b0fec58eafae,6,0.5715482234954834,0.7334487438201904,0.16190052032470703
2,24045,92,9.0,swinging,1be4605b-9f78-45d4-8eb0-87bdc69537e2,2,0.4605644941329956,0.38996419310569763,-0.07060030102729797
3,24046,15,9.0,Fighting,3322caf5-0aeb-4230-89db-c56b23e94819,3,0.46540117263793945,1.0000001192092896,0.5345989465713501
0,24047,9,9.0,Swordfighting,91327185-f59e-4ae7-a000-fd66526bab82,0,0.3748055398464203,0.618373453617096,0.24356791377067566
6,24048,67,9.0,soccer,1be4605b-9f78-45d4-8eb0-87bdc69537e2,6,0.5482361316680908,0.4406452476978302,-0.10759088397026062
1,24049,73,9.0,coming together repeatedely,7d40f846-95bc-4c08-b7a1-b4a410852b77,1,0.21086499094963074,0.2703160047531128,0.059451013803482056
4,24050,14,9.0,aggressively running into each other,16718611-6bca-4e79-8071-94d68c181ba1,4,0.31933286786079407,0.4236319363117218,0.10429906845092773
2,24051,23,9.0,The dots collided with one another.,8649b489-429a-4894-9c74-827e94f04566,2,0.18560078740119934,0.2048080861568451,0.019207298755645752
3,24052,82,9.0,playing,8649b489-429a-4894-9c74-827e94f04566,3,1.0,0.46540114283561707,-0.5345988571643829
5,24053,77,9.0,Playing around in the park,2abe0875-f8ff-4373-aad8-bca142211a09,5,0.5695834159851074,0.24727749824523926,-0.32230591773986816
0,24054,4,9.0,playing tag,abb20336-74c4-448b-a5f7-252c765a55f4,0,0.6409550309181213,0.271896630525589,-0.36905840039253235
0,24055,66,9.0,Tackling each other,9f7e489f-4076-4332-b57e-13a42d4c75fd,0,0.374269962310791,0.41764599084854126,0.043376028537750244
0,24056,1,9.0,chasing,2abe0875-f8ff-4373-aad8-bca142211a09,0,0.4900258779525757,0.3591281473636627,-0.13089773058891296
4,24057,12,9.0,Running,5b2465b2-47b6-4cc7-b06f-c362ff7454f8,4,0.5148481130599976,0.4141086935997009,-0.10073941946029663
0,24058,96,9.0,trying to find each other,f45daf2e-6d4e-4a6f-ab5b-1829d67d93fe,0,0.25236281752586365,0.24693772196769714,-0.005425095558166504
2,24059,7,9.0,The dots were moving slowly in small motions then quickly coming together. Like some sort of dance,8e6be05b-c10c-43db-b062-a559f5033312,2,0.14893004298210144,0.10810353606939316,-0.04082650691270828
3,24060,19,9.0,fighting,a5228b86-ba0a-42f2-aa38-23b5369f0e56,3,0.46540117263793945,1.0000001192092896,0.5345989465713501
6,24061,89,9.0,Bouncing off each other ,8e6be05b-c10c-43db-b062-a559f5033312,6,0.32118067145347595,0.3203405737876892,-0.0008400976657867432
3,24062,63,9.0,they were circling around one another and occassionally meeting in middle,9301277e-6b35-4aa7-bd52-4f56ae0f029b,3,0.1682007759809494,0.22875550389289856,0.06055472791194916
5,24063,0,9.0,Fighting or clashing over something,059f8cfb-52c8-47fd-8d26-b0fec58eafae,5,0.3330982029438019,0.7450898885726929,0.411991685628891
4,24064,16,9.0,Basketball,8649b489-429a-4894-9c74-827e94f04566,4,0.5795840620994568,0.4075186848640442,-0.1720653772354126
4,24065,10,9.0,playing on equipment,f45daf2e-6d4e-4a6f-ab5b-1829d67d93fe,4,0.6179715394973755,0.24080592393875122,-0.37716561555862427
3,24066,59,9.0,Running and charging each other.,5b2465b2-47b6-4cc7-b06f-c362ff7454f8,3,0.33540406823158264,0.3215707540512085,-0.013833314180374146
0,24067,90,9.0,Fighting,6a57f963-5846-4eaa-a5d2-0e658499a4a9,0,0.46540117263793945,1.0000001192092896,0.5345989465713501
1,24068,57,9.0,They are running and playing tag.,16718611-6bca-4e79-8071-94d68c181ba1,1,0.47034576535224915,0.20502595603466034,-0.2653198093175888
5,24069,42,9.0,playing flag football,2abe0875-f8ff-4373-aad8-bca142211a09,5,0.49157312512397766,0.26733577251434326,-0.2242373526096344
0,24070,24,9.0,running and tagging themselves,132133b4-5554-4500-9494-87f534100012,0,0.2752407193183899,0.25298815965652466,-0.022252559661865234
0,24071,22,9.0,At certain times they clashed,a5228b86-ba0a-42f2-aa38-23b5369f0e56,0,0.15607847273349762,0.38780516386032104,0.23172669112682343
3,24072,11,9.0,violently crashing,7a2ccf3c-feb4-4b5c-9c03-44c10f774f9a,3,0.30152419209480286,0.33083757758140564,0.029313385486602783
2,24073,35,9.0,fighting each other,6a57f963-5846-4eaa-a5d2-0e658499a4a9,2,0.3560452461242676,0.8188337683677673,0.46278852224349976
5,24074,76,9.0,boxing,059f8cfb-52c8-47fd-8d26-b0fec58eafae,5,0.378073513507843,0.6589028835296631,0.28082937002182007
5,24075,46,9.0,crashing ,a5228b86-ba0a-42f2-aa38-23b5369f0e56,5,0.32490119338035583,0.21114546060562134,-0.1137557327747345
1,24076,36,9.0,bumping into each other ,059f8cfb-52c8-47fd-8d26-b0fec58eafae,1,0.2541939318180084,0.301634281873703,0.04744035005569458
0,24077,24,9.0,clashing,132133b4-5554-4500-9494-87f534100012,0,0.38464027643203735,0.5858198404312134,0.20117956399917603
0,24078,30,9.0,Playing chicken (running at each other to see who bails first),7d40f846-95bc-4c08-b7a1-b4a410852b77,0,0.4672364592552185,0.30551308393478394,-0.16172337532043457
6,24079,38,9.0,Play Fighting,87da47db-3d5c-48b2-b3f2-123123d766f0,6,0.5840149521827698,0.8009829521179199,0.21696799993515015
5,24080,37,9.0,Perhaps playing a game,7a2ccf3c-feb4-4b5c-9c03-44c10f774f9a,5,0.7079014778137207,0.3501695692539215,-0.3577319085597992
3,24081,1,9.0,seem to be playing tag,2abe0875-f8ff-4373-aad8-bca142211a09,3,0.5745294690132141,0.24640609323978424,-0.32812337577342987
3,24082,93,9.0,Moving around and forcefully hitting,7d40f846-95bc-4c08-b7a1-b4a410852b77,3,0.33122286200523376,0.34885430335998535,0.017631441354751587
0,24083,7,9.0,Moving around in a circle and then rushing to a centre point to touch or grab something first before the other did.,8e6be05b-c10c-43db-b062-a559f5033312,0,0.21791119873523712,0.14895091950893402,-0.0689602792263031
6,24084,47,9.0,running into each other,6e2932f2-a9d1-4f2a-9599-a872b605c1eb,6,0.3382231891155243,0.35371220111846924,0.015489012002944946
3,24085,32,9.0,scavenger hunt,f45daf2e-6d4e-4a6f-ab5b-1829d67d93fe,3,0.2969120740890503,0.1753532439470291,-0.12155883014202118
4,24086,69,9.0,Chasing,6a57f963-5846-4eaa-a5d2-0e658499a4a9,4,0.4900258779525757,0.3591281473636627,-0.13089773058891296
2,24087,39,9.0,touching,5b2465b2-47b6-4cc7-b06f-c362ff7454f8,2,0.337496280670166,0.283955454826355,-0.053540825843811035
1,24088,21,9.0,Playing solo then coming together,16718611-6bca-4e79-8071-94d68c181ba1,1,0.4829214811325073,0.29662781953811646,-0.18629366159439087
0,24089,34,9.0,fighting,91327185-f59e-4ae7-a000-fd66526bab82,0,0.46540117263793945,1.0000001192092896,0.5345989465713501
1,24090,17,9.0,They separated slowly and collided with each other very quickly.,9f7e489f-4076-4332-b57e-13a42d4c75fd,1,0.13304099440574646,0.23220111429691315,0.09916011989116669
2,24091,25,9.0,kickball,abb20336-74c4-448b-a5f7-252c765a55f4,2,0.49255457520484924,0.4336971640586853,-0.05885741114616394
2,24092,18,9.0,Running,132133b4-5554-4500-9494-87f534100012,2,0.5148481130599976,0.4141086935997009,-0.10073941946029663
5,24093,10,9.0,They are having dispute,f45daf2e-6d4e-4a6f-ab5b-1829d67d93fe,5,0.19748227298259735,0.31380146741867065,0.1163191944360733
3,24094,98,9.0,running around,abb20336-74c4-448b-a5f7-252c765a55f4,3,0.456896036863327,0.3924204707145691,-0.06447556614875793
1,24095,64,9.0,playing football,8649b489-429a-4894-9c74-827e94f04566,1,0.650100827217102,0.41803357005119324,-0.2320672571659088
3,24096,33,9.0,"Running into each other, but it was as if they planned when to",9f7e489f-4076-4332-b57e-13a42d4c75fd,3,0.21076706051826477,0.21819274127483368,0.007425680756568909
2,24097,84,9.0,wrestling,a5228b86-ba0a-42f2-aa38-23b5369f0e56,2,0.3662254512310028,0.5506446957588196,0.18441924452781677
4,24098,41,9.0,Using the same playground equipment,7d40f846-95bc-4c08-b7a1-b4a410852b77,4,0.27184322476387024,0.04981638491153717,-0.22202683985233307
6,24099,86,9.0,They are colliding to each other.,6e2932f2-a9d1-4f2a-9599-a872b605c1eb,6,0.27424126863479614,0.3594818413257599,0.08524057269096375
1,24100,71,9.0,playing,7a2ccf3c-feb4-4b5c-9c03-44c10f774f9a,1,1.0,0.46540114283561707,-0.5345988571643829
6,24101,82,9.0,Jousting,8649b489-429a-4894-9c74-827e94f04566,6,0.3773936629295349,0.43776559829711914,0.06037193536758423
