,iteration,init_sigma,init_center,est_sigma,est_center,ss_res,nrmse,r_squared,aic
0,1.0,0.41773035928021784,3.5104319414914005,0.0,0.0001,0.0,0.0,1.0,-inf
1,2.0,0.10057968080016211,9.40003950200109,0.10057968080016211,9.40003950200109,6.0,0.9258200997725514,2.220446049250313e-16,2.9209452412091914
2,3.0,0.9537235485052162,4.867574255779222,0.0,0.0001,0.0,0.0,1.0,-inf
3,4.0,0.7459147545779237,5.0637052133273075,0.0,0.0001,0.0,0.0,1.0,-inf
4,5.0,0.3485844002553997,0.12023533757899037,0.0,0.0001,0.0,0.0,1.0,-inf
5,6.0,0.3853928329776314,6.569658136479458,0.3855015460162599,6.5696508534163724,5.99999719854935,0.9258198836359164,3.875013854237608e-07,2.920941972849337
6,7.0,0.5591865722397803,5.454473119334536,0.0,0.0001,0.0,0.0,1.0,-inf
7,8.0,0.21132874017326087,7.966722979147463,0.21132874017326087,7.966722979147463,5.999999999999982,0.92582009977255,2.886579864025407e-15,2.9209452412091714
8,9.0,0.5678840841661615,2.903759066440686,1.1102230246251565e-16,0.0001,0.0,0.0,1.0,-inf
9,10.0,0.3490159139320227,4.792167092965224,0.0,0.0001,0.0,0.0,1.0,-inf
10,11.0,0.715171835617864,4.706933715355216,0.0,0.0001,0.0,0.0,1.0,-inf
11,12.0,0.7873876675592834,8.457543700850003,0.0,0.0001,0.0,0.0,1.0,-inf
12,13.0,0.04606084209373895,8.552915437417655,0.04606084209373895,8.552915437417655,6.0,0.9258200997725514,2.220446049250313e-16,2.9209452412091914
13,14.0,0.20934219902807816,6.080085043818414,0.20934219902807816,6.080085043818414,5.999999999895563,0.9258200997644941,1.691957685068246e-11,2.920945241087348
14,15.0,0.06051762074445477,7.550116210921718,0.06051762074445477,7.550116210921718,6.0,0.9258200997725514,2.220446049250313e-16,2.9209452412091914
15,16.0,0.1310299317734509,6.4344810073865,0.1310299317734509,6.4344810073865,6.0,0.9258200997725514,2.220446049250313e-16,2.9209452412091914
16,17.0,0.3512278542882562,0.775502181106784,1.1102230246251565e-16,0.0001,0.0,0.0,1.0,-inf
17,18.0,0.18121460135680456,5.757662766847152,0.18121460135680456,5.757662766847152,5.999999999986877,0.9258200997715389,2.155831069217129e-12,2.9209452411938823
18,19.0,0.35062249629250297,7.5454695347342025,0.35062249629250297,7.5454695347342025,5.999999961107325,0.9258200967719167,5.580703898999673e-09,2.9209451958344044
19,20.0,0.9400286032732101,4.857594369605362,0.0,0.0001,0.0,0.0,1.0,-inf
20,21.0,0.2551577901396288,1.4386172676696838,0.0,0.0001,0.0,0.0,1.0,-inf
21,22.0,0.5382532097545953,3.037653561552271,0.0,0.0001,0.0,0.0,1.0,-inf
22,23.0,0.13036604378513672,8.034080339815251,0.13036604378513672,8.034080339815251,6.0,0.9258200997725514,2.220446049250313e-16,2.9209452412091914
23,24.0,0.5862954772138511,4.981545533522418,0.0,0.0001,0.0,0.0,1.0,-inf
24,25.0,0.05815980662912845,7.570207967787337,0.05815980662912845,7.570207967787337,6.0,0.9258200997725514,2.220446049250313e-16,2.9209452412091914
25,26.0,0.8895968078174745,3.198726426239256,0.0,0.0001,0.0,0.0,1.0,-inf
26,27.0,0.9699920123283354,0.6059900602985564,0.0,0.0001,0.0,0.0,1.0,-inf
27,28.0,0.2825498363867407,5.156503082209421,0.2826464701988549,5.156496776142603,5.999998210200151,0.9258199616864851,2.744259643971958e-07,2.9209431531090573
28,29.0,0.1983230076916166,0.5874959718310682,0.0,0.0001,0.0,0.0,1.0,-inf
29,30.0,0.21236397241524896,7.024258533806139,0.21236397241524896,7.024258533806139,5.999999999998256,0.925820099772417,2.8255175976710234e-13,2.920945241207157
30,31.0,0.760453392089366,3.6524108137817097,0.0,0.0001,0.0,0.0,1.0,-inf
31,32.0,0.8753081623624751,0.7870400584948734,0.0,0.0001,0.0,0.0,1.0,-inf
32,33.0,0.03296197118742561,6.372493653707281,0.03296197118742561,6.372493653707281,6.0,0.9258200997725514,2.220446049250313e-16,2.9209452412091914
33,34.0,0.9236325250948664,3.468464546007455,0.0,0.0001,0.0,0.0,1.0,-inf
34,35.0,0.3186886545624179,6.862250489952953,0.3186886545624179,6.862250489952953,5.9999999517936295,0.9258200960533494,7.144240643519595e-09,2.9209451849684265
35,36.0,0.18143207682786044,7.90785720972133,0.18143207682786044,7.90785720972133,6.0,0.9258200997725514,2.220446049250313e-16,2.9209452412091914
36,37.0,0.4350489129083931,0.17283995074789457,0.0,0.0001,0.0,0.0,1.0,-inf
37,38.0,0.8691596005094239,0.4113631429503551,0.0,0.0001,0.0,0.0,1.0,-inf
38,39.0,0.7968620117495943,3.251876023883049,0.0,0.0001,0.0,0.0,1.0,-inf
39,40.0,0.7142385159814609,5.645867073170766,0.0,0.0001,0.0,0.0,1.0,-inf
40,41.0,0.7460744356722588,9.066219128707989,0.0,0.0001,0.0,0.0,1.0,-inf
41,42.0,0.8594279949762591,2.341041319683144,0.0,0.0001,0.0,0.0,1.0,-inf
42,43.0,0.5905862659723286,7.892203436287541,0.0,0.0001,0.0,0.0,1.0,-inf
43,44.0,0.39812418451939013,9.03976544465818,0.39812418451939013,9.03976544465818,5.999999990879852,0.9258200990689168,1.2446111918862357e-09,2.920945230569019
44,45.0,0.3071089186709446,9.341251586734474,0.3071089186709446,9.341251586734474,5.999999999992651,0.9258200997719847,1.1017853296380054e-12,2.920945241200618
45,46.0,0.9830130012827349,7.774280279299551,0.0,0.0001,0.0,0.0,1.0,-inf
46,47.0,0.3977011261000709,4.258070831212931,0.0,0.0001,0.0,0.0,1.0,-inf
47,48.0,0.867580758092031,2.3867937772267975,0.0,0.0001,0.0,0.0,1.0,-inf
48,49.0,0.9338441336687607,3.6429332990295658,0.0,0.0001,0.0,0.0,1.0,-inf
49,50.0,0.5736274096885327,5.100541756987566,0.0,0.0001,0.0,0.0,1.0,-inf
50,51.0,0.677666744505398,4.785896613696684,0.0,0.0001,0.0,0.0,1.0,-inf
51,52.0,0.7803304852969724,0.5253059922239753,0.0,0.0001,0.0,0.0,1.0,-inf
52,53.0,0.9936001458887219,1.375334840410381,0.0,0.0001,0.0,0.0,1.0,-inf
53,54.0,0.44748805822910576,3.490370662132131,0.0,0.0001,0.0,0.0,1.0,-inf
54,55.0,0.5069873693873148,9.203866248850463,0.5070062875875594,9.203865005400779,5.999999422906886,0.9258200552488502,7.005285818095786e-08,2.9209445679338604
55,56.0,0.06301372873217559,9.426017043888393,0.06301372873217559,9.426017043888393,6.0,0.9258200997725514,2.220446049250313e-16,2.9209452412091914
56,57.0,0.44126060701714176,1.8330359536794634,0.0,0.0001,0.0,0.0,1.0,-inf
57,58.0,0.4227771544947081,5.074422559223059,0.0,0.0001,0.0,0.0,1.0,-inf
58,59.0,0.8380367905486686,0.18075033696955753,0.0,0.0001,0.0,0.0,1.0,-inf
59,60.0,0.6083468017844502,3.1898858563646115,0.0,0.0001,0.0,0.0,1.0,-inf
60,61.0,0.9071149773701495,7.972473699759163,0.0,0.0001,0.0,0.0,1.0,-inf
61,62.0,0.4043310189251976,3.623546035011947,0.0,0.0001,0.0,0.0,1.0,-inf
62,63.0,0.8652063093510766,0.5532308253086835,0.0,0.0001,0.0,0.0,1.0,-inf
63,64.0,0.5875280967310342,6.548773722162539,0.0,0.0001,0.0,0.0,1.0,-inf
64,65.0,0.5393549475550002,6.12649927455419,0.0,0.0001,0.0,0.0,1.0,-inf
65,66.0,0.4464294830119352,0.8797670294733828,1.1102230246251565e-16,0.0001,0.0,0.0,1.0,-inf
66,67.0,0.17225965596531678,4.387284473379095,0.17225965596531678,4.387284473379095,5.999999990722101,0.9258200990567461,1.5289400856488555e-09,2.9209452303849766
67,68.0,0.046152600461908166,0.06829557335411057,0.0,0.08125953436255187,0.0,0.0,1.0,-inf
68,69.0,0.5840551387620533,4.528458047690581,0.0,0.0001,0.0,0.0,1.0,-inf
69,70.0,0.22124071071754448,6.940273338391541,0.22124071071754448,6.940273338391541,5.999999999991836,0.9258200997719216,1.3132828158290977e-12,2.920945241199667
70,71.0,0.4871571191450965,4.487264677892693,0.0,0.0001,0.0,0.0,1.0,-inf
71,72.0,0.10671314710354174,8.514721273126916,0.10671314710354174,8.514721273126916,6.0,0.9258200997725514,2.220446049250313e-16,2.9209452412091914
72,73.0,0.6967333505291096,3.035507343578856,0.0,0.0001,0.0,0.0,1.0,-inf
73,74.0,0.49442543376832826,3.840962035687467,0.0,0.0001,0.0,0.0,1.0,-inf
74,75.0,0.6823890250700865,8.371151961128085,0.0,0.0001,0.0,0.0,1.0,-inf
75,76.0,0.991922276406005,2.437999524046884,0.0,0.0001,0.0,0.0,1.0,-inf
76,77.0,0.8741413651558662,2.2195591506495136,0.0,0.0001,0.0,0.0,1.0,-inf
77,78.0,0.44550253338273804,4.592421160840271,0.0,0.0001,0.0,0.0,1.0,-inf
78,79.0,0.4555842802804533,0.12017806485834652,0.0,0.0001,0.0,0.0,1.0,-inf
79,80.0,0.47188822716624335,8.010340595970902,0.47195643926891223,8.010336155079171,5.999997905904307,0.9258199382095472,2.639185932018506e-07,2.9209427980971236
80,81.0,0.15415726329754476,5.087460015996729,0.15415726329754476,5.087460015996729,5.999999999990774,0.9258200997718397,1.5291101718162281e-12,2.920945241198427
81,82.0,0.27357804914637074,5.895293261477207,0.27357804914637074,5.895293261477207,5.999999927657712,0.9258200941912229,1.1181092829382067e-08,2.9209451568098554
82,83.0,0.25922571199894584,4.623572028051916,0.0,0.0001,0.0,0.0,1.0,-inf
83,84.0,0.8303330097397668,7.553958973636982,0.0,0.0001,0.0,0.0,1.0,-inf
84,85.0,0.0914822110872281,7.431857915821635,0.0914822110872281,7.431857915821635,6.0,0.9258200997725514,2.220446049250313e-16,2.9209452412091914
85,86.0,0.910783525403208,8.56901666112151,0.0,0.0001,0.0,0.0,1.0,-inf
86,87.0,0.26482982335934224,2.0706765719696363,0.0,0.0001,0.0,0.0,1.0,-inf
87,88.0,0.03832555602006771,8.64441191258774,0.03832555602006771,8.64441191258774,6.0,0.9258200997725514,2.220446049250313e-16,2.9209452412091914
88,89.0,0.2050507710084699,3.3809855894398466,0.0,0.0001,0.0,0.0,1.0,-inf
89,90.0,0.6342182969391654,6.710523362058692,0.0,0.0001,0.0,0.0,1.0,-inf
90,91.0,0.2098271767548726,0.8807562239414282,0.0,0.0001,0.0,0.0,1.0,-inf
91,92.0,0.06629069779193153,8.776287810869892,0.06629069779193153,8.776287810869892,6.0,0.9258200997725514,2.220446049250313e-16,2.9209452412091914
92,93.0,0.8314601485068145,5.852203719412641,0.0,0.0001,0.0,0.0,1.0,-inf
93,94.0,0.9746421296043758,5.901903593926822,0.0,0.0001,0.0,0.0,1.0,-inf
94,95.0,0.3849211084245925,4.264366234642091,0.0,0.0001,0.0,0.0,1.0,-inf
95,96.0,0.1701176593546162,5.6178890505761006,0.1701176593546162,5.6178890505761006,5.9999999999948095,0.9258200997721512,8.564260411958458e-13,2.9209452412031367
96,97.0,0.6502493216211249,6.893154664569335,0.0,0.0001,0.0,0.0,1.0,-inf
97,98.0,0.38852602271654224,2.420387282249972,0.0,0.0001,0.0,0.0,1.0,-inf
98,99.0,0.33798809893853554,0.9693037224264412,0.0,0.0001,0.0,0.0,1.0,-inf
99,100.0,0.006881209989201609,5.37040532234931,0.006881209989201609,5.37040532234931,6.0,0.9258200997725514,2.220446049250313e-16,2.9209452412091914
100,101.0,0.6134906863369592,8.0408991354823,0.0,0.0001,0.0,0.0,1.0,-inf
101,102.0,0.23677368910714391,0.3604472289782108,0.0,0.0001,0.0,0.0,1.0,-inf
102,103.0,0.7635453631298831,1.150262887062695,1.1102230246251565e-16,0.0001,0.0,0.0,1.0,-inf
103,104.0,0.6662457654563252,3.602555155574125,0.0,0.0001,0.0,0.0,1.0,-inf
104,105.0,0.10322980546729921,4.907890678986237,0.10322980546729921,4.907890678986237,6.0,0.9258200997725514,2.220446049250313e-16,2.9209452412091914
105,106.0,0.7923097073742958,9.02218997818325,0.0,0.0001,0.0,0.0,1.0,-inf
106,107.0,0.8759477071195392,1.2157896641329935,0.0,0.0001,0.0,0.0,1.0,-inf
107,108.0,0.5569423448087486,9.712255385730934,0.5569723652391836,9.712253520556407,5.99999896198311,0.9258200196878063,1.1954851342199646e-07,2.920944030189382
108,109.0,0.8051710637699079,3.937109574202885,0.0,0.0001,0.0,0.0,1.0,-inf
109,110.0,0.41568074603180416,1.0635918946350096,0.0,0.0001,0.0,0.0,1.0,-inf
110,111.0,0.30308405175693975,3.077481430989642,1.1102230246251565e-16,0.0001,0.0,0.0,1.0,-inf
111,112.0,0.5031416471257179,8.018236357606712,0.0,0.0001,0.0,0.0,1.0,-inf
112,113.0,0.26594260643185785,1.8408433784611875,0.0,0.0001,0.0,0.0,1.0,-inf
113,114.0,0.7571743246706426,4.519815474615449,0.0,0.0001,0.0,0.0,1.0,-inf
114,115.0,0.050662245887939106,9.603858750344685,0.050662245887939106,9.603858750344685,6.0,0.9258200997725514,2.220446049250313e-16,2.9209452412091914
115,116.0,0.8266696288580856,3.0241038328758707,0.0,0.08194982701404414,0.0,0.0,1.0,-inf
116,117.0,0.7715987516571461,0.9724065084631612,0.0,0.0001,0.0,0.0,1.0,-inf
117,118.0,0.1469340702448637,9.093030911421575,0.1469340702448637,9.093030911421575,6.0,0.9258200997725514,2.220446049250313e-16,2.9209452412091914
118,119.0,0.807434974881818,1.714847437741953,0.0,0.0001,0.0,0.0,1.0,-inf
119,120.0,0.5688152978218471,5.142546756929245,0.0,0.0001,0.0,0.0,1.0,-inf
120,121.0,0.4073189236667232,7.290603178166029,0.4073610233238391,7.290600513630754,5.999998929794417,0.9258200172043947,1.446079721523219e-07,2.920943992635901
121,122.0,0.035403363730460935,1.691654590436915,0.035403363730460935,1.691654590436915,5.999999993386777,0.9258200992623303,1.102203883718289e-09,2.9209452334937653
122,123.0,0.9322410785008781,9.276984167758592,0.0,0.0001,0.0,0.0,1.0,-inf
123,124.0,0.10933712066740253,6.531754827912696,0.10933712066740253,6.531754827912696,6.0,0.9258200997725514,2.220446049250313e-16,2.9209452412091914
124,125.0,0.21045460930938542,0.36122749788851855,0.0,0.09981231080445015,0.0,0.0,1.0,-inf
125,126.0,0.32204788014875607,9.220876385271437,0.32204788014875607,9.220876385271437,5.999999999961226,0.92582009976956,5.727862628646108e-12,2.920945241163955
126,127.0,0.16337091254036307,1.0470707501136474,0.0,0.0001,0.0,0.0,1.0,-inf
127,128.0,0.8674952250040547,0.4700386311172785,0.0,0.0001,0.0,0.0,1.0,-inf
128,129.0,0.5550445204212504,2.9880710794148877,0.0,0.0001,0.0,0.0,1.0,-inf
129,130.0,0.6891117177568102,9.691751050153304,0.0,0.0001,0.0,0.0,1.0,-inf
130,131.0,0.1034936373260037,1.5419607889047136,0.0,0.0001,0.0,0.0,1.0,-inf
131,132.0,0.6354457964765754,0.29132447622695706,0.0,0.0001,0.0,0.0,1.0,-inf
132,133.0,0.7353645224652946,4.981205454851951,0.0,0.0001,0.0,0.0,1.0,-inf
133,134.0,0.6259007397896359,8.075790416139652,0.0,0.0001,0.0,0.0,1.0,-inf
134,135.0,0.0027883814035529753,5.90716675016047,0.0027883814035529753,5.90716675016047,6.0,0.9258200997725514,2.220446049250313e-16,2.9209452412091914
135,136.0,0.696850919054526,4.906809250288624,0.0,0.0001,0.0,0.0,1.0,-inf
136,137.0,0.8927964860908544,1.3322335911553316,0.0,0.0001,0.0,0.0,1.0,-inf
137,138.0,0.9660324156141465,6.276273312897487,0.0,0.0001,0.0,0.0,1.0,-inf
138,139.0,0.4039511838267701,2.0915657982673106,0.0,0.0001,0.0,0.0,1.0,-inf
139,140.0,0.27871341083979007,0.5339637256996149,0.0,0.0001,0.0,0.0,1.0,-inf
140,141.0,0.7484144970591423,2.8324997060041626,0.0,0.0001,0.0,0.0,1.0,-inf
141,142.0,0.09771450213310073,2.4640712183216222,0.0,0.13487736466671796,0.0,0.0,1.0,-inf
142,143.0,0.6824439044750875,1.20533878529893,0.0,0.0001,0.0,0.0,1.0,-inf
143,144.0,0.755630635096329,2.0169611672058885,0.0,0.0001,0.0,0.0,1.0,-inf
144,145.0,0.1854825826045945,9.162067189489015,0.1854825826045945,9.162067189489015,6.0,0.9258200997725514,2.220446049250313e-16,2.9209452412091914
145,146.0,0.23199707737271968,8.541944069971551,0.23199707737271968,8.541944069971551,5.999999999999971,0.9258200997725492,4.9960036108132044e-15,2.920945241209158
146,147.0,0.7731573289861996,4.491806037863176,0.0,0.0001,0.0,0.0,1.0,-inf
147,148.0,0.7490399423254281,2.2442258403525184,0.0,0.0001,0.0,0.0,1.0,-inf
148,149.0,0.39989353777887016,7.774564206066117,0.39990392946638614,7.7745636731590615,5.9999997633166,0.9258200815120305,3.2238202107848224e-08,2.9209449650785526
149,150.0,0.4057145676873516,3.044000263234366,0.0,0.0001,0.0,0.0,1.0,-inf
150,151.0,0.11921733388158495,4.114399790373359,0.11921733388158495,4.114399790373359,5.9999999999880105,0.9258200997716265,1.9964030428809565e-12,2.920945241195204
151,152.0,0.7414870088210848,4.486932205225499,0.0,0.0001,0.0,0.0,1.0,-inf
152,153.0,0.7666701999822404,3.136721035930613,0.0,0.0001,0.0,0.0,1.0,-inf
153,154.0,0.5280099049187802,0.11697230286887082,0.0,0.0001,0.0,0.0,1.0,-inf
154,155.0,0.9615282917390933,6.724029509696127,0.0,0.0001,0.0,0.0,1.0,-inf
155,156.0,0.6417390495828958,5.199777646859582,0.0,0.0001,0.0,0.0,1.0,-inf
156,157.0,0.6053218101839302,4.414098317719361,0.0,0.0001,0.0,0.0,1.0,-inf
157,158.0,0.8492666453761303,0.7580651744706254,0.0,0.09447139650280421,0.0,0.0,1.0,-inf
158,159.0,0.34270597782630674,7.95866446244505,0.34270597782630674,7.95866446244505,5.999999992536676,0.9258200991967435,1.0796753491248978e-09,2.92094523250198
159,160.0,0.4583449864096263,3.742760547340319,0.0,0.0001,0.0,0.0,1.0,-inf
160,161.0,0.5265418190808207,4.776591899630864,0.0,0.0001,0.0,0.0,1.0,-inf
161,162.0,0.5183501236821,0.16593583646512475,0.0,0.0001,0.0,0.0,1.0,-inf
162,163.0,0.34226421552026576,7.584842066144509,0.34226421552026576,7.584842066144509,5.999999978345558,0.925820098101875,3.1340390282963426e-09,2.920945215945676
163,164.0,0.08223773252373079,0.5071514356812648,1.1102230246251565e-16,0.0001,0.0,0.0,1.0,-inf
164,165.0,0.300121593522955,5.346445014300171,0.0,0.0001,0.0,0.0,1.0,-inf
165,166.0,0.3172208437887115,6.3580458265159,0.3172329230152258,6.3580452047910025,5.999999783491426,0.9258200830685521,3.2132789984373744e-08,2.920944988615852
166,167.0,0.3945207594783574,9.431404289394544,0.3945207594783574,9.431404289394544,5.999999997204444,0.9258200995568697,3.8297998106173736e-10,2.92094523794771
167,168.0,0.5279242862086185,1.7438106092363397,0.0,0.0001,0.0,0.0,1.0,-inf
168,169.0,0.011373841564952136,2.194647111443748,0.011373841564952136,2.194647111443748,6.0,0.9258200997725514,2.220446049250313e-16,2.9209452412091914
169,170.0,0.34848493327134467,6.645237399057165,0.34850704891400686,6.645236066789527,5.999999541971468,0.9258200644348825,6.586624734516988e-08,2.9209447068425503
170,171.0,0.7954412648099515,3.1192185156260823,0.0,0.0001,0.0,0.0,1.0,-inf
171,172.0,0.9432365213945577,8.4546926502041,0.0,0.0001,0.0,0.0,1.0,-inf
172,173.0,0.9573421460276026,3.002216006404661,0.0,0.0001,0.0,0.0,1.0,-inf
173,174.0,0.5109706735725391,2.5975170128778413,0.0,0.0001,0.0,0.0,1.0,-inf
174,175.0,0.07552964142609109,5.626884441328495,0.07552964142609109,5.626884441328495,6.0,0.9258200997725514,2.220446049250313e-16,2.9209452412091914
175,176.0,0.17538452761713808,8.675816878003547,0.17538452761713808,8.675816878003547,6.0,0.9258200997725514,2.220446049250313e-16,2.9209452412091914
176,177.0,0.837574607979026,0.6120530039135643,0.0,0.0001,0.0,0.0,1.0,-inf
177,178.0,0.3366690192495695,9.900379405594846,0.3366690192495695,9.900379405594846,5.999999999983955,0.9258200997713137,2.3359092438113294e-12,2.920945241190473
178,179.0,0.14575920216397753,9.46648583428318,0.14575920216397753,9.46648583428318,6.0,0.9258200997725514,2.220446049250313e-16,2.9209452412091914
179,180.0,0.08154476669601152,1.37943476409026,0.0,0.0001,0.0,0.0,1.0,-inf
180,181.0,0.7263024812299999,5.068974346363971,0.0,0.0001,0.0,0.0,1.0,-inf
181,182.0,0.5015988518397345,9.45809113624685,0.5016089770736682,9.458090514522008,5.999999709549572,0.9258200773638143,3.546083404692979e-08,2.9209449023503513
182,183.0,0.34477355620067607,4.660160771786292,0.0,0.0001,0.0,0.0,1.0,-inf
183,184.0,0.1588135488585798,4.393931610008324,0.1588135488585798,4.393931610008324,5.999999998391968,0.9258200996484892,2.660767162154798e-10,2.9209452393331548
184,185.0,0.6036657735080169,5.3584277115912125,0.0,0.0001,0.0,0.0,1.0,-inf
185,186.0,0.8153544480040718,0.8385312232738119,1.1102230246251565e-16,0.0001,0.0,0.0,1.0,-inf
186,187.0,0.7278898245306951,4.64750191791671,0.0,0.0001,0.0,0.0,1.0,-inf
187,188.0,0.9674226013555256,0.39858981575556096,0.0,0.10237143404767073,0.0,0.0,1.0,-inf
188,189.0,0.8242278831205915,8.69173089483068,0.0,0.0001,0.0,0.0,1.0,-inf
189,190.0,0.9277626756179411,5.153971834377667,0.0,0.0001,0.0,0.0,1.0,-inf
190,191.0,0.8845186363557416,2.5307949817151947,0.0,0.0001,0.0,0.0,1.0,-inf
191,192.0,0.36824612034931514,4.753375647842072,0.0,0.0001,0.0,0.0,1.0,-inf
192,193.0,0.05362433184112658,0.12158683241040458,0.0,0.0001,0.0,0.0,1.0,-inf
193,194.0,0.6821439962883117,8.354070504815589,0.0,0.0001,0.0,0.0,1.0,-inf
194,195.0,0.9088652209695491,4.690585426801602,0.0,0.0001,0.0,0.0,1.0,-inf
195,196.0,0.5617644363450358,6.464285424314969,0.0,0.0001,0.0,0.0,1.0,-inf
196,197.0,0.9485787104881289,9.110066458979455,0.0,0.0001,0.0,0.0,1.0,-inf
197,198.0,0.8909176305206915,1.9201490622500113,0.0,0.0001,0.0,0.0,1.0,-inf
198,199.0,0.37991389329149716,1.1222891306446108,0.0,0.0001,0.0,0.0,1.0,-inf
199,200.0,0.4167022042114693,1.0267361392232057,1.1102230246251565e-16,0.0001,0.0,0.0,1.0,-inf
200,201.0,0.6790522732483256,2.2348611714374136,0.0,0.0001,0.0,0.0,1.0,-inf
201,202.0,0.8126606925381392,3.771049256786112,0.0,0.0001,0.0,0.0,1.0,-inf
202,203.0,0.11368164446107609,7.919703234725039,0.11368164446107609,7.919703234725039,6.0,0.9258200997725514,2.220446049250313e-16,2.9209452412091914
203,204.0,0.1150357372222488,4.350007298005539,0.1150357372222488,4.350007298005539,5.999999999999412,0.9258200997725061,9.825473767932635e-14,2.920945241208506
204,205.0,0.15005277037237064,5.24295515786471,0.15005277037237064,5.24295515786471,5.999999999998438,0.9258200997724311,2.594591208548991e-13,2.9209452412073693
205,206.0,0.05782458172706739,9.254422571506032,0.05782458172706739,9.254422571506032,6.0,0.9258200997725514,2.220446049250313e-16,2.9209452412091914
206,207.0,0.13198256651466733,1.4140306002058503,0.0,0.0001,0.0,0.0,1.0,-inf
207,208.0,0.6974195889121121,5.765605326196277,0.0,0.0001,0.0,0.0,1.0,-inf
208,209.0,0.24130918746963803,7.779711435143138,0.24130918746963803,7.779711435143138,5.99999999999752,0.9258200997723601,3.93574062229618e-13,2.920945241206299
209,210.0,0.15008810150026874,5.854293747081608,0.15008810150026874,5.854293747081608,5.999999999999973,0.9258200997725495,4.773959005888173e-15,2.9209452412091608
210,211.0,0.05511717295285379,1.4187123966623072,0.0,0.0001,0.0,0.0,1.0,-inf
211,212.0,0.7728060480124669,0.03610924726615707,0.0,0.0001,0.0,0.0,1.0,-inf
212,213.0,0.03243358390926954,2.241726038757834,0.03243358390926954,2.241726038757834,6.0,0.9258200997725514,2.220446049250313e-16,2.9209452412091914
213,214.0,0.9014072329143823,6.051499600562417,0.0,0.0001,0.0,0.0,1.0,-inf
214,215.0,0.07370015910553562,2.50204707469412,0.07370015910553562,2.50204707469412,5.999999996854604,0.9258200995298789,5.242294376373025e-10,2.9209452375395633
215,216.0,0.314695235510554,3.969069379467577,0.0,0.0001,0.0,0.0,1.0,-inf
216,217.0,0.7425086132429797,7.415705153062426,0.0,0.0001,0.0,0.0,1.0,-inf
217,218.0,0.5282186531803174,8.180790626996089,0.0,0.0001,0.0,0.0,1.0,-inf
218,219.0,0.6489174968078072,1.6482530301804514,1.1102230246251565e-16,0.0001,0.0,0.0,1.0,-inf
219,220.0,0.7929722977344059,6.9093160909290114,0.0,0.0001,0.0,0.0,1.0,-inf
220,221.0,0.17475445219430275,1.7177026082595481,0.0,0.0001,0.0,0.0,1.0,-inf
221,222.0,0.6594742561764776,6.457744012615183,0.0,0.0001,0.0,0.0,1.0,-inf
222,223.0,0.8847620135137908,8.713837413085734,0.0,0.0001,0.0,0.0,1.0,-inf
223,224.0,0.9690327742654413,8.038121393142976,0.0,0.0001,0.0,0.0,1.0,-inf
224,225.0,0.5876993160053338,5.637883855993837,0.0,0.0001,0.0,0.0,1.0,-inf
225,226.0,0.42447654725455986,3.8622812536490074,0.0,0.0001,0.0,0.0,1.0,-inf
226,227.0,0.8064793088281765,2.466981582840596,0.0,0.0001,0.0,0.0,1.0,-inf
227,228.0,0.6906954742363187,0.9600581390709488,0.0,0.0001,0.0,0.0,1.0,-inf
228,229.0,0.4977146162114193,2.8655322720488234,0.0,0.0001,0.0,0.0,1.0,-inf
229,230.0,0.3163079151641658,2.480773117334549,0.0,0.0001,0.0,0.0,1.0,-inf
230,231.0,0.07188673581263483,1.8883753323311268,0.0,0.0001,0.0,0.0,1.0,-inf
231,232.0,0.4733512742715936,2.4620348469478532,0.0,0.0001,0.0,0.0,1.0,-inf
232,233.0,0.46666966131979415,5.327583141376908,0.0,0.0001,0.0,0.0,1.0,-inf
233,234.0,0.4715019878503969,2.2114022521302554,0.0,0.0001,0.0,0.0,1.0,-inf
234,235.0,0.5720955174840777,6.210120308234217,0.0,0.0001,0.0,0.0,1.0,-inf
235,236.0,0.413142169455587,4.364295432452187,0.0,0.0001,0.0,0.0,1.0,-inf
236,237.0,0.10911498449771928,1.532014155234244,0.0,0.0001,0.0,0.0,1.0,-inf
237,238.0,0.026325323793104483,4.746575389944574,0.026325323793104483,4.746575389944574,6.0,0.9258200997725514,2.220446049250313e-16,2.9209452412091914
238,239.0,0.9482069319205101,6.776523872050918,0.0,0.0001,0.0,0.0,1.0,-inf
239,240.0,0.3087412304295961,9.431144060001765,0.3087412304295961,9.431144060001765,5.999999999993638,0.9258200997720607,9.525713551283843e-13,2.9209452412017693
240,241.0,0.24031040639042345,8.84842961968418,0.24031040639042345,8.84842961968418,5.999999999999974,0.9258200997725495,4.6629367034256575e-15,2.9209452412091617
241,242.0,0.5792459433877585,2.021892968189947,0.0,0.0001,0.0,0.0,1.0,-inf
242,243.0,0.7258736915071023,1.0506633540966437,0.0,0.0001,0.0,0.0,1.0,-inf
243,244.0,0.27352894252698345,8.335048986679363,0.27352894252698345,8.335048986679363,5.999999999990356,0.9258200997718076,1.4905854328617352e-12,2.9209452411979404
244,245.0,0.7039271010286267,8.907408979955706,0.0,0.0001,0.0,0.0,1.0,-inf
245,246.0,0.5102488938800881,1.1180238028824914,0.0,0.0001,0.0,0.0,1.0,-inf
246,247.0,0.08081713267499191,6.048793225220856,0.08081713267499191,6.048793225220856,6.0,0.9258200997725514,2.220446049250313e-16,2.9209452412091914
247,248.0,0.7196993629778738,2.8152899411242944,1.1102230246251565e-16,0.0001,0.0,0.0,1.0,-inf
248,249.0,0.8087272098209344,7.891455011283819,0.0,0.0001,0.0,0.0,1.0,-inf
249,250.0,0.37250290126175056,1.289658355022467,1.1102230246251565e-16,0.0001,0.0,0.0,1.0,-inf
250,251.0,0.722677641117182,3.864140990751317,0.0,0.0001,0.0,0.0,1.0,-inf
251,252.0,0.48584307297596574,4.089431456246011,0.0,0.0001,0.0,0.0,1.0,-inf
252,253.0,0.889556253430294,9.510140470356996,0.0,0.0001,0.0,0.0,1.0,-inf
253,254.0,0.08505612978772459,1.9990479071596288,1.1102230246251565e-16,0.0001,0.0,0.0,1.0,-inf
254,255.0,0.45235849213752977,5.383929918373352,0.0,0.0001,0.0,0.0,1.0,-inf
255,256.0,0.12529201941080437,7.75993190383396,0.12529201941080437,7.75993190383396,6.0,0.9258200997725514,2.220446049250313e-16,2.9209452412091914
256,257.0,0.14159160970545592,6.296711714551197,0.14159160970545592,6.296711714551197,6.0,0.9258200997725514,2.220446049250313e-16,2.9209452412091914
257,258.0,0.7724200786722114,6.874719757113928,0.0,0.0001,0.0,0.0,1.0,-inf
258,259.0,0.7556569219601409,7.425538847186635,0.0,0.0001,0.0,0.0,1.0,-inf
259,260.0,0.8707319682849686,3.899994703151665,0.0,0.0001,0.0,0.0,1.0,-inf
260,261.0,0.816521288011204,2.4137253096377767,0.0,0.0001,0.0,0.0,1.0,-inf
261,262.0,0.38944761919928617,2.1813420180679235,0.0,0.0001,0.0,0.0,1.0,-inf
262,263.0,0.44644225226874,3.4675237720636587,0.0,0.0001,0.0,0.0,1.0,-inf
263,264.0,0.01759550427457346,5.936280669375588,0.01759550427457346,5.936280669375588,6.0,0.9258200997725514,2.220446049250313e-16,2.9209452412091914
264,265.0,0.04696828867092062,3.062550156898124,0.04696828867092062,3.062550156898124,6.0,0.9258200997725514,2.220446049250313e-16,2.9209452412091914
265,266.0,0.18580575546759204,0.769860983787192,0.0,0.0001,0.0,0.0,1.0,-inf
266,267.0,0.17647268793108095,4.154633805110282,0.17647268793108095,4.154633805110282,5.9999999437730365,0.9258200954345472,9.251874821813999e-09,2.9209451756110676
267,268.0,0.4420711744228154,2.364108570885077,0.0,0.0001,0.0,0.0,1.0,-inf
268,269.0,0.015428613319711348,8.459357094047899,0.015428613319711348,8.459357094047899,6.0,0.9258200997725514,2.220446049250313e-16,2.9209452412091914
269,270.0,0.2399603935380754,5.205028468121899,0.2399603935380754,5.205028468121899,5.999999903582092,0.9258200923337484,1.5309915779582184e-08,2.9209451287216313
270,271.0,0.002680241489498303,9.278789673571804,0.002680241489498303,9.278789673571804,6.0,0.9258200997725514,2.220446049250313e-16,2.9209452412091914
271,272.0,0.4789790112821469,5.440704637933703,0.0,0.0001,0.0,0.0,1.0,-inf
272,273.0,0.8409867607858839,6.629398490556359,0.0,0.0001,0.0,0.0,1.0,-inf
273,274.0,0.6849521599279144,5.882690874661208,0.0,0.0001,0.0,0.0,1.0,-inf
274,275.0,0.23809343118466753,4.772285556417976,0.23812904713931624,4.772283424789755,5.999999483852407,0.9258200599508993,8.20668665246771e-08,2.920944639036974
275,276.0,0.29475951127775035,9.645109064777252,0.29475951127775035,9.645109064777252,5.999999999999181,0.9258200997724884,1.2434497875801753e-13,2.920945241208237
276,277.0,0.028129658277717295,7.728617186952787,0.028129658277717295,7.728617186952787,6.0,0.9258200997725514,2.220446049250313e-16,2.9209452412091914
277,278.0,0.24509427088940672,0.8824422066052878,0.0,0.0001,0.0,0.0,1.0,-inf
278,279.0,0.8453546002335157,0.7261446149668456,0.0,0.0001,0.0,0.0,1.0,-inf
279,280.0,0.36168530904992147,0.2705718647789161,0.0,0.0001,0.0,0.0,1.0,-inf
280,281.0,0.3817539000154194,9.045361303318886,0.3817539000154194,9.045361303318886,5.999999996311598,0.9258200994879852,5.122250401612405e-10,2.9209452369060562
281,282.0,0.9030916161339486,4.7081122343390565,0.0,0.0001,0.0,0.0,1.0,-inf
282,283.0,0.7997266848189244,8.77019303630373,0.0,0.0001,0.0,0.0,1.0,-inf
283,284.0,0.14422116846578759,1.4066246514503682,0.0,0.0001,0.0,0.0,1.0,-inf
284,285.0,0.6210000272265122,1.9412267660853884,0.0,0.0001,0.0,0.0,1.0,-inf
285,286.0,0.9146905016051448,2.4819576226786535,0.0,0.0001,0.0,0.0,1.0,-inf
286,287.0,0.1652754120847334,1.8057174079467153,0.0,0.0001,0.0,0.0,1.0,-inf
287,288.0,0.3921749019852019,7.033952977154066,0.3922200214489464,7.033950134983106,5.999998890388943,0.925820014164196,1.523867471098228e-07,2.920943946662838
288,289.0,0.670387300453693,8.317271509458656,0.0,0.0001,0.0,0.0,1.0,-inf
289,290.0,0.7993138597361409,3.1821889399392016,0.0,0.0001,0.0,0.0,1.0,-inf
290,291.0,0.26568845506530414,9.255394327420376,0.26568845506530414,9.255394327420376,5.999999999999866,0.9258200997725413,2.098321516541546e-14,2.9209452412090355
291,292.0,0.84683675398372,8.571025959603066,0.0,0.0001,0.0,0.0,1.0,-inf
292,293.0,0.8364034216192299,3.566541535757959,0.0,0.0001,0.0,0.0,1.0,-inf
293,294.0,0.760657917857619,2.5985792965521735,0.0,0.0001,0.0,0.0,1.0,-inf
294,295.0,0.6258215506221699,3.149044723381626,0.0,0.0001,0.0,0.0,1.0,-inf
295,296.0,0.7772596955604937,2.7445471593910185,0.0,0.0001,0.0,0.0,1.0,-inf
296,297.0,0.5713830993037076,6.024008663332517,0.0,0.0001,0.0,0.0,1.0,-inf
297,298.0,0.507692643539923,6.545916201642612,0.0,0.0001,0.0,0.0,1.0,-inf
298,299.0,0.45182584780346347,7.2053754035802156,0.0,0.0001,0.0,0.0,1.0,-inf
299,300.0,0.5463508507300183,7.949076723265412,0.0,0.0001,0.0,0.0,1.0,-inf
300,301.0,0.9631638593253751,8.417782135755676,0.0,0.0001,0.0,0.0,1.0,-inf
301,302.0,0.9092932285289903,2.948930362124341,0.0,0.0001,0.0,0.0,1.0,-inf
302,303.0,0.6032753744696784,5.092729878168409,0.0,0.0001,0.0,0.0,1.0,-inf
303,304.0,0.38878011104514354,3.0207646800667938,0.0,0.0001,0.0,0.0,1.0,-inf
304,305.0,0.03162813907134643,8.295716201782003,0.03162813907134643,8.295716201782003,6.0,0.9258200997725514,2.220446049250313e-16,2.9209452412091914
305,306.0,0.6768198931767222,9.666640756581524,0.0,0.0001,0.0,0.0,1.0,-inf
306,307.0,0.6665320018279857,0.4422833191166356,0.0,0.06919070276890925,0.0,0.0,1.0,-inf
307,308.0,0.10980274547354785,5.242320270837118,0.10980274547354785,5.242320270837118,6.0,0.9258200997725514,2.220446049250313e-16,2.9209452412091914
308,309.0,0.1257153400227503,4.723980970052044,0.1257153400227503,4.723980970052044,5.999999999999627,0.9258200997725229,6.183942247162122e-14,2.920945241208756
309,310.0,0.7633756477534046,6.644076820440869,0.0,0.0001,0.0,0.0,1.0,-inf
310,311.0,0.931449977763245,6.530344590039246,0.0,0.0001,0.0,0.0,1.0,-inf
311,312.0,0.32629471730696036,3.416594027390183,0.0,0.0001,0.0,0.0,1.0,-inf
312,313.0,0.6963455637010931,9.811462920962725,0.0,0.0001,0.0,0.0,1.0,-inf
313,314.0,0.776523598815506,7.348751631874072,0.0,0.0001,0.0,0.0,1.0,-inf
314,315.0,0.16949267938487234,4.181142010084991,0.16949267938487234,4.181142010084991,5.999999977498819,0.9258200980365477,3.7115063244996804e-09,2.920945214957813
315,316.0,0.9725145517967303,7.44454712137545,0.0,0.0001,0.0,0.0,1.0,-inf
316,317.0,0.7399924648232139,6.686093119338847,0.0,0.0001,0.0,0.0,1.0,-inf
317,318.0,0.5344212085880574,4.35910796269849,0.0,0.0001,0.0,0.0,1.0,-inf
318,319.0,0.17889178899111147,4.444327932156576,0.17889178899111147,4.444327932156576,5.9999999857082305,0.9258200986699175,2.3494859391348655e-09,2.920945224535461
319,320.0,0.1971696717837611,6.025026803629081,0.1971696717837611,6.025026803629081,5.999999999970239,0.9258200997702554,4.853339952148872e-12,2.920945241174471
320,321.0,0.36879134940938985,7.332455230053142,0.36879134940938985,7.332455230053142,5.999999820793464,0.925820085946467,2.523098485696096e-08,2.9209450321348975
321,322.0,0.1620011289105393,2.7116041431583806,0.0,0.0001,0.0,0.0,1.0,-inf
322,323.0,0.2891010910167656,9.330582692450864,0.2891010910167656,9.330582692450864,5.999999999998647,0.9258200997724473,2.0627943797535409e-13,2.9209452412076136
323,324.0,0.6665190229680327,4.936203092268737,0.0,0.0001,0.0,0.0,1.0,-inf
324,325.0,0.5751072109268642,7.529449941228366,0.0,0.0001,0.0,0.0,1.0,-inf
325,326.0,0.8704384031727925,8.275882653979147,0.0,0.0001,0.0,0.0,1.0,-inf
326,327.0,0.5135326971568324,2.915222930033488,0.0,0.0001,0.0,0.0,1.0,-inf
327,328.0,0.9010306853497011,7.509093741877627,0.0,0.0001,0.0,0.0,1.0,-inf
328,329.0,0.49839924402677527,8.483813734279286,0.49845653153487607,8.483810003930232,5.999998162709435,0.9258199580224963,2.2506883501360875e-07,2.9209430977032045
329,330.0,0.7552259492224849,2.715361514247216,0.0,0.0001,0.0,0.0,1.0,-inf
330,331.0,0.35153039221309,8.41984912604551,0.35153039221309,8.41984912604551,5.999999996601833,0.9258200995103772,4.871448799903533e-10,2.920945237244664
331,332.0,0.8993051124779693,9.096709462351576,0.0,0.0001,0.0,0.0,1.0,-inf
332,333.0,0.3820892640689342,2.660132574034389,1.1102230246251565e-16,0.0001,0.0,0.0,1.0,-inf
333,334.0,0.4177760154660637,4.442173295134232,0.0,0.0001,0.0,0.0,1.0,-inf
334,335.0,0.5904614888664286,7.9289843594277665,0.0,0.0001,0.0,0.0,1.0,-inf
335,336.0,0.5955366913431426,5.313367154982515,0.0,0.0001,0.0,0.0,1.0,-inf
336,337.0,0.41446243403893035,5.362963789637724,0.0,0.0001,0.0,0.0,1.0,-inf
337,338.0,0.18658246979318438,2.5452805482346372,0.0,0.0001,0.0,0.0,1.0,-inf
338,339.0,0.4781024692384763,0.7204954300769999,0.0,0.0001,0.0,0.0,1.0,-inf
339,340.0,0.48739458618999854,3.07330714020851,0.0,0.0001,0.0,0.0,1.0,-inf
340,341.0,0.8468987425577855,5.466869676902184,0.0,0.0001,0.0,0.0,1.0,-inf
341,342.0,0.2861867253870165,3.909740126098038,0.0,0.0001,0.0,0.0,1.0,-inf
342,343.0,0.7511162706091643,2.0868727347220917,0.0,0.0001,0.0,0.0,1.0,-inf
343,344.0,0.952518233629476,3.926217701126578,0.0,0.0001,0.0,0.0,1.0,-inf
344,345.0,0.709153003628664,2.769020013032363,1.1102230246251565e-16,0.0001,0.0,0.0,1.0,-inf
345,346.0,0.25709631232715124,1.4746732198313157,0.0,0.0001,0.0,0.0,1.0,-inf
346,347.0,0.8933007584155127,3.3141023582419287,0.0,0.0001,0.0,0.0,1.0,-inf
347,348.0,0.2283787753704789,5.941564140833034,0.2283787753704789,5.941564140833034,5.999999998471909,0.9258200996546567,2.446288727142587e-10,2.920945239426419
348,349.0,0.7633695402784376,4.1066541518975805,0.0,0.0001,0.0,0.0,1.0,-inf
349,350.0,0.4243073841379036,6.443636263977784,0.0,0.0001,0.0,0.0,1.0,-inf
350,351.0,0.6965948697100985,0.4099583173676053,0.0,0.10114803621194632,0.0,0.0,1.0,-inf
351,352.0,0.9093536943944623,1.7962983923384366,0.0,0.0001,0.0,0.0,1.0,-inf
352,353.0,0.17191442263605117,4.062237844533639,0.17191442263605117,4.062237844533639,5.9999999409880775,0.9258200952196829,9.725949157157743e-09,2.920945172361949
353,354.0,0.32943313641073857,6.531314836483869,0.329446014997831,6.531314037123287,5.999999755027399,0.9258200808725049,3.5918780283417107e-08,2.920944955407818
354,355.0,0.16941616428746287,0.6921294688028442,0.0,0.0001,0.0,0.0,1.0,-inf
355,356.0,0.7867300834801885,0.941421427150406,0.0,0.0001,0.0,0.0,1.0,-inf
356,357.0,0.9997598801685139,5.188178431757894,0.0,0.0001,0.0,0.0,1.0,-inf
357,358.0,0.5599744090889603,2.8207002121915803,0.0,0.13553798943492193,0.0,0.0,1.0,-inf
358,359.0,0.12118838242296026,0.12639806445740512,0.0,0.0001,0.0,0.0,1.0,-inf
359,360.0,0.46431806687552546,3.863230133576098,0.0,0.0001,0.0,0.0,1.0,-inf
360,361.0,0.6682684253617547,6.014929942319046,0.0,0.0001,0.0,0.0,1.0,-inf
361,362.0,0.19150432627418756,9.797444087575167,0.19150432627418756,9.797444087575167,6.0,0.9258200997725514,2.220446049250313e-16,2.9209452412091914
362,363.0,0.9556182442484626,9.344496412530727,0.0,0.0001,0.0,0.0,1.0,-inf
363,364.0,0.7259888717849214,1.0834553603134138,0.0,0.0001,0.0,0.0,1.0,-inf
364,365.0,0.9370214314200042,4.34347464858556,0.0,0.0001,0.0,0.0,1.0,-inf
365,366.0,0.36904314838462005,8.862143162351584,0.36904314838462005,8.862143162351584,5.999999997126152,0.9258200995508294,4.0450987004447825e-10,2.92094523785637
366,367.0,0.32920360374935065,0.7099317865077308,0.0,0.0001,0.0,0.0,1.0,-inf
367,368.0,0.4564960201281555,5.251886651650052,0.0,0.0001,0.0,0.0,1.0,-inf
368,369.0,0.6918308863220217,0.413097919107445,0.0,0.07760026906519145,0.0,0.0,1.0,-inf
369,370.0,0.47115315891441556,4.660727008430778,0.0,0.0001,0.0,0.0,1.0,-inf
370,371.0,0.5471043239050398,7.0536686942281355,0.0,0.0001,0.0,0.0,1.0,-inf
371,372.0,0.14211932650803227,0.7921241897543572,0.0,0.0001,0.0,0.0,1.0,-inf
372,373.0,0.2046494007848001,0.2984375354860791,0.0,0.0001,0.0,0.0,1.0,-inf
373,374.0,0.659843644288482,0.5120991040801931,0.0,0.0001,0.0,0.0,1.0,-inf
374,375.0,0.9321399407213831,9.53453096157465,0.0,0.0001,0.0,0.0,1.0,-inf
375,376.0,0.07293789162853159,2.510837242259689,0.07293789162853159,2.510837242259689,5.999999997752731,0.9258200995991709,3.7454295220840095e-10,2.920945238587378
376,377.0,0.5066984725746955,3.7426107271129347,0.0,0.0001,0.0,0.0,1.0,-inf
377,378.0,0.8134417556147692,0.16787551160418446,0.0,0.1319040787624115,0.0,0.0,1.0,-inf
378,379.0,0.23414004547671619,0.8209949175342119,0.0,0.0001,0.0,0.0,1.0,-inf
379,380.0,0.3181411224621761,5.4886080070848555,0.0,0.0001,0.0,0.0,1.0,-inf
380,381.0,0.8472345328456533,3.5749824014671874,0.0,0.0001,0.0,0.0,1.0,-inf
381,382.0,0.023125191079680807,1.311039064646087,0.0,0.0001,0.0,0.0,1.0,-inf
382,383.0,0.04726947139056459,4.598325698046388,0.04726947139056459,4.598325698046388,6.0,0.9258200997725514,2.220446049250313e-16,2.9209452412091914
383,384.0,0.7055622105580321,5.500460034767235,0.0,0.0001,0.0,0.0,1.0,-inf
384,385.0,0.5755445364684024,7.5464973633135735,0.0,0.0001,0.0,0.0,1.0,-inf
385,386.0,0.8842828034902651,3.2599189369733734,0.0,0.0001,0.0,0.0,1.0,-inf
386,387.0,0.9028874582971785,2.029655744219996,0.0,0.0001,0.0,0.0,1.0,-inf
387,388.0,0.07005882961631171,2.4803976877133866,0.07005882961631171,2.4803976877133866,5.999999998533532,0.9258200996594111,2.444106028676174e-10,2.9209452394983133
388,389.0,0.9866006611577374,1.4580381737967987,0.0,0.0001,0.0,0.0,1.0,-inf
389,390.0,0.9127246644685436,8.670160452020978,0.0,0.0001,0.0,0.0,1.0,-inf
390,391.0,0.013562238561586004,5.032954349173207,0.013562238561586004,5.032954349173207,6.0,0.9258200997725514,2.220446049250313e-16,2.9209452412091914
391,392.0,0.8381409917151694,0.6805562148019993,1.1102230246251565e-16,0.0001,0.0,0.0,1.0,-inf
392,393.0,0.279117418781607,6.910240924831573,0.279117418781607,6.910240924831573,5.999999997246546,0.9258200995601179,4.235095607540984e-10,2.9209452379968286
393,394.0,0.12039991341206502,7.336039627211555,0.12039991341206502,7.336039627211555,6.0,0.9258200997725514,2.220446049250313e-16,2.9209452412091914
394,395.0,0.5286847896808229,2.4421837582926513,0.0,0.10891936166791455,0.0,0.0,1.0,-inf
395,396.0,0.3107103523440419,6.652929884927604,0.3107103523440419,6.652929884927604,5.9999999419611605,0.925820095294758,8.668716633408735e-09,2.920945173497212
396,397.0,0.5639501585382666,3.8992061333391796,0.0,0.0001,0.0,0.0,1.0,-inf
397,398.0,0.27203415074657,5.044785829585717,0.27211870533217,5.044780411697324,5.999998508401963,0.9258199846932575,2.3082950106889655e-07,2.920943501011265
398,399.0,0.002618746112941883,5.223987947518953,0.002618746112941883,5.223987947518953,6.0,0.9258200997725514,2.220446049250313e-16,2.9209452412091914
399,400.0,0.09486987860113627,8.229733461991263,0.09486987860113627,8.229733461991263,6.0,0.9258200997725514,2.220446049250313e-16,2.9209452412091914
400,401.0,0.9187174344027651,6.211040126996919,0.0,0.0001,0.0,0.0,1.0,-inf
401,402.0,0.17409958672366355,7.771836039229147,0.17409958672366355,7.771836039229147,6.0,0.9258200997725514,2.220446049250313e-16,2.9209452412091914
402,403.0,0.49845376993056356,0.244732118686622,0.0,0.0001,0.0,0.0,1.0,-inf
403,404.0,0.8218830105944064,3.6614930074699794,0.0,0.0001,0.0,0.0,1.0,-inf
404,405.0,0.5215136086608769,4.5763034797791295,0.0,0.0001,0.0,0.0,1.0,-inf
405,406.0,0.7685499551096268,3.755590288469474,0.0,0.0001,0.0,0.0,1.0,-inf
406,407.0,0.45475315563504937,1.7313771969149088,0.0,0.0001,0.0,0.0,1.0,-inf
407,408.0,0.10087620613592363,6.294196613185166,0.10087620613592363,6.294196613185166,6.0,0.9258200997725514,2.220446049250313e-16,2.9209452412091914
408,409.0,0.991966196720582,2.0041768619738876,0.0,0.0001,0.0,0.0,1.0,-inf
409,410.0,0.018030030419739607,6.320487881015225,0.018030030419739607,6.320487881015225,6.0,0.9258200997725514,2.220446049250313e-16,2.9209452412091914
410,411.0,0.4395900304146513,4.383472166272486,0.0,0.0001,0.0,0.0,1.0,-inf
411,412.0,0.006319614963003373,8.249468877635659,0.006319614963003373,8.249468877635659,6.0,0.9258200997725514,2.220446049250313e-16,2.9209452412091914
412,413.0,0.3799496259635309,3.2656180782255158,0.0,0.0001,0.0,0.0,1.0,-inf
413,414.0,0.24315926234601104,5.165193792819275,0.24316983166921102,5.165193171094377,5.9999998556660366,0.9258200886369445,2.2864033666358807e-08,2.9209450728195656
414,415.0,0.007215780885345691,8.164309068672535,0.007215780885345691,8.164309068672535,6.0,0.9258200997725514,2.220446049250313e-16,2.9209452412091914
415,416.0,0.49938561477047827,3.342294524692095,0.0,0.0001,0.0,0.0,1.0,-inf
416,417.0,0.18205059145525837,2.7539995563862165,0.0,0.0001,0.0,0.0,1.0,-inf
417,418.0,0.5671570061530996,9.35108539694477,0.5672275275192694,9.351080956053039,5.9999973727734695,0.925819897077602,2.993777304949319e-07,2.920942176110902
418,419.0,0.6371984097086377,8.116283136902558,0.0,0.0001,0.0,0.0,1.0,-inf
419,420.0,0.896508717633691,5.2322345935908965,0.0,0.0001,0.0,0.0,1.0,-inf
420,421.0,0.6690049343494167,0.20022019988076153,0.0,0.0001,0.0,0.0,1.0,-inf
421,422.0,0.06772385432464956,4.114260226970164,0.06772385432464956,4.114260226970164,6.0,0.9258200997725514,2.220446049250313e-16,2.9209452412091914
422,423.0,0.7237594978643663,3.050511001282777,0.0,0.0001,0.0,0.0,1.0,-inf
423,424.0,0.5468123558452341,0.6143780538924841,0.0,0.0001,0.0,0.0,1.0,-inf
424,425.0,0.38076516539716154,8.01576026470904,0.38076516539716154,8.01576026470904,5.999999947910434,0.9258200957537542,7.2415172747142265e-09,2.9209451804380304
425,426.0,0.12699478315397628,1.8548782287289785,0.0,0.0001,0.0,0.0,1.0,-inf
426,427.0,0.5417832863068642,3.234715965062352,0.0,0.0001,0.0,0.0,1.0,-inf
427,428.0,0.1542040721465059,5.725543187182779,0.1542040721465059,5.725543187182779,5.999999999999853,0.92582009977254,2.4980018054066022e-14,2.9209452412090204
428,429.0,0.4641760474043407,6.316174855738264,0.0,0.0001,0.0,0.0,1.0,-inf
429,430.0,0.7142250315659907,0.38950348857093436,0.0,0.09768180925640921,0.0,0.0,1.0,-inf
430,431.0,0.1535043553764155,1.3273875876485879,0.0,0.0001,0.0,0.0,1.0,-inf
431,432.0,0.27850346943111337,7.779737527052334,0.27850346943111337,7.779737527052334,5.999999999884356,0.9258200997636293,1.7797097129346184e-11,2.9209452410742736
432,433.0,0.26655313695818783,7.053565641739166,0.26655313695818783,7.053565641739166,5.999999999424153,0.925820099728124,8.95379326237844e-11,2.920945240537371
433,434.0,0.39491058675215773,0.8564661233661984,1.1102230246251565e-16,0.0001,0.0,0.0,1.0,-inf
434,435.0,0.3468065508816013,2.169466468146607,0.0,0.10150576086717267,0.0,0.0,1.0,-inf
435,436.0,0.16512788784558174,5.467227867147258,0.16512788784558174,5.467227867147258,5.9999999999944045,0.9258200997721198,9.242606680004428e-13,2.9209452412026633
436,437.0,0.7952520683046785,6.222846860782336,0.0,0.0001,0.0,0.0,1.0,-inf
437,438.0,0.7321373928869931,0.9419377169300773,0.0,0.0001,0.0,0.0,1.0,-inf
438,439.0,0.8838935122600805,2.66230922391972,0.0,0.0001,0.0,0.0,1.0,-inf
439,440.0,0.5629017116400057,8.856089114182922,0.0,0.0001,0.0,0.0,1.0,-inf
440,441.0,0.7558520238796976,7.834236054694677,0.0,0.0001,0.0,0.0,1.0,-inf
441,442.0,0.4994418897682581,1.073342795521071,0.0,0.0001,0.0,0.0,1.0,-inf
442,443.0,0.4720572467768539,1.7128800820057624,1.1102230246251565e-16,0.0001,0.0,0.0,1.0,-inf
443,444.0,0.009393596310013241,5.620723330252971,0.009393596310013241,5.620723330252971,6.0,0.9258200997725514,2.220446049250313e-16,2.9209452412091914
444,445.0,0.6158591355269969,1.8586275940825894,0.0,0.07885174406076932,0.0,0.0,1.0,-inf
445,446.0,0.7837173337134329,9.29235926187042,0.0,0.0001,0.0,0.0,1.0,-inf
446,447.0,0.22332441706666806,4.525886364796045,0.2233628751922613,4.525884055532139,5.999999475564284,0.9258200593114568,8.423527653178553e-08,2.920944629367496
447,448.0,0.10040620233357,9.816247508697085,0.10040620233357,9.816247508697085,6.0,0.9258200997725514,2.220446049250313e-16,2.9209452412091914
448,449.0,0.1813336603520922,1.2320137927562618,0.0,0.0001,0.0,0.0,1.0,-inf
449,450.0,0.9488070107959385,8.880210971464917,0.0,0.0001,0.0,0.0,1.0,-inf
450,451.0,0.80644633582535,2.1375642613280714,0.0,0.0001,0.0,0.0,1.0,-inf
451,452.0,0.4340359272558788,2.34690009828635,0.0,0.0001,0.0,0.0,1.0,-inf
452,453.0,0.02813785638729205,8.579404222916898,0.02813785638729205,8.579404222916898,6.0,0.9258200997725514,2.220446049250313e-16,2.9209452412091914
453,454.0,0.45376374860459256,1.0587611149045457,0.0,0.0001,0.0,0.0,1.0,-inf
454,455.0,0.2912902274661021,1.9607733906182958,0.0,0.0001,0.0,0.0,1.0,-inf
455,456.0,0.41581498948976403,4.854922801575239,0.0,0.0001,0.0,0.0,1.0,-inf
456,457.0,0.4209346556047525,1.7617261197749052,1.1102230246251565e-16,0.0001,0.0,0.0,1.0,-inf
457,458.0,0.804143790046635,8.528442222270922,0.0,0.0001,0.0,0.0,1.0,-inf
458,459.0,0.3057600816782752,8.853041259611638,0.3057600816782752,8.853041259611638,5.999999999967903,0.9258200997700752,4.817146681546092e-12,2.9209452411717454
459,460.0,0.3981136261052213,5.4072452272494695,0.0,0.0001,0.0,0.0,1.0,-inf
460,461.0,0.6812848267008055,2.3682736709542467,0.0,0.0001,0.0,0.0,1.0,-inf
461,462.0,0.05027424695925198,7.559789567154358,0.05027424695925198,7.559789567154358,6.0,0.9258200997725514,2.220446049250313e-16,2.9209452412091914
462,463.0,0.8921610578615158,1.8607585020646782,1.1102230246251565e-16,0.0001,0.0,0.0,1.0,-inf
463,464.0,0.6518822963721924,5.239089692447085,0.0,0.0001,0.0,0.0,1.0,-inf
464,465.0,0.9706525965640184,6.197522875604621,0.0,0.0001,0.0,0.0,1.0,-inf
465,466.0,0.6028593444795901,4.841503059592625,0.0,0.0001,0.0,0.0,1.0,-inf
466,467.0,0.8185172921105153,9.228221679203441,0.0,0.0001,0.0,0.0,1.0,-inf
467,468.0,0.9490285509543406,2.1157491446089707,0.0,0.0001,0.0,0.0,1.0,-inf
468,469.0,0.36310015902832715,6.231311230362037,0.0,0.0001,0.0,0.0,1.0,-inf
469,470.0,0.9070416783000477,6.930712970926247,0.0,0.0001,0.0,0.0,1.0,-inf
470,471.0,0.9112750995752593,5.009697044617406,0.0,0.0001,0.0,0.0,1.0,-inf
471,472.0,0.8011919127987033,5.23701712332686,0.0,0.0001,0.0,0.0,1.0,-inf
472,473.0,0.3351610423669531,6.332869667446928,0.33519044107266066,6.3328678910900775,5.999999403225958,0.9258200537304334,8.69955177895676e-08,2.920944544972775
473,474.0,0.06712349361247993,4.498912544602843,0.06712349361247993,4.498912544602843,6.0,0.9258200997725514,2.220446049250313e-16,2.9209452412091914
474,475.0,0.388224072281974,0.43254332194907574,0.0,0.0001,0.0,0.0,1.0,-inf
475,476.0,0.7968723599716228,0.836259713524184,0.0,0.0001,0.0,0.0,1.0,-inf
476,477.0,0.9076858434803058,3.8438270816575755,0.0,0.0001,0.0,0.0,1.0,-inf
477,478.0,0.9583111599587112,3.520357254289736,0.0,0.0001,0.0,0.0,1.0,-inf
478,479.0,0.8481981567839326,4.960890206312221,0.0,0.0001,0.0,0.0,1.0,-inf
479,480.0,0.027504348162606718,5.685217714262939,0.027504348162606718,5.685217714262939,6.0,0.9258200997725514,2.220446049250313e-16,2.9209452412091914
480,481.0,0.231965225538024,9.647043560197993,0.231965225538024,9.647043560197993,6.0,0.9258200997725514,2.220446049250313e-16,2.9209452412091914
481,482.0,0.9716523742044113,4.05042321932226,0.0,0.0001,0.0,0.0,1.0,-inf
482,483.0,0.8661294088039647,8.435553485232514,0.0,0.0001,0.0,0.0,1.0,-inf
483,484.0,0.5348153412910385,1.0573293031672883,0.0,0.0001,0.0,0.0,1.0,-inf
484,485.0,0.8270152183479487,8.094914791556858,0.0,0.0001,0.0,0.0,1.0,-inf
485,486.0,0.40767297897590493,4.460283412745343,0.0,0.0001,0.0,0.0,1.0,-inf
486,487.0,0.10141244820290629,0.8411389260464172,0.0,0.0001,0.0,0.0,1.0,-inf
487,488.0,0.7676764156759165,5.687674294149369,0.0,0.0001,0.0,0.0,1.0,-inf
488,489.0,0.1198522248070305,1.1265656027062856,0.0,0.0001,0.0,0.0,1.0,-inf
489,490.0,0.04697521055979936,8.346098994865581,0.04697521055979936,8.346098994865581,6.0,0.9258200997725514,2.220446049250313e-16,2.9209452412091914
490,491.0,0.4033778298495114,1.3555373423168924,0.0,0.0001,0.0,0.0,1.0,-inf
491,492.0,0.06296874476131131,8.687682700383636,0.06296874476131131,8.687682700383636,6.0,0.9258200997725514,2.220446049250313e-16,2.9209452412091914
492,493.0,0.9636051733844757,5.760605180604695,0.0,0.0001,0.0,0.0,1.0,-inf
493,494.0,0.10546673628588055,8.64985119792932,0.10546673628588055,8.64985119792932,6.0,0.9258200997725514,2.220446049250313e-16,2.9209452412091914
494,495.0,0.378541415659742,6.942009451415334,0.3785756105289184,6.9420073197871135,5.999999204256677,0.9258200383796192,1.1088205220666225e-07,2.92094431284192
495,496.0,0.6419549730567766,8.429740474785886,0.0,0.0001,0.0,0.0,1.0,-inf
496,497.0,0.2199670554365616,5.7902076063796155,0.2199670554365616,5.7902076063796155,5.999999998701337,0.9258200996723575,2.090468909088372e-10,2.9209452396940847
497,498.0,0.9032123468241094,2.633242027926578,0.0,0.0001,0.0,0.0,1.0,-inf
498,499.0,0.7612828675013592,8.10073780779643,0.0,0.0001,0.0,0.0,1.0,-inf
499,500.0,0.5352304881327318,4.827997987766367,0.0,0.0001,0.0,0.0,1.0,-inf
500,501.0,0.6325902613251455,5.508606166190133,0.0,0.0001,0.0,0.0,1.0,-inf
501,502.0,0.8199091405185286,1.6946895010656657,0.0,0.0001,0.0,0.0,1.0,-inf
502,503.0,0.156437315151566,2.7717776459625214,0.0,0.0001,0.0,0.0,1.0,-inf
503,504.0,0.10404594365154674,2.102401481654757,0.0,0.0001,0.0,0.0,1.0,-inf
504,505.0,0.6302133130712141,3.108851191660919,1.1102230246251565e-16,0.0001,0.0,0.0,1.0,-inf
505,506.0,0.991501961889156,4.493946131926275,0.0,0.0001,0.0,0.0,1.0,-inf
506,507.0,0.6994895169728786,0.1191831842111237,0.0,0.0001,0.0,0.0,1.0,-inf
507,508.0,0.8100441486857882,0.6274256800119137,0.0,0.0001,0.0,0.0,1.0,-inf
508,509.0,0.5360530956044554,0.9651553596247654,0.0,0.0001,0.0,0.0,1.0,-inf
509,510.0,0.5222280406158366,2.927382438389398,0.0,0.0001,0.0,0.0,1.0,-inf
510,511.0,0.9965948330534828,9.791917340076177,0.0,0.0001,0.0,0.0,1.0,-inf
511,512.0,0.9406197025578621,7.020748028099362,0.0,0.0001,0.0,0.0,1.0,-inf
512,513.0,0.3076150262950291,6.409947087224563,0.3076150262950291,6.409947087224563,5.999999894183342,0.9258200916086192,1.585212161536731e-08,2.9209451177564234
513,514.0,0.579035017868267,3.490778590920722,0.0,0.0001,0.0,0.0,1.0,-inf
514,515.0,0.2853013673312409,8.34597503876432,0.2853013673312409,8.34597503876432,5.999999999971182,0.9258200997703282,4.4084735861815716e-12,2.9209452411755708
515,516.0,0.859339644519036,4.196583315915419,0.0,0.0001,0.0,0.0,1.0,-inf
516,517.0,0.24162442596065115,0.7930738322339261,0.0,0.0001,0.0,0.0,1.0,-inf
517,518.0,0.747105709831051,3.5455102559938987,0.0,0.0001,0.0,0.0,1.0,-inf
518,519.0,0.9289222717779893,0.17287442827809416,0.0,0.0001,0.0,0.0,1.0,-inf
519,520.0,0.8849887736220178,9.282442958800264,0.0,0.0001,0.0,0.0,1.0,-inf
520,521.0,0.40386985809759735,3.6719864941426748,0.0,0.0001,0.0,0.0,1.0,-inf
521,522.0,0.03735399781534965,9.508935296330021,0.03735399781534965,9.508935296330021,6.0,0.9258200997725514,2.220446049250313e-16,2.9209452412091914
522,523.0,0.022245331894261033,4.289513353675861,0.022245331894261033,4.289513353675861,6.0,0.9258200997725514,2.220446049250313e-16,2.9209452412091914
523,524.0,0.5356293888804289,5.201835910894576,0.0,0.0001,0.0,0.0,1.0,-inf
524,525.0,0.5235896010017488,8.145377515645059,0.0,0.0001,0.0,0.0,1.0,-inf
525,526.0,0.8524999683544383,9.695748668184711,0.0,0.0001,0.0,0.0,1.0,-inf
526,527.0,0.0023785059000855924,8.418998135694844,0.0023785059000855924,8.418998135694844,6.0,0.9258200997725514,2.220446049250313e-16,2.9209452412091914
527,528.0,0.9950235626366302,7.426449623534087,0.0,0.0001,0.0,0.0,1.0,-inf
528,529.0,0.5077573416323505,2.507089014517011,0.0,0.0001,0.0,0.0,1.0,-inf
529,530.0,0.5575359558639735,4.666312070896681,0.0,0.0001,0.0,0.0,1.0,-inf
530,531.0,0.727779575896001,3.0230710133791185,0.0,0.0001,0.0,0.0,1.0,-inf
531,532.0,0.39902719864228764,5.782742175933021,0.0,0.0001,0.0,0.0,1.0,-inf
532,533.0,0.2312925018060864,0.8097082752310218,1.1102230246251565e-16,0.0001,0.0,0.0,1.0,-inf
533,534.0,0.6102661359950969,0.3994091772096454,0.0,0.0001,0.0,0.0,1.0,-inf
534,535.0,0.9825265113780631,4.695634042896702,0.0,0.0001,0.0,0.0,1.0,-inf
535,536.0,0.8050204322848028,6.870801726124539,0.0,0.0001,0.0,0.0,1.0,-inf
536,537.0,0.24883352621752353,0.24821716725047496,0.0,0.0001,0.0,0.0,1.0,-inf
537,538.0,0.23930473498623117,5.958174668715611,0.23930473498623117,5.958174668715611,5.999999996057806,0.9258200994684047,6.262697027636932e-10,2.920945236609966
538,539.0,0.651652019181372,4.913831415726732,0.0,0.0001,0.0,0.0,1.0,-inf
539,540.0,0.4615518428302263,3.624203689598704,0.0,0.0001,0.0,0.0,1.0,-inf
540,541.0,0.44743148571944713,8.85219916724598,0.44743148571944713,8.85219916724598,5.999999862757279,0.9258200891840457,1.7760035220248938e-08,2.920945081092682
541,542.0,0.8820002165964468,7.238274854339188,0.0,0.0001,0.0,0.0,1.0,-inf
542,543.0,0.017708963469259098,8.287264877289322,0.017708963469259098,8.287264877289322,6.0,0.9258200997725514,2.220446049250313e-16,2.9209452412091914
543,544.0,0.8595664180147901,7.423507914774644,0.0,0.0001,0.0,0.0,1.0,-inf
544,545.0,0.842606477021179,6.10873378088099,0.0,0.0001,0.0,0.0,1.0,-inf
545,546.0,0.338257324635599,8.367255323929218,0.338257324635599,8.367255323929218,5.999999998306077,0.9258200996418625,2.4616619853645716e-10,2.9209452392329482
546,547.0,0.8712545492474121,2.4215229101555527,0.0,0.0001,0.0,0.0,1.0,-inf
547,548.0,0.017495376276106644,5.283098139448047,0.017495376276106644,5.283098139448047,6.0,0.9258200997725514,2.220446049250313e-16,2.9209452412091914
548,549.0,0.5056310565422475,7.807093794705435,0.0,0.0001,0.0,0.0,1.0,-inf
549,550.0,0.5474365076576617,7.960658091819842,0.0,0.0001,0.0,0.0,1.0,-inf
550,551.0,0.8183593990909321,3.984244971912749,0.0,0.0001,0.0,0.0,1.0,-inf
551,552.0,0.9389216710623887,1.0521520261311672,0.0,0.0001,0.0,0.0,1.0,-inf
552,553.0,0.6828063655462874,5.9213020041042705,0.0,0.0001,0.0,0.0,1.0,-inf
553,554.0,0.7196078838518011,5.112505204905593,0.0,0.0001,0.0,0.0,1.0,-inf
554,555.0,0.5062222857172118,9.024012159291926,0.5062482205269367,9.024010560570902,5.999999197079296,0.9258200378258722,9.754454965982262e-08,2.920944304468308
555,556.0,0.4567710576419173,0.2481374402331628,0.0,0.0001,0.0,0.0,1.0,-inf
556,557.0,0.8235271763803674,8.129949657913206,0.0,0.0001,0.0,0.0,1.0,-inf
557,558.0,0.5732335957768157,5.165220235416349,0.0,0.0001,0.0,0.0,1.0,-inf
558,559.0,0.09232254442871213,6.389077071770977,0.09232254442871213,6.389077071770977,6.0,0.9258200997725514,2.220446049250313e-16,2.9209452412091914
559,560.0,0.9627973508234503,4.126173970127104,0.0,0.0001,0.0,0.0,1.0,-inf
560,561.0,0.40606564861004224,9.83732210680302,0.40606564861004224,9.83732210680302,5.999999998079087,0.9258200996243499,2.5991919727630375e-10,2.9209452389681263
561,562.0,0.9394758769343051,1.5866474050249584,0.0,0.0001,0.0,0.0,1.0,-inf
562,563.0,0.39262694198764436,2.0886111822615283,0.0,0.0001,0.0,0.0,1.0,-inf
563,564.0,0.830720771928607,6.567640300078703,0.0,0.0001,0.0,0.0,1.0,-inf
564,565.0,0.6256401868507306,7.022711875841905,0.0,0.0001,0.0,0.0,1.0,-inf
565,566.0,0.8801890481545075,2.431669668041086,0.0,0.0001,0.0,0.0,1.0,-inf
566,567.0,0.32507687768739657,0.4410856557433238,0.0,0.08351958658644447,0.0,0.0,1.0,-inf
567,568.0,0.9794485726317271,1.3276310736197183,0.0,0.0001,0.0,0.0,1.0,-inf
568,569.0,0.7366496017504108,9.179495155041417,0.0,0.0001,0.0,0.0,1.0,-inf
569,570.0,0.5670427389497404,2.9302122380118374,1.1102230246251565e-16,0.0001,0.0,0.0,1.0,-inf
570,571.0,0.9378095916748702,1.3194648881892421,0.0,0.0001,0.0,0.0,1.0,-inf
571,572.0,0.916231130345463,7.9613883083334755,0.0,0.0001,0.0,0.0,1.0,-inf
572,573.0,0.9714190984852751,1.311456836772402,0.0,0.0001,0.0,0.0,1.0,-inf
573,574.0,0.5651636565162801,5.883890552374763,0.0,0.0001,0.0,0.0,1.0,-inf
574,575.0,0.18791058978276176,5.821142314255076,0.18791058978276176,5.821142314255076,5.999999999975624,0.9258200997706709,3.992361996552063e-12,2.9209452411807533
575,576.0,0.20221983008200717,1.3393166517706263,0.0,0.0001,0.0,0.0,1.0,-inf
576,577.0,0.8266391219231538,7.20845983263196,0.0,0.0001,0.0,0.0,1.0,-inf
577,578.0,0.2930986438798031,8.497502500811864,0.2930986438798031,8.497502500811864,5.99999999996533,0.9258200997698766,5.266120872704505e-12,2.9209452411687433
578,579.0,0.18356700411493143,2.073349982135262,0.0,0.0001,0.0,0.0,1.0,-inf
579,580.0,0.09965588130383662,9.659122926866651,0.09965588130383662,9.659122926866651,6.0,0.9258200997725514,2.220446049250313e-16,2.9209452412091914
580,581.0,0.5679517072985443,8.174662924440929,0.0,0.0001,0.0,0.0,1.0,-inf
581,582.0,0.48278816593083207,9.197197180443487,0.48278816593083207,9.197197180443487,5.9999997468267665,0.9258200802398122,3.153827277113663e-08,2.9209449458404135
582,583.0,0.02848260309280204,0.8925167389087187,0.0,0.0001,0.0,0.0,1.0,-inf
583,584.0,0.5541015022357252,6.681815419251399,0.0,0.0001,0.0,0.0,1.0,-inf
584,585.0,0.15479051762703377,4.394103960167892,0.15479051762703377,4.394103960167892,5.999999999091209,0.9258200997024367,1.5052636914703044e-10,2.9209452401489355
585,586.0,0.38360000407583306,1.6328064187149305,0.0,0.0001,0.0,0.0,1.0,-inf
586,587.0,0.971107591538592,1.117611342658137,0.0,0.0001,0.0,0.0,1.0,-inf
587,588.0,0.6568341895643339,6.154934899722716,0.0,0.0001,0.0,0.0,1.0,-inf
588,589.0,0.7016661547538724,5.499204799406625,0.0,0.0001,0.0,0.0,1.0,-inf
589,590.0,0.8776052149416208,8.942696018977896,0.0,0.0001,0.0,0.0,1.0,-inf
590,591.0,0.040285003692421606,4.514645113877246,0.040285003692421606,4.514645113877246,6.0,0.9258200997725514,2.220446049250313e-16,2.9209452412091914
591,592.0,0.8936435955488097,1.1853577433181701,0.0,0.0001,0.0,0.0,1.0,-inf
592,593.0,0.8576525186177373,8.127482644855828,0.0,0.0001,0.0,0.0,1.0,-inf
593,594.0,0.9909017051065301,6.715592960002922,0.0,0.0001,0.0,0.0,1.0,-inf
594,595.0,0.8858121523635175,4.299025177926189,0.0,0.0001,0.0,0.0,1.0,-inf
595,596.0,0.5826248021855536,6.855174632724756,0.0,0.0001,0.0,0.0,1.0,-inf
596,597.0,0.3804752960465866,6.406850644469913,0.0,0.0001,0.0,0.0,1.0,-inf
597,598.0,0.11881094417259308,7.184031326252873,0.11881094417259308,7.184031326252873,6.0,0.9258200997725514,2.220446049250313e-16,2.9209452412091914
598,599.0,0.36477326699263546,3.014240066118287,0.0,0.12747170925177667,0.0,0.0,1.0,-inf
599,600.0,0.8206649137885346,0.8090138060208912,0.0,0.0001,0.0,0.0,1.0,-inf
600,601.0,0.8786539974281176,5.69399241566459,0.0,0.0001,0.0,0.0,1.0,-inf
601,602.0,0.5271373190546622,3.36735931389916,0.0,0.0001,0.0,0.0,1.0,-inf
602,603.0,0.7998087933799426,0.862485091914342,0.0,0.0001,0.0,0.0,1.0,-inf
603,604.0,0.09608015500298106,4.162945395688694,0.09608015500298106,4.162945395688694,5.9999999999999885,0.9258200997725505,2.220446049250313e-15,2.920945241209179
604,605.0,0.4278226686479898,9.800617394488675,0.4278226686479898,9.800617394488675,5.999999993477108,0.9258200992692994,8.621628966309913e-10,2.9209452335991517
605,606.0,0.8610414993566093,9.746508608797392,0.0,0.0001,0.0,0.0,1.0,-inf
606,607.0,0.01980235367548,9.54726513060411,0.01980235367548,9.54726513060411,6.0,0.9258200997725514,2.220446049250313e-16,2.9209452412091914
607,608.0,0.6374899687953465,3.47915985045167,0.0,0.0001,0.0,0.0,1.0,-inf
608,609.0,0.5165194647354832,3.103025602826893,0.0,0.0001,0.0,0.0,1.0,-inf
609,610.0,0.5218403037043085,3.147027575008841,0.0,0.0001,0.0,0.0,1.0,-inf
610,611.0,0.5669251338799658,3.4392326499950787,0.0,0.0001,0.0,0.0,1.0,-inf
611,612.0,0.34145080410072814,7.300219595326431,0.34145080410072814,7.300219595326431,5.999999952463625,0.9258200961050406,6.885649828092255e-09,2.920945185750088
612,613.0,0.3438966549059356,5.14254026497146,0.0,0.0001,0.0,0.0,1.0,-inf
613,614.0,0.7584832835869877,3.1169579906975455,0.0,0.0001,0.0,0.0,1.0,-inf
614,615.0,0.22370294332592544,7.170762643428466,0.22370294332592544,7.170762643428466,5.999999999996057,0.9258200997722474,6.334932578511143e-13,2.920945241204592
615,616.0,0.07800814171732462,9.742679500345435,0.07800814171732462,9.742679500345435,6.0,0.9258200997725514,2.220446049250313e-16,2.9209452412091914
616,617.0,0.2571657198077427,4.197335414465458,0.0,0.0001,0.0,0.0,1.0,-inf
617,618.0,0.5070287825339286,4.226429742555676,0.0,0.0001,0.0,0.0,1.0,-inf
618,619.0,0.9890239447326983,4.261674769213393,0.0,0.0001,0.0,0.0,1.0,-inf
619,620.0,0.22557233237452456,2.2790520340189153,0.0,0.0001,0.0,0.0,1.0,-inf
620,621.0,0.29026955884685746,7.933277318626005,0.29026955884685746,7.933277318626005,5.999999999812402,0.9258200997580781,2.856614944590774e-11,2.9209452409903274
621,622.0,0.6503063714215886,5.198512424422201,0.0,0.0001,0.0,0.0,1.0,-inf
622,623.0,0.5621075175101095,7.508445989499176,0.0,0.0001,0.0,0.0,1.0,-inf
623,624.0,0.966917711799673,7.446311457293438,0.0,0.0001,0.0,0.0,1.0,-inf
624,625.0,0.20075947818393958,7.692813261613868,0.20075947818393958,7.692813261613868,5.999999999999988,0.9258200997725506,2.1094237467877974e-15,2.9209452412091768
625,626.0,0.07979433369228317,6.174292339403055,0.07979433369228317,6.174292339403055,6.0,0.9258200997725514,2.220446049250313e-16,2.9209452412091914
626,627.0,0.24500035541279652,5.502673477349326,0.24500035541279652,5.502673477349326,5.999999958431291,0.925820096565456,6.575879951675745e-09,2.920945192712364
627,628.0,0.8128099070099086,1.7222048856278693,0.0,0.0001,0.0,0.0,1.0,-inf
628,629.0,0.9466435089109463,6.678820359071543,0.0,0.0001,0.0,0.0,1.0,-inf
629,630.0,0.07619270670943945,2.0388030683475398,0.0,0.0001,0.0,0.0,1.0,-inf
630,631.0,0.6010777489837548,2.529845662326266,0.0,0.0001,0.0,0.0,1.0,-inf
631,632.0,0.7532136374218115,1.6801002797465228,0.0,0.0001,0.0,0.0,1.0,-inf
632,633.0,0.8603898034485524,5.421783990933535,0.0,0.0001,0.0,0.0,1.0,-inf
633,634.0,0.21317168272486242,5.275208390256831,0.21317168272486242,5.275208390256831,5.999999992874788,0.9258200992228295,1.1517381492964773e-09,2.920945232896444
634,635.0,0.01573042876693742,3.367100463426066,0.01573042876693742,3.367100463426066,6.0,0.9258200997725514,2.220446049250313e-16,2.9209452412091914
635,636.0,0.46478097274955665,9.461713387520769,0.46478097274955665,9.461713387520769,5.999999927290138,0.9258200941628638,9.234670139690593e-09,2.9209451563810185
636,637.0,0.47755111123577165,7.851511721382628,0.4776601795457682,7.8515043495017,5.999996490292729,0.9258198289927173,4.3962415019471734e-07,2.920941146549512
637,638.0,0.8433419590398827,5.3049662998788945,0.0,0.0001,0.0,0.0,1.0,-inf
638,639.0,0.3400290447377442,6.468012652802036,0.34005400255135093,6.468011231716556,5.999999491998299,0.9258200605793686,7.368918197858676e-08,2.920944648540515
639,640.0,0.0955073811211552,0.7683215694320975,0.0,0.0001,0.0,0.0,1.0,-inf
640,641.0,0.25355273769243947,8.224166929579384,0.25355273769243947,8.224166929579384,5.999999999998279,0.9258200997724187,2.7111646261346323e-13,2.920945241207184
641,642.0,0.8564215692251088,0.5248287568366296,0.0,0.0001,0.0,0.0,1.0,-inf
642,643.0,0.009009053929153854,7.231587638501036,0.009009053929153854,7.231587638501036,6.0,0.9258200997725514,2.220446049250313e-16,2.9209452412091914
643,644.0,0.6008448395482153,4.649882971012096,0.0,0.0001,0.0,0.0,1.0,-inf
644,645.0,0.7162141303645128,2.920320701494646,0.0,0.0001,0.0,0.0,1.0,-inf
645,646.0,0.738383092111154,3.553333113588818,0.0,0.0001,0.0,0.0,1.0,-inf
646,647.0,0.1621202470419002,6.640184625193381,0.1621202470419002,6.640184625193381,5.999999999999997,0.9258200997725513,8.881784197001252e-16,2.9209452412091887
647,648.0,0.5934224811604027,9.672980241751864,0.5934985980505886,9.672975267953126,5.999997003666713,0.9258198686003907,3.3235685914512203e-07,2.92094174548615
648,649.0,0.6978199529184116,9.607534905314937,0.0,0.0001,0.0,0.0,1.0,-inf
649,650.0,0.7058197556602622,2.917434170417216,0.0,0.0001,0.0,0.0,1.0,-inf
650,651.0,0.3053323594124434,6.29476243104935,0.3053323594124434,6.29476243104935,5.99999986532904,0.9258200893824614,2.0218922092141156e-08,2.92094508409307
651,652.0,0.7069904389881941,2.2338575705034915,0.0,0.0001,0.0,0.0,1.0,-inf
652,653.0,0.7189756363676342,3.1188110761186234,0.0,0.0001,0.0,0.0,1.0,-inf
653,654.0,0.36597037382983455,7.023064477227883,0.3659875156733438,7.023063589049458,5.9999996357702035,0.9258200716716123,5.143239778515607e-08,2.9209448162744165
654,655.0,0.7686991470374055,5.616694006657627,0.0,0.0001,0.0,0.0,1.0,-inf
655,656.0,0.7274439948521583,0.08765848754676674,0.0,0.01433050571971637,0.0,0.0,1.0,-inf
656,657.0,0.8549420716396245,8.397777158552994,0.0,0.0001,0.0,0.0,1.0,-inf
657,658.0,0.368127069394133,7.879130356041766,0.368127069394133,7.879130356041766,5.999999960690801,0.925820096739781,5.538323466502959e-09,2.9209451953484598
658,659.0,0.7543312226983251,4.999821573467365,0.0,0.0001,0.0,0.0,1.0,-inf
659,660.0,0.6626147672250295,2.010876032825204,0.0,0.0001,0.0,0.0,1.0,-inf
660,661.0,0.15421415038382946,3.1002030808707,1.1102230246251565e-16,0.0001,0.0,0.0,1.0,-inf
661,662.0,0.06036452145953808,4.020213785698873,0.06036452145953808,4.020213785698873,6.0,0.9258200997725514,2.220446049250313e-16,2.9209452412091914
662,663.0,0.5529551174445552,2.505170759014792,0.0,0.0001,0.0,0.0,1.0,-inf
663,664.0,0.173332801944016,0.6072520693303541,0.0,0.0001,0.0,0.0,1.0,-inf
664,665.0,0.4881585469246156,5.141477035793561,0.0,0.0001,0.0,0.0,1.0,-inf
665,666.0,0.29246308800493637,6.820143818776907,0.29246308800493637,6.820143818776907,5.9999999898601555,0.9258200989902455,1.540892524687365e-09,2.9209452293793734
666,667.0,0.12692171271263342,1.7121730422861043,1.1102230246251565e-16,0.0001,0.0,0.0,1.0,-inf
667,668.0,0.6585081843416647,8.376189027505518,0.0,0.0001,0.0,0.0,1.0,-inf
668,669.0,0.36208667546814577,7.230222544568745,0.36208667546814577,7.230222544568745,5.999999828954063,0.9258200865760708,2.4252192587503885e-08,2.920945041655595
669,670.0,0.11683751876682602,0.7011248241882096,0.0,0.0001,0.0,0.0,1.0,-inf
670,671.0,0.24657607375291624,4.183847392153768,0.0,0.0001,0.0,0.0,1.0,-inf
671,672.0,0.4818151296429477,2.5767603073265373,0.0,0.0001,0.0,0.0,1.0,-inf
672,673.0,0.811384275934384,9.191977745748947,0.0,0.0001,0.0,0.0,1.0,-inf
673,674.0,0.7077622899889597,2.754653866159557,0.0,0.0001,0.0,0.0,1.0,-inf
674,675.0,0.6060416062999181,8.978159221844443,0.0,0.0001,0.0,0.0,1.0,-inf
675,676.0,0.17471454634093075,9.022750558404072,0.17471454634093075,9.022750558404072,6.0,0.9258200997725514,2.220446049250313e-16,2.9209452412091914
676,677.0,0.9150354055758532,7.81609091009244,0.0,0.0001,0.0,0.0,1.0,-inf
677,678.0,0.4414629842607538,5.210172919763351,0.0,0.0001,0.0,0.0,1.0,-inf
678,679.0,0.6018381154691685,4.029843846382979,0.0,0.0001,0.0,0.0,1.0,-inf
679,680.0,0.5905495898487009,7.826124741553055,0.0,0.0001,0.0,0.0,1.0,-inf
680,681.0,0.5125670782128424,2.136356407354045,0.0,0.0001,0.0,0.0,1.0,-inf
681,682.0,0.7774506300584104,9.80328515167469,0.0,0.0001,0.0,0.0,1.0,-inf
682,683.0,0.3871443699320467,4.057521804717257,0.0,0.0001,0.0,0.0,1.0,-inf
683,684.0,0.20292796000047775,1.0484092880987268,0.0,0.0001,0.0,0.0,1.0,-inf
684,685.0,0.32240581813195024,3.6402165485309386,0.0,0.0001,0.0,0.0,1.0,-inf
685,686.0,0.5912640208848989,0.5956306717799367,0.0,0.0001,0.0,0.0,1.0,-inf
686,687.0,0.6008506202393284,8.815560626159963,0.0,0.0001,0.0,0.0,1.0,-inf
687,688.0,0.2519947981937164,2.8962039243440563,0.0,0.0001,0.0,0.0,1.0,-inf
688,689.0,0.8534878826322235,6.645487768468718,0.0,0.0001,0.0,0.0,1.0,-inf
689,690.0,0.8690124001660017,4.998762701172711,0.0,0.0001,0.0,0.0,1.0,-inf
690,691.0,0.31619612994388113,6.241351608248724,0.31621229479112817,6.241350720070299,5.999999704059965,0.9258200769402819,4.3965483476071654e-08,2.9209448959458095
691,692.0,0.5978623649818929,1.585875432593498,1.1102230246251565e-16,0.0001,0.0,0.0,1.0,-inf
692,693.0,0.5178562356973351,7.529145283019362,0.0,0.0001,0.0,0.0,1.0,-inf
693,694.0,0.8647819340847007,9.183729112876447,0.0,0.0001,0.0,0.0,1.0,-inf
694,695.0,0.5366865370216548,2.7424821018942147,0.0,0.0001,0.0,0.0,1.0,-inf
695,696.0,0.1464911825787545,9.951093104014236,0.1464911825787545,9.951093104014236,6.0,0.9258200997725514,2.220446049250313e-16,2.9209452412091914
696,697.0,0.4574228618288678,7.152053736244984,0.0,0.0001,0.0,0.0,1.0,-inf
697,698.0,0.9848671326304554,4.452096149772627,0.0,0.0001,0.0,0.0,1.0,-inf
698,699.0,0.34187103283627207,8.7115902464795,0.34187103283627207,8.7115902464795,5.999999999216079,0.9258200997120706,1.1350254069952825e-10,2.9209452402946168
699,700.0,0.4875928820589305,8.173189800487938,0.48766970949227495,8.1731848266892,5.9999975367323,0.925819909727303,3.052522826729742e-07,2.920942367396285
700,701.0,0.8407754652823698,1.9013604014026695,1.1102230246251565e-16,0.0001,0.0,0.0,1.0,-inf
701,702.0,0.7465149187753661,2.027003488268889,1.1102230246251565e-16,0.0001,0.0,0.0,1.0,-inf
702,703.0,0.2921502296464513,6.062922393239136,0.2921502296464513,6.062922393239136,5.999999867526603,0.925820089552007,2.0137017942012392e-08,2.9209450866568942
703,704.0,0.4531695679737834,6.3645443536158695,0.0,0.0001,0.0,0.0,1.0,-inf
704,705.0,0.8728828861927603,3.9664365514711117,0.0,0.0001,0.0,0.0,1.0,-inf
705,706.0,0.6651602162660272,0.7984362236150706,1.1102230246251565e-16,0.0001,0.0,0.0,1.0,-inf
706,707.0,0.7434807453262149,6.420825362784405,0.0,0.0001,0.0,0.0,1.0,-inf
707,708.0,0.029886482372446066,7.1064764663480515,0.029886482372446066,7.1064764663480515,6.0,0.9258200997725514,2.220446049250313e-16,2.9209452412091914
708,709.0,0.1333110611754761,7.382372044413679,0.1333110611754761,7.382372044413679,6.0,0.9258200997725514,2.220446049250313e-16,2.9209452412091914
709,710.0,0.8814406903686208,2.100398812588921,0.0,0.0001,0.0,0.0,1.0,-inf
710,711.0,0.2600006389822034,2.050583730232316,0.0,0.0001,0.0,0.0,1.0,-inf
711,712.0,0.4744710562017951,9.808228500957103,0.4744710562017951,9.808228500957103,5.999999948620811,0.9258200958085611,6.457828161110513e-09,2.920945181266805
712,713.0,0.6240662423102763,9.349675882615703,0.0,0.0001,0.0,0.0,1.0,-inf
713,714.0,0.4796258464958706,0.88829594562106,0.0,0.0001,0.0,0.0,1.0,-inf
714,715.0,0.8238114583106008,4.436928804805372,0.0,0.0001,0.0,0.0,1.0,-inf
715,716.0,0.5858635143226537,7.194609200830696,0.0,0.0001,0.0,0.0,1.0,-inf
716,717.0,0.7962013761447642,2.8506561968384427,0.0,0.0001,0.0,0.0,1.0,-inf
717,718.0,0.9113098552892713,4.818462816104403,0.0,0.0001,0.0,0.0,1.0,-inf
718,719.0,0.2914267459073008,4.7531679300200365,0.0,0.0001,0.0,0.0,1.0,-inf
719,720.0,0.7555078755089831,3.543583960572808,0.0,0.0001,0.0,0.0,1.0,-inf
720,721.0,0.8293493806393547,2.181402241518974,0.0,0.0001,0.0,0.0,1.0,-inf
721,722.0,0.19571937564578157,8.312615644973887,0.19571937564578157,8.312615644973887,6.0,0.9258200997725514,2.220446049250313e-16,2.9209452412091914
722,723.0,0.178013313115146,5.59246864519425,0.178013313115146,5.59246864519425,5.999999999979513,0.9258200997709708,3.3694158574348876e-12,2.9209452411852905
723,724.0,0.8307553853160339,6.74827656804066,0.0,0.0001,0.0,0.0,1.0,-inf
724,725.0,0.2644869243350765,2.404320552334141,1.1102230246251565e-16,0.0001,0.0,0.0,1.0,-inf
725,726.0,0.7881744773392411,3.7083527775288623,0.0,0.0001,0.0,0.0,1.0,-inf
726,727.0,0.7658043799138289,2.064359206668079,0.0,0.0001,0.0,0.0,1.0,-inf
727,728.0,0.3177602370667678,9.1041814285233,0.3177602370667678,9.1041814285233,5.999999999960658,0.9258200997695163,5.836220395849523e-12,2.9209452411632935
728,729.0,0.8885325110611386,5.888506582968539,0.0,0.0001,0.0,0.0,1.0,-inf
729,730.0,0.613530515597135,6.746167789503269,0.0,0.0001,0.0,0.0,1.0,-inf
730,731.0,0.6800042382411347,9.068279232524265,0.0,0.0001,0.0,0.0,1.0,-inf
731,732.0,0.39954810416851216,8.62428298959802,0.39954810416851216,8.62428298959802,5.999999972217199,0.9258200976290619,3.785687763269152e-09,2.9209452087959242
732,733.0,0.7540842329713551,9.365222078124242,0.0,0.0001,0.0,0.0,1.0,-inf
733,734.0,0.2828998443752866,3.442314119218,0.0,0.0001,0.0,0.0,1.0,-inf
734,735.0,0.5070673231425321,1.720966853622738,0.0,0.0001,0.0,0.0,1.0,-inf
735,736.0,0.7306748205266506,9.71518455592123,0.0,0.0001,0.0,0.0,1.0,-inf
736,737.0,0.5963833845542184,2.9983687433337995,0.0,0.0001,0.0,0.0,1.0,-inf
737,738.0,0.7286431963051551,3.9709524988972165,0.0,0.0001,0.0,0.0,1.0,-inf
738,739.0,0.5225383187344727,6.852892163548876,0.0,0.0001,0.0,0.0,1.0,-inf
739,740.0,0.1622863624319154,1.1146410584200603,0.0,0.0001,0.0,0.0,1.0,-inf
740,741.0,0.030081752493121505,9.887357218037105,0.030081752493121505,9.887357218037105,6.0,0.9258200997725514,2.220446049250313e-16,2.9209452412091914
741,742.0,0.2682167525367727,1.7660967283566535,0.0,0.0001,0.0,0.0,1.0,-inf
742,743.0,0.1521345581407958,5.031779186551213,0.1521345581407958,5.031779186551213,5.999999999990715,0.9258200997718352,1.5391021790378545e-12,2.920945241198359
743,744.0,0.22519661926193024,7.15103783750619,0.22519661926193024,7.15103783750619,5.999999999994811,0.9258200997721512,8.327782907713299e-13,2.9209452412031385
744,745.0,0.8289256115623028,1.0480678578251001,1.1102230246251565e-16,0.0001,0.0,0.0,1.0,-inf
745,746.0,0.9742702869237386,1.7295720728107051,0.0,0.0001,0.0,0.0,1.0,-inf
746,747.0,0.6450682358153448,0.38485149286721076,0.0,0.0001,0.0,0.0,1.0,-inf
747,748.0,0.7214573467935786,3.7814645521472037,0.0,0.0001,0.0,0.0,1.0,-inf
748,749.0,0.9934076201892842,5.762529068342756,0.0,0.0001,0.0,0.0,1.0,-inf
749,750.0,0.5972780726862726,7.148505513099733,0.0,0.0001,0.0,0.0,1.0,-inf
750,751.0,0.5075663577640203,6.982691027665543,0.0,0.0001,0.0,0.0,1.0,-inf
751,752.0,0.9224063668411135,4.343482690508303,0.0,0.0001,0.0,0.0,1.0,-inf
752,753.0,0.6878870436283107,3.5658064446896454,0.0,0.0001,0.0,0.0,1.0,-inf
753,754.0,0.43773740444976417,1.879830536203758,0.0,0.0001,0.0,0.0,1.0,-inf
754,755.0,0.08881026526259184,0.7002288288605089,0.0,0.0001,0.0,0.0,1.0,-inf
755,756.0,0.3334139629511893,0.34639905341830635,0.0,0.0001,0.0,0.0,1.0,-inf
756,757.0,0.3233207996527462,6.36398295470108,0.32333652041078315,6.363981977704812,5.999999704140768,0.9258200769465159,4.3645540626080503e-08,2.920944896040079
757,758.0,0.09577585797199484,0.8509736251001542,0.0,0.0001,0.0,0.0,1.0,-inf
758,759.0,0.20326432609831213,7.684539112285354,0.20326432609831213,7.684539112285354,5.999999999999981,0.9258200997725502,3.3306690738754696e-15,2.9209452412091697
759,760.0,0.24329801309741317,6.451028064019783,0.24329801309741317,6.451028064019783,5.999999999261796,0.925820099715598,1.1692846690891656e-10,2.920945240347954
760,761.0,0.3650196249186811,3.551695129969776,0.0,0.0001,0.0,0.0,1.0,-inf
761,762.0,0.9801826612418824,4.295279479525242,0.0,0.0001,0.0,0.0,1.0,-inf
762,763.0,0.33157753848168015,6.786872476732205,0.33157753848168015,6.786872476732205,5.999999873238543,0.9258200899926926,1.854641629162046e-08,2.920945093320823
763,764.0,0.641277594438947,1.4882827131044931,0.0,0.0001,0.0,0.0,1.0,-inf
764,765.0,0.6496035600534903,2.0282532453895814,0.0,0.0001,0.0,0.0,1.0,-inf
765,766.0,0.5450770477206671,3.0774253512130714,0.0,0.0001,0.0,0.0,1.0,-inf
766,767.0,0.9356992736006481,0.935961620794921,0.0,0.0001,0.0,0.0,1.0,-inf
767,768.0,0.9667787684445028,0.3725268555900038,0.0,0.0001,0.0,0.0,1.0,-inf
768,769.0,0.4349461576158209,5.250875346534607,0.0,0.0001,0.0,0.0,1.0,-inf
769,770.0,0.09071195505842256,9.425282643445849,0.09071195505842256,9.425282643445849,6.0,0.9258200997725514,2.220446049250313e-16,2.9209452412091914
770,771.0,0.6009077055639566,8.580835286651224,0.0,0.0001,0.0,0.0,1.0,-inf
771,772.0,0.45706675700624944,2.221382751737614,1.1102230246251565e-16,0.0001,0.0,0.0,1.0,-inf
772,773.0,0.8264725017523968,0.5391528338875214,0.0,0.0001,0.0,0.0,1.0,-inf
773,774.0,0.7970768755819467,1.4814839987556832,0.0,0.0001,0.0,0.0,1.0,-inf
774,775.0,0.4496705399072296,3.2657363228712253,0.0,0.0001,0.0,0.0,1.0,-inf
775,776.0,0.3405317689518794,0.7101973618483831,0.0,0.0001,0.0,0.0,1.0,-inf
776,777.0,0.8941993522681169,5.777481495339658,0.0,0.0001,0.0,0.0,1.0,-inf
777,778.0,0.5665148374214002,1.6113693674819682,0.0,0.0001,0.0,0.0,1.0,-inf
778,779.0,0.7154468171302322,7.1875364270782365,0.0,0.0001,0.0,0.0,1.0,-inf
779,780.0,0.4863682025847965,3.517629097294699,0.0,0.0001,0.0,0.0,1.0,-inf
780,781.0,0.9842549348578093,6.481974435319091,0.0,0.0001,0.0,0.0,1.0,-inf
781,782.0,0.8211249811226194,3.7321282710572317,0.0,0.0001,0.0,0.0,1.0,-inf
782,783.0,0.6689084269741146,7.955460234539327,0.0,0.0001,0.0,0.0,1.0,-inf
783,784.0,0.5943025431148049,0.7393127827922609,0.0,0.0001,0.0,0.0,1.0,-inf
784,785.0,0.1871262612715534,7.105781735277475,0.1871262612715534,7.105781735277475,5.999999999999977,0.9258200997725499,3.9968028886505635e-15,2.920945241209165
785,786.0,0.1450764947837173,0.3128884198162283,0.0,0.02729661317788834,0.0,0.0,1.0,-inf
786,787.0,0.42025919026783287,2.624529228856827,0.0,0.11092710326658389,0.0,0.0,1.0,-inf
787,788.0,0.2710801434114719,5.073868517072041,0.27115306285976765,5.073863809726388,5.999998732028455,0.9258200019464179,1.9638562143153848e-07,2.9209437619089
788,789.0,0.534428409341284,5.402578838113666,0.0,0.0001,0.0,0.0,1.0,-inf
789,790.0,0.9865306071583747,1.9385727356632227,0.0,0.0001,0.0,0.0,1.0,-inf
790,791.0,0.8304510056194727,2.397060010742308,0.0,0.0001,0.0,0.0,1.0,-inf
791,792.0,0.05703311063819938,7.656244207850412,0.05703311063819938,7.656244207850412,6.0,0.9258200997725514,2.220446049250313e-16,2.9209452412091914
792,793.0,0.9031984742565884,3.8453906646690275,0.0,0.0001,0.0,0.0,1.0,-inf
793,794.0,0.8406545499494192,7.763607852139079,0.0,0.0001,0.0,0.0,1.0,-inf
794,795.0,0.6178006305141094,3.738700185376062,0.0,0.0001,0.0,0.0,1.0,-inf
795,796.0,0.5088407502414194,3.7828652094577535,0.0,0.0001,0.0,0.0,1.0,-inf
796,797.0,0.6811899232031109,7.546130563095911,0.0,0.0001,0.0,0.0,1.0,-inf
797,798.0,0.5339093650162022,2.6085870754206484,0.0,0.0001,0.0,0.0,1.0,-inf
798,799.0,0.6382987132542902,8.235346763016823,0.0,0.0001,0.0,0.0,1.0,-inf
799,800.0,0.12659771056242397,6.718386859296888,0.12659771056242397,6.718386859296888,6.0,0.9258200997725514,2.220446049250313e-16,2.9209452412091914
800,801.0,0.11759142525285393,9.125280629573702,0.11759142525285393,9.125280629573702,6.0,0.9258200997725514,2.220446049250313e-16,2.9209452412091914
801,802.0,0.6012199374479472,1.9515600359979088,0.0,0.0001,0.0,0.0,1.0,-inf
802,803.0,0.5519286642195174,4.0857924127405685,0.0,0.0001,0.0,0.0,1.0,-inf
803,804.0,0.8981566941816157,0.8166389275954148,0.0,0.0001,0.0,0.0,1.0,-inf
804,805.0,0.8308606895187427,0.9740681352436658,0.0,0.0001,0.0,0.0,1.0,-inf
805,806.0,0.3132097794348292,8.351712264330537,0.3132097794348292,8.351712264330537,5.99999999970255,0.9258200997496028,4.432010314303625e-11,2.9209452408621672
806,807.0,0.7840419750192772,2.711550696040832,0.0,0.0001,0.0,0.0,1.0,-inf
807,808.0,0.062347558782130275,4.139128086388763,0.062347558782130275,4.139128086388763,6.0,0.9258200997725514,2.220446049250313e-16,2.9209452412091914
808,809.0,0.9233873530538771,3.526371691109571,0.0,0.0001,0.0,0.0,1.0,-inf
809,810.0,0.21050534073172078,1.0746774601597429,0.0,0.0001,0.0,0.0,1.0,-inf
810,811.0,0.9476149627331936,5.522913840082107,0.0,0.0001,0.0,0.0,1.0,-inf
811,812.0,0.8039712807923631,0.8097417795036884,0.0,0.0001,0.0,0.0,1.0,-inf
812,813.0,0.13459255603715126,2.1442181070954685,0.0,0.0001,0.0,0.0,1.0,-inf
813,814.0,0.40764054618851253,9.218456675927406,0.40764054618851253,9.218456675927406,5.999999990442866,0.9258200990352027,1.29098798318239e-09,2.9209452300592025
814,815.0,0.3122951826757798,3.7847043192308045,0.0,0.0001,0.0,0.0,1.0,-inf
815,816.0,0.22038773597445327,9.311281233584415,0.22038773597445327,9.311281233584415,6.0,0.9258200997725514,2.220446049250313e-16,2.9209452412091914
816,817.0,0.6388898609298739,5.922675740351568,0.0,0.0001,0.0,0.0,1.0,-inf
817,818.0,0.0377136044244355,8.816112353797102,0.0377136044244355,8.816112353797102,6.0,0.9258200997725514,2.220446049250313e-16,2.9209452412091914
818,819.0,0.41404792101011634,8.019263506835262,0.4140581350619483,8.01926288511042,5.999999761355023,0.9258200813606916,3.201454956691663e-08,2.9209449627900472
819,820.0,0.6860878530883248,1.5381738824121418,0.0,0.0001,0.0,0.0,1.0,-inf
820,821.0,0.9840031831827377,5.118597190412063,0.0,0.0001,0.0,0.0,1.0,-inf
821,822.0,0.6693589956590973,2.199567811010532,0.0,0.0001,0.0,0.0,1.0,-inf
822,823.0,0.48848841662153886,4.027754291627571,0.0,0.0001,0.0,0.0,1.0,-inf
823,824.0,0.7684551135963374,7.986656834744165,0.0,0.0001,0.0,0.0,1.0,-inf
824,825.0,0.00016930143308302448,7.805141857387323,0.00016930143308302448,7.805141857387323,6.0,0.9258200997725514,2.220446049250313e-16,2.9209452412091914
825,826.0,0.4852207224332761,1.6707353095857835,0.0,0.0001,0.0,0.0,1.0,-inf
826,827.0,0.28307842319560805,1.540636298180168,0.0,0.0001,0.0,0.0,1.0,-inf
827,828.0,0.65198135464838,8.886237603295024,0.0,0.0001,0.0,0.0,1.0,-inf
828,829.0,0.061047421087031095,6.761006662321214,0.061047421087031095,6.761006662321214,6.0,0.9258200997725514,2.220446049250313e-16,2.9209452412091914
829,830.0,0.1962026140104869,3.289193262173585,0.0,0.0001,0.0,0.0,1.0,-inf
830,831.0,0.06692951358589039,3.774482355943603,0.06692951358589039,3.774482355943603,6.0,0.9258200997725514,2.220446049250313e-16,2.9209452412091914
831,832.0,0.41555600762665934,8.56516575923993,0.41555600762665934,8.56516575923993,5.999999931660429,0.925820094500039,9.153067082046107e-09,2.9209451614796915
832,833.0,0.6312516323046686,7.952350338570834,0.0,0.0001,0.0,0.0,1.0,-inf
833,834.0,0.9309059750968712,6.923519962371204,0.0,0.0001,0.0,0.0,1.0,-inf
834,835.0,0.44047600872359327,6.878973562554921,0.0,0.0001,0.0,0.0,1.0,-inf
835,836.0,0.4870920744499113,9.8618367716508,0.4870920744499113,9.8618367716508,5.999999924482582,0.9258200939462563,9.3640416531926e-09,2.920945153105537
836,837.0,0.22072542485439228,1.6334698344236795,0.0,0.0001,0.0,0.0,1.0,-inf
837,838.0,0.44644142492848027,4.471229428628924,0.0,0.0001,0.0,0.0,1.0,-inf
838,839.0,0.06125374829385832,8.991358604223908,0.06125374829385832,8.991358604223908,6.0,0.9258200997725514,2.220446049250313e-16,2.9209452412091914
839,840.0,0.8872897232883108,7.028465917662611,0.0,0.0001,0.0,0.0,1.0,-inf
840,841.0,0.4495893471588053,3.8613164197626553,0.0,0.0001,0.0,0.0,1.0,-inf
841,842.0,0.014958847294854971,8.214646736780889,0.014958847294854971,8.214646736780889,6.0,0.9258200997725514,2.220446049250313e-16,2.9209452412091914
842,843.0,0.6729254430400652,5.672862355485103,0.0,0.0001,0.0,0.0,1.0,-inf
843,844.0,0.5011062856686481,1.0215235203342963,0.0,0.0001,0.0,0.0,1.0,-inf
844,845.0,0.04756725415054974,0.171353354853112,0.0,0.1056021116369822,0.0,0.0,1.0,-inf
845,846.0,0.6297451846394837,6.661722490773435,0.0,0.0001,0.0,0.0,1.0,-inf
846,847.0,0.48205803296100314,0.3672894490348898,0.0,0.0001,0.0,0.0,1.0,-inf
847,848.0,0.19515678903331923,8.412687812545625,0.19515678903331923,8.412687812545625,6.0,0.9258200997725514,2.220446049250313e-16,2.9209452412091914
848,849.0,0.11531262662918129,5.308483219919778,0.11531262662918129,5.308483219919778,6.0,0.9258200997725514,2.220446049250313e-16,2.9209452412091914
849,850.0,0.7735020218317351,9.358823290997476,0.0,0.0001,0.0,0.0,1.0,-inf
850,851.0,0.09132447702083801,4.257589447249596,0.09132447702083801,4.257589447249596,5.999999999999999,0.9258200997725514,7.771561172376096e-16,2.9209452412091905
851,852.0,0.7357267652074554,0.24226654682526236,0.0,0.0001,0.0,0.0,1.0,-inf
852,853.0,0.7758907645850034,5.980161506975876,0.0,0.0001,0.0,0.0,1.0,-inf
853,854.0,0.19785598574575458,0.11207327940918034,0.0,0.0001,0.0,0.0,1.0,-inf
854,855.0,0.06661421339365181,1.107065139276187,0.0,0.0001,0.0,0.0,1.0,-inf
855,856.0,0.4397150615227632,5.56701919274659,0.0,0.0001,0.0,0.0,1.0,-inf
856,857.0,0.6209069121836264,4.055382149142912,0.0,0.0001,0.0,0.0,1.0,-inf
857,858.0,0.08246658397693873,0.5297537139362479,0.0,0.0001,0.0,0.0,1.0,-inf
858,859.0,0.1439824485658736,2.107932697663068,0.0,0.0001,0.0,0.0,1.0,-inf
859,860.0,0.12407905030539301,4.770383313775068,0.12407905030539301,4.770383313775068,5.999999999999829,0.9258200997725383,2.886579864025407e-14,2.920945241208992
860,861.0,0.9538185826501959,7.841440420511722,0.0,0.0001,0.0,0.0,1.0,-inf
861,862.0,0.06660841368431614,6.482118113947083,0.06660841368431614,6.482118113947083,6.0,0.9258200997725514,2.220446049250313e-16,2.9209452412091914
862,863.0,0.27918658015289166,4.469817989459441,0.0,0.0001,0.0,0.0,1.0,-inf
863,864.0,0.4405953245237544,4.063725122768592,0.0,0.0001,0.0,0.0,1.0,-inf
864,865.0,0.9424503797187757,3.0253517910281325,0.0,0.0001,0.0,0.0,1.0,-inf
865,866.0,0.07915388451276562,6.477804576612227,0.07915388451276562,6.477804576612227,6.0,0.9258200997725514,2.220446049250313e-16,2.9209452412091914
866,867.0,0.40902379442954084,6.386724179097905,0.0,0.0001,0.0,0.0,1.0,-inf
867,868.0,0.7921279959183142,5.617154283129514,0.0,0.0001,0.0,0.0,1.0,-inf
868,869.0,0.1786002521428841,5.542064556730159,0.1786002521428841,5.542064556730159,5.999999999970372,0.9258200997702657,4.871658632055187e-12,2.920945241174626
869,870.0,0.8523735355895357,7.072105517997339,0.0,0.0001,0.0,0.0,1.0,-inf
870,871.0,0.30292438891067075,8.209210301766674,0.30292438891067075,8.209210301766674,5.999999999789829,0.9258200997563365,3.162725636940422e-11,2.920945240963992
871,872.0,0.23594992922655644,5.606993167358234,0.23594992922655644,5.606993167358234,5.999999987107106,0.9258200987778432,2.053167413862411e-09,2.9209452261674826
872,873.0,0.5714840558563444,6.679369725236827,0.0,0.0001,0.0,0.0,1.0,-inf
873,874.0,0.2781354768561213,6.902400141555486,0.2781354768561213,6.902400141555486,5.999999997377639,0.925820099570232,4.0369596554512555e-10,2.9209452381497703
874,875.0,0.36269274270170104,7.867993267410013,0.36269274270170104,7.867993267410013,5.999999969636016,0.9258200974299193,4.302504685860242e-09,2.9209452057845438
875,876.0,0.9893730411737383,6.449131527846449,0.0,0.0001,0.0,0.0,1.0,-inf
876,877.0,0.6883486163653308,7.059588255935827,0.0,0.0001,0.0,0.0,1.0,-inf
877,878.0,0.6427582417976732,1.9310602199784221,0.0,0.0001,0.0,0.0,1.0,-inf
878,879.0,0.2741600022586783,4.3997166760908835,0.0,0.0001,0.0,0.0,1.0,-inf
879,880.0,0.85577766039559,6.954207504815313,0.0,0.0001,0.0,0.0,1.0,-inf
880,881.0,0.03607394713559897,9.58812752565137,0.03607394713559897,9.58812752565137,6.0,0.9258200997725514,2.220446049250313e-16,2.9209452412091914
881,882.0,0.7324264275238255,9.604321833333257,0.0,0.0001,0.0,0.0,1.0,-inf
882,883.0,0.8366803025008642,1.6108981092021506,1.1102230246251565e-16,0.0001,0.0,0.0,1.0,-inf
883,884.0,0.5685669093674628,2.3934978758230407,1.1102230246251565e-16,0.0001,0.0,0.0,1.0,-inf
884,885.0,0.15487872486999432,8.449959848180375,0.15487872486999432,8.449959848180375,6.0,0.9258200997725514,2.220446049250313e-16,2.9209452412091914
885,886.0,0.006043306135362192,5.015654653137594,0.006043306135362192,5.015654653137594,6.0,0.9258200997725514,2.220446049250313e-16,2.9209452412091914
886,887.0,0.01397821899496876,7.220190954718865,0.01397821899496876,7.220190954718865,6.0,0.9258200997725514,2.220446049250313e-16,2.9209452412091914
887,888.0,0.21612345864498728,5.95879416119118,0.21612345864498728,5.95879416119118,5.999999999600245,0.92582009974171,6.450251444078958e-11,2.920945240742811
888,889.0,0.08322779902621524,3.2290550031117236,0.08322779902621524,3.2290550031117236,5.999999999994599,0.9258200997721348,9.00390872971002e-13,2.920945241202891
889,890.0,0.18686636884761765,2.7819163049119577,1.1102230246251565e-16,0.0001,0.0,0.0,1.0,-inf
890,891.0,0.8987057923589411,8.88338858689322,0.0,0.0001,0.0,0.0,1.0,-inf
891,892.0,0.1674978646949954,1.2715905100161755,0.0,0.0001,0.0,0.0,1.0,-inf
892,893.0,0.8876047112952569,6.994316974075071,0.0,0.0001,0.0,0.0,1.0,-inf
893,894.0,0.00013472655924773314,9.226769302480356,0.00013472655924773314,9.226769302480356,6.0,0.9258200997725514,2.220446049250313e-16,2.9209452412091914
894,895.0,0.9308355195103659,2.2229243692673917,0.0,0.0001,0.0,0.0,1.0,-inf
895,896.0,0.4658749537322602,2.853874463619525,0.0,0.0001,0.0,0.0,1.0,-inf
896,897.0,0.7255050064973009,1.2752192809615788,0.0,0.0001,0.0,0.0,1.0,-inf
897,898.0,0.2714699246322062,4.299853200944908,0.0,0.0001,0.0,0.0,1.0,-inf
898,899.0,0.36068841259272244,3.5858019692870653,0.0,0.0001,0.0,0.0,1.0,-inf
899,900.0,0.5648982155847259,7.0297908440266665,0.0,0.0001,0.0,0.0,1.0,-inf
900,901.0,0.012382383010336229,8.624704809090142,0.012382383010336229,8.624704809090142,6.0,0.9258200997725514,2.220446049250313e-16,2.9209452412091914
901,902.0,0.570739516703335,6.723285843070545,0.0,0.0001,0.0,0.0,1.0,-inf
902,903.0,0.01826495115686655,3.729632576902175,0.01826495115686655,3.729632576902175,6.0,0.9258200997725514,2.220446049250313e-16,2.9209452412091914
903,904.0,0.0806179981921551,3.6045777706111,0.0806179981921551,3.6045777706111,5.999999999999979,0.9258200997725499,3.6637359812630166e-15,2.920945241209167
904,905.0,0.21690761464949349,5.131341002245096,0.21690761464949349,5.131341002245096,5.999999980252024,0.9258200982489623,3.1849126669314387e-09,2.920945218169887
905,906.0,0.47407848418616494,6.359385935954876,0.0,0.0001,0.0,0.0,1.0,-inf
906,907.0,0.2816332012837499,8.280853441461996,0.2816332012837499,8.280853441461996,5.999999999974243,0.9258200997705643,3.953171123782795e-12,2.920945241179142
907,908.0,0.9260299235674543,4.8040371339017645,0.0,0.0001,0.0,0.0,1.0,-inf
908,909.0,0.025167527888590113,7.602790547960303,0.025167527888590113,7.602790547960303,6.0,0.9258200997725514,2.220446049250313e-16,2.9209452412091914
909,910.0,0.012752109789883947,5.543192190540122,0.012752109789883947,5.543192190540122,6.0,0.9258200997725514,2.220446049250313e-16,2.9209452412091914
910,911.0,0.46786785624062377,8.697378996714415,0.46788313290945066,8.697378108536068,5.999999578242867,0.9258200672332818,5.338750852512675e-08,2.920944749159186
911,912.0,0.15244280104674202,8.720987549055137,0.15244280104674202,8.720987549055137,6.0,0.9258200997725514,2.220446049250313e-16,2.9209452412091914
912,913.0,0.5973542400622758,0.4227177915878439,0.0,0.0001,0.0,0.0,1.0,-inf
913,914.0,0.05885680518869907,4.502948819439174,0.05885680518869907,4.502948819439174,6.0,0.9258200997725514,2.220446049250313e-16,2.9209452412091914
914,915.0,0.4531346520236883,8.918566594019675,0.4531346520236883,8.918566594019675,5.999999851109861,0.9258200882854278,1.9149051677658235e-08,2.920945067504027
915,916.0,0.4173551256255593,2.027316915423156,0.0,0.0001,0.0,0.0,1.0,-inf
916,917.0,0.9694052235696071,8.825136499236656,0.0,0.0001,0.0,0.0,1.0,-inf
917,918.0,0.03536559163614161,2.1371880338053835,0.03536559163614161,2.1371880338053835,5.999999999999979,0.9258200997725499,3.885780586188048e-15,2.920945241209167
918,919.0,0.09806270850836551,6.911995874974334,0.09806270850836551,6.911995874974334,6.0,0.9258200997725514,2.220446049250313e-16,2.9209452412091914
919,920.0,0.9355095589351465,3.8438113396653155,0.0,0.0001,0.0,0.0,1.0,-inf
920,921.0,0.7594022432469262,4.848089980076605,0.0,0.0001,0.0,0.0,1.0,-inf
921,922.0,0.19550994403824495,1.502643717348647,0.0,0.0001,0.0,0.0,1.0,-inf
922,923.0,0.4535515603389061,8.213796026016723,0.453577583966617,8.2137944272957,5.999999283325,0.9258200444798732,9.212892382315374e-08,2.920944405088308
923,924.0,0.24154017572088293,9.17016729499202,0.24154017572088293,9.17016729499202,5.999999999999993,0.925820099772551,1.4432899320127035e-15,2.9209452412091834
924,925.0,0.41505428705548886,4.753553433919346,0.0,0.0001,0.0,0.0,1.0,-inf
925,926.0,0.8363880297664965,8.665237013587456,0.0,0.0001,0.0,0.0,1.0,-inf
926,927.0,0.7177499198080851,3.3423020937903365,0.0,0.0001,0.0,0.0,1.0,-inf
927,928.0,0.3191567178799468,5.285623745267067,0.0,0.0001,0.0,0.0,1.0,-inf
928,929.0,0.16553209775699773,2.5535862324197303,0.0,0.0001,0.0,0.0,1.0,-inf
929,930.0,0.18086719139423013,2.6998646495726626,0.0,0.0001,0.0,0.0,1.0,-inf
930,931.0,0.1786923757799629,4.228134460841886,0.1786923757799629,4.228134460841886,5.999999953128506,0.9258200961563373,7.706000393348234e-09,2.9209451865257816
931,932.0,0.8651524553800103,3.3275617753098916,1.1102230246251565e-16,0.0001,0.0,0.0,1.0,-inf
932,933.0,0.5691171216309062,3.184632564401618,0.0,0.0001,0.0,0.0,1.0,-inf
933,934.0,0.9827542074712338,9.111984551104472,0.0,0.0001,0.0,0.0,1.0,-inf
934,935.0,0.5792458755034353,1.4139311059576172,0.0,0.0001,0.0,0.0,1.0,-inf
935,936.0,0.6250015531125577,9.167582622791514,0.0,0.0001,0.0,0.0,1.0,-inf
936,937.0,0.02142302145206243,0.8580298244238205,0.0,0.0001,0.0,0.0,1.0,-inf
937,938.0,0.21338948903647292,8.498303362713646,0.21338948903647292,8.498303362713646,5.999999999999999,0.9258200997725513,7.771561172376096e-16,2.9209452412091905
938,939.0,0.2759448713644451,5.206820162413438,0.2760040240472283,5.206816432064052,5.999998968587137,0.9258200201973182,1.5907691841565708e-07,2.9209440378940816
939,940.0,0.5956486644262502,4.932854118280466,0.0,0.0001,0.0,0.0,1.0,-inf
940,941.0,0.8125815045649373,9.213382802685533,0.0,0.0001,0.0,0.0,1.0,-inf
941,942.0,0.6589537795646466,0.052981843620711615,0.0,0.0001,0.0,0.0,1.0,-inf
942,943.0,0.44398190835100826,6.671188857385456,0.0,0.0001,0.0,0.0,1.0,-inf
943,944.0,0.497045321269176,7.1844084012211535,0.0,0.0001,0.0,0.0,1.0,-inf
944,945.0,0.32031583350971726,3.475053018340393,0.0,0.0001,0.0,0.0,1.0,-inf
945,946.0,0.3806601147143318,3.4114338161828663,0.0,0.0001,0.0,0.0,1.0,-inf
946,947.0,0.8828270830733062,0.9003354855994257,0.0,0.0001,0.0,0.0,1.0,-inf
947,948.0,0.35252234688018547,0.01744578899520101,0.0,0.0001,0.0,0.0,1.0,-inf
948,949.0,0.3817990845357079,4.252687957713185,0.0,0.0001,0.0,0.0,1.0,-inf
949,950.0,0.6412748576679533,3.457397525392044,0.0,0.0001,0.0,0.0,1.0,-inf
950,951.0,0.48603293041998996,2.4200304045785126,1.1102230246251565e-16,0.0001,0.0,0.0,1.0,-inf
951,952.0,0.8019157849383013,8.837498327394833,0.0,0.0001,0.0,0.0,1.0,-inf
952,953.0,0.4463721198267129,7.579323339360485,0.4464501907098456,7.579318276743462,5.999997717406746,0.9258199236666419,2.9569431025944226e-07,2.9209425781832223
953,954.0,0.27301460998180227,7.664808887341215,0.27301460998180227,7.664808887341215,5.999999999893351,0.9258200997643234,1.6491585874689463e-11,2.9209452410847687
954,955.0,0.2768880014979166,5.528697664594133,0.2769087848729485,5.52869650996218,5.999999660274145,0.9258200735621326,5.235510636136809e-08,2.9209448448623503
955,956.0,0.36338493523084214,0.8800049825735707,0.0,0.0001,0.0,0.0,1.0,-inf
956,957.0,0.6782787187646732,2.6251293228421226,0.0,0.0001,0.0,0.0,1.0,-inf
957,958.0,0.4636442193429985,4.014253004552328,0.0,0.0001,0.0,0.0,1.0,-inf
958,959.0,0.15978564079539748,0.013637673041241865,0.0,0.13209374494462903,0.0,0.0,1.0,-inf
959,960.0,0.4382177264026341,8.114116847090514,0.43823717751003577,8.114115692458665,5.999999494199622,0.9258200607492043,6.610662517392285e-08,2.9209446511087265
960,961.0,0.8085586469775942,8.169960883459755,0.0,0.0001,0.0,0.0,1.0,-inf
961,962.0,0.6582302551716829,8.778182864203355,0.0,0.0001,0.0,0.0,1.0,-inf
962,963.0,0.6149802877680688,9.598918314534794,0.0,0.0001,0.0,0.0,1.0,-inf
963,964.0,0.08781865898055508,2.082939177218806,0.0,0.0001,0.0,0.0,1.0,-inf
964,965.0,0.22597924975401706,8.209136871606548,0.22597924975401706,8.209136871606548,5.999999999999947,0.9258200997725475,8.881784197001252e-15,2.9209452412091297
965,966.0,0.9182885286249058,8.661515861914209,0.0,0.0001,0.0,0.0,1.0,-inf
966,967.0,0.9198044419124146,7.97109269928156,0.0,0.0001,0.0,0.0,1.0,-inf
967,968.0,0.25825484964012546,9.639517205242697,0.25825484964012546,9.639517205242697,5.999999999999987,0.9258200997725506,2.220446049250313e-15,2.920945241209176
968,969.0,0.9158308221715175,8.48679639408704,0.0,0.0001,0.0,0.0,1.0,-inf
969,970.0,0.025733391563250607,8.714215460638405,0.025733391563250607,8.714215460638405,6.0,0.9258200997725514,2.220446049250313e-16,2.9209452412091914
970,971.0,0.40578147272288445,3.5239457488255432,0.0,0.0001,0.0,0.0,1.0,-inf
971,972.0,0.21197554415618414,6.929255951090332,0.21197554415618414,6.929255951090332,5.99999999999741,0.9258200997723516,4.1933123640092163e-13,2.9209452412061703
972,973.0,0.4287693678125314,2.7532448072776403,0.0,0.0001,0.0,0.0,1.0,-inf
973,974.0,0.9073127420614318,1.3628953483628574,0.0,0.0001,0.0,0.0,1.0,-inf
974,975.0,0.716534623516954,1.7487067631067075,0.0,0.0001,0.0,0.0,1.0,-inf
975,976.0,0.6887960360845179,3.369952328402144,0.0,0.0001,0.0,0.0,1.0,-inf
976,977.0,0.14815723478108567,1.2562275262300384,0.0,0.0001,0.0,0.0,1.0,-inf
977,978.0,0.13678580729050716,4.160471983491426,0.13678580729050716,4.160471983491426,5.999999999737888,0.9258200997523293,4.356226490642712e-11,2.9209452409033947
978,979.0,0.9704417397508364,7.41281332803703,0.0,0.0001,0.0,0.0,1.0,-inf
979,980.0,0.8692159178562948,5.7139308064339005,0.0,0.0001,0.0,0.0,1.0,-inf
980,981.0,0.7716861118308567,6.246510489316807,0.0,0.0001,0.0,0.0,1.0,-inf
981,982.0,0.2961027632113429,4.62396320106857,0.0,0.0001,0.0,0.0,1.0,-inf
982,983.0,0.939080523763414,5.673020157739434,0.0,0.0001,0.0,0.0,1.0,-inf
983,984.0,0.6624448954216953,0.4010749857565205,0.0,0.0001,0.0,0.0,1.0,-inf
984,985.0,0.5577943748077814,3.510429191267533,0.0,0.0001,0.0,0.0,1.0,-inf
985,986.0,0.6272040694562195,2.697485592502723,0.0,0.0001,0.0,0.0,1.0,-inf
986,987.0,0.4553492351126942,9.46870460832247,0.4553492351126942,9.46870460832247,5.999999951443329,0.9258200960263231,6.230065907608662e-09,2.9209451845597423
987,988.0,0.8951993792266986,9.598502983534427,0.0,0.0001,0.0,0.0,1.0,-inf
988,989.0,0.6074489389209937,9.610935389131969,0.6075621816689365,9.610927750798192,5.999995293240592,0.9258197366381083,5.14688423991494e-07,2.9209397499877285
989,990.0,0.8410999835451916,3.654228946655677,0.0,0.0001,0.0,0.0,1.0,-inf
990,991.0,0.6131585376533717,7.254829651489338,0.0,0.0001,0.0,0.0,1.0,-inf
991,992.0,0.44541344895444845,7.042920477482708,0.0,0.0001,0.0,0.0,1.0,-inf
992,993.0,0.9718470812343227,2.244472208889069,0.0,0.0001,0.0,0.0,1.0,-inf
993,994.0,0.16022360019654647,5.100449243114663,0.16022360019654647,5.100449243114663,5.999999999976284,0.9258200997707218,3.922973057512991e-12,2.9209452411815233
994,995.0,0.2277896260311847,8.9671216761303,0.2277896260311847,8.9671216761303,5.999999999999998,0.9258200997725513,8.881784197001252e-16,2.9209452412091896
995,996.0,0.4219583572243475,5.061159246947717,0.0,0.0001,0.0,0.0,1.0,-inf
996,997.0,0.7652329809351613,9.053627902484644,0.0,0.0001,0.0,0.0,1.0,-inf
997,998.0,0.6330885205926872,8.234170929010338,0.0,0.0001,0.0,0.0,1.0,-inf
998,999.0,0.9097357983867316,1.2799833375691543,0.0,0.0001,0.0,0.0,1.0,-inf
999,1000.0,0.051653991560842494,3.5793346711563148,0.051653991560842494,3.5793346711563148,6.0,0.9258200997725514,2.220446049250313e-16,2.9209452412091914
