subID,r_squared,nrmse,aic,center,obj_center,sigma,bias_xmin,bias_xmax,bias_lower,bias_upper,flipped
26000.0,0.9473422513046246,0.08674028566724946,-30.227715860890576,0.4475474954950662,0.3141515532539214,0.15624334852083716,0.33776248275041876,0.0537690772700985,0.302,0.03500000000000003,False
26001.0,0.9094759341566706,0.11784394901325079,-25.937515940300433,0.686666442980168,0.583812521241655,0.12627933391813406,0.3773114265611735,0.2502927914673989,0.3755555555555556,0.21900000000000008,False
26002.0,0.9518292898830519,0.09910314739620565,-28.362317096903745,0.7293626766285044,0.6847575898049538,0.05259440730516854,0.3210005666499032,0.08545688011697883,0.321,0.08200000000000007,False
26003.0,0.9611479200877153,0.07613697109781642,-32.05309833320901,0.4656104335946663,0.4656104335946663,0.13863875141645957,0.0336197517467055,0.020743780078962493,0.0,0.0,False
26004.0,0.9417228299547019,0.07504483500799213,-32.25537361530798,0.5533477133760426,0.49919645308222516,0.22671950312046404,0.27255789319768153,0.22422294380418728,0.222,0.14700000000000002,False
26005.0,0.9697167189368215,0.06631410972348058,-33.986936233265816,0.592850080626396,0.61067760532985,0.14919557109344517,0.21720710326950482,0.27389088932676475,0.207,0.24,False
26006.0,0.9454030000961687,0.07958000174727337,-31.43389432838034,0.7567724303052942,0.7705001974998912,0.14128486614681962,0.28593471036092755,0.36648923023878055,0.284,0.30400000000000005,False
26007.0,0.9963832509702343,0.02589714913855387,-47.15071343487708,0.3071016368406308,0.24507441631315563,0.06769382071627687,0.30741719152066566,2.510407010225535e-05,0.3,0.0,False
26008.0,0.9306491859510335,0.09084686426665625,-29.580120003324836,0.6958413305137628,0.5471651260768464,0.1588516587462692,0.37474970187078777,0.22572922541161766,0.369,0.16599999999999993,False
26009.0,0.9708018207862806,0.058607283942803144,-35.716548070618366,0.5194982335499114,0.49187890211509294,0.18538313337002715,0.2326949862680227,0.1919052943800008,0.195,0.1459999999999999,False
26010.0,0.9861528800126883,0.04942804380486384,-38.1013225850668,0.6157481005031346,0.5669002394566187,0.08497005294760163,0.2405141009702888,0.04576025232454828,0.24,0.03799999999999992,False
26011.0,0.9652149509717999,0.0732579004740442,-32.59276852840124,0.5944934315341671,0.5485482074664851,0.11810062138176755,0.2786048666302097,0.18541331241423786,0.275,0.16799999999999993,False
26012.0,0.9849694869519443,0.043871098629933845,-39.770993297712856,0.6038713373689624,0.4694880405346135,0.15541489663799202,0.34806786842194837,0.1528772217560459,0.337,0.11299999999999999,False
26013.0,0.15321014135751154,0.3015327970197496,-12.784270849210209,0.205523047220316,-0.2752732848593016,0.5879790989409334,0.5171589809214937,0.4219078989533669,0.451,0.389,False
26014.0,-0.27121870748898913,0.3422869352912883,-11.009482622356073,0.4488216083618934,,1.0,0.6313808136738195,0.33508597472150625,0.578,0.28500000000000003,False
26015.0,0.9681779993306436,0.06742974061569028,-33.75336744147851,0.4929040767750406,0.44211530288218837,0.13691766332217056,0.18775626513869484,0.035665612585585094,0.166,0.015999999999999903,False
26016.0,0.9952828473665927,0.028121537179578486,-45.997073679582776,0.6913470215767292,0.6796351779344754,0.10464672716839546,0.12108654911840115,0.11505784448055012,0.12,0.07499999999999996,False
26017.0,0.9668622412402295,0.07480802668138666,-32.29962127657838,0.5566190709418061,0.4875637503520541,0.12948718818626603,0.41519035791936887,0.35750885308963876,0.41200000000000003,0.35,False
26018.0,0.9429504783464174,0.08658051332311495,-30.253527113371597,0.4639649412002571,0.2888443757890674,0.1735025504016959,0.37864655103327244,0.08708208356229274,0.34,0.06099999999999994,False
26019.0,0.9450524719422704,0.08765126229772018,-30.08144972606282,0.5221602866616676,0.11522922148309905,0.16093757222753985,0.4842526675902741,0.12004269639138121,0.46799999999999997,0.0988888888888888,False
26020.0,0.9725518216226928,0.05727085810744382,-36.03948716805431,0.6436433312792765,0.5094666687063873,0.15904275035555804,0.3519652890858268,0.18519572018288954,0.34299999999999997,0.135,False
26021.0,0.977475283530943,0.05853266388651956,-35.734384529463306,0.6267709866939684,0.6124254921317858,0.13105074315425314,0.11783433098948537,0.11108902297307233,0.111,0.06599999999999995,False
26022.0,0.9377698012053357,0.08311945836001344,-30.8246702800377,0.6356061818834798,0.637207422017654,0.18814458012868623,0.27950107910355104,0.3252211874923153,0.264,0.2659999999999999,False
26025.0,0.9899746810586436,0.03610635138851915,-42.49801086529993,0.6095226710297786,0.31811487562544133,0.15370422339680784,0.4648419063044666,0.24994427440144107,0.45899999999999996,0.22699999999999998,False
26026.0,0.9814833962488979,0.05038453845844587,-37.83299298623933,0.5451651474200788,0.3211879007694145,0.1489133784808682,0.4568924956837558,0.28738316047936596,0.45,0.275,False
26027.0,0.840331927494474,0.14362010424094332,-23.16817082685238,0.6336848723808876,0.5749550469295802,0.1790361322501831,0.42072684542525707,0.40523398067899175,0.415,0.382,False
26028.0,0.9727178251152332,0.06528707378433601,-34.20545698941953,0.5075711664168325,0.4099977971024973,0.12707004696814725,0.28123824144468157,0.014879565177475351,0.268,0.0,False
26029.0,0.9638419190726343,0.06206841302120759,-34.91325293028546,0.5494470453058112,0.39565452629610887,0.20349583694465098,0.35707482111971184,0.1758614714863007,0.322,0.121,False
26030.0,0.9615239037030269,0.06731990159020913,-33.77619120074263,0.47886696937619355,0.4060432190315781,0.18845901374588128,0.23940637281108762,0.07855643563674253,0.182,0.03200000000000003,False
26031.0,0.9445425443377645,0.07563844977456602,-32.14506742259748,0.43995283239005084,0.3328981780782174,0.2139211548136553,0.3104111263605432,0.10181570543792251,0.22899999999999998,0.052999999999999936,False
26032.0,0.9542573986888054,0.07961614425620017,-31.42753745170498,0.5392483680875313,0.4659781625378014,0.16053596556247451,0.2378640373612958,0.0867027836502563,0.213,0.04700000000000004,False
26034.0,0.9395507636367466,0.09549989710521802,-28.88082152499627,0.5905617363924489,0.544464810982418,0.14084376214385314,0.21354699120588602,0.12473095815164292,0.203,0.08799999999999997,False
26035.0,0.8237309152838495,0.13158314221725761,-24.393629137290343,0.4802317726306345,0.5550406177059883,0.22884125914341957,0.4155538044579998,0.44174142982854125,0.396,0.42500000000000004,False
26037.0,0.7597390084613656,0.14458247775591396,-23.07467215523047,0.4764990732664257,0.306058301520985,0.297766365034927,0.38724923212726536,0.21201217199957012,0.289,0.1259999999999999,False
26038.0,0.7980954050826132,0.1503321422265808,-22.528714117972367,0.5732363346490771,0.3056686986100508,0.23574657868156784,0.4278734907227858,0.22642913505540352,0.392,0.16400000000000003,False
26039.0,0.9604413043629039,0.07154673762284808,-32.923661177011255,0.4653968969318372,0.48272619297002767,0.17152246224876508,0.20642934756807263,0.22589372075586978,0.16699999999999998,0.19900000000000007,False
26040.0,0.9698817269745297,0.06151786634074927,-35.03798691455223,0.6227342603412457,0.6009687820425771,0.16593320864220354,0.14719203389225272,0.1511065038838163,0.129,0.07700000000000007,False
26042.0,0.9470005017638733,0.08877648053996136,-29.9028693198932,0.6323939856490959,0.5724854464597059,0.14037503127314063,0.18399736504290753,0.05791618636717466,0.175,0.0020000000000000018,False
26043.0,0.9482223728927716,0.08951153408479941,-29.787429053683333,0.5055896665170557,0.49365310221459846,0.11329257671083348,0.06082985323877456,0.011938895467531796,0.05,0.0,False
26044.0,0.4248873415100898,0.26798727449894977,-14.435420959361249,0.620996937384881,,0.3121460161888494,0.5512689332207792,0.30665656617943216,0.525,0.2566666666666667,False
26045.0,0.9362170841343147,0.08924111594322408,-29.829787663410748,0.46931104703514115,0.4568804477296733,0.18405829790261646,0.11067332390211468,0.06023170699510394,0.042,0.010000000000000009,False
26046.0,0.9867928873748489,0.04984462892136347,-37.98382346460862,0.673819619394649,0.5477097190099732,0.09661916664283302,0.37853484881978844,0.0689080104838764,0.37799999999999995,0.050000000000000044,False
26047.0,0.9848864027125477,0.04456748962886975,-39.550508649821744,0.5841747936005794,0.5086035299100717,0.15065772028005892,0.2937233912380837,0.17440295768564984,0.282,0.14,False
26048.0,0.9501402763256365,0.07935224396948216,-31.474019742294203,0.5849489454735401,0.20592151054318325,0.17033421825495282,0.4680604938818653,0.10376129407690837,0.45299999999999996,0.06499999999999995,False
26049.0,0.9894040017652391,0.04048560319911851,-40.895323824839465,0.47946619744024344,0.43067289749180593,0.12929414208763407,0.19412127969337578,0.04000908819273419,0.175,0.025999999999999912,False
26050.0,0.9587629046544239,0.09360066190868489,-29.162049533894553,0.8635723819281642,0.8589996408922551,0.04365517329611412,0.17400000176407407,0.16695305204049937,0.174,0.138,False
26051.0,0.9883915738459178,0.044220531083419216,-39.65992531036339,0.6080950200570744,0.6215674296059764,0.11789003392431119,0.042010199191924925,0.11743750144260656,0.037000000000000005,0.08700000000000008,False
26052.0,0.9417857942986915,0.07740223946932501,-31.82235391129945,0.5163837768986532,0.48128279359660997,0.21708711539960923,0.2537214156561176,0.20891683486956514,0.198,0.14500000000000002,False
26053.0,0.8531419719968915,0.13935410040043328,-23.590319404138523,0.7168914782362487,0.738517422863943,0.13306723527237105,0.162863744459936,0.2779550721426912,0.16,0.21099999999999997,False
26054.0,0.9045346290665321,0.12552657172847267,-25.0533294226165,0.3205336734324337,0.30691574377633474,0.08951121167125961,0.09898168697408159,0.004465421736289166,0.07400000000000001,0.0040000000000000036,False
26055.0,0.8586916366103705,0.12314749418874027,-25.32121503160756,0.5403677439748936,0.48618430689168596,0.22151991984662145,0.2964846367621249,0.24525463016517401,0.251,0.18200000000000005,False
26056.0,0.8452255538605815,0.11640761006442862,-26.109203141661013,0.5322270662207212,0.4342204009004653,0.2667940801350677,0.354989542397549,0.277962679956714,0.295,0.20400000000000007,False
26057.0,0.9640931887835659,0.0603466635410605,-35.30709465366806,0.5284466458975233,0.45460805053340236,0.21315538934105674,0.348722070546609,0.2812963969528285,0.314,0.237,False
26058.0,0.6719719890119915,0.19118308373500006,-19.163332590555335,0.5824741220932236,0.4547156394214523,0.2579304529725831,0.4122435497142336,0.359101437506983,0.38299999999999995,0.30799999999999994,False
26059.0,0.8266205346496796,0.14956921636956472,-22.599944105652842,0.5181047281787043,0.4246254848828276,0.17400085656698994,0.29442093476581815,0.1328549944731542,0.2633333333333333,0.09499999999999997,False
26060.0,0.07810208447518519,0.3027505950818097,-12.72784303347817,0.47860688989135663,,0.9476834081406355,0.7532973624485518,0.2866642400139817,0.81,0.345,True
26061.0,0.9509271900888837,0.07317045986356592,-32.60948890537445,0.6160468604933553,0.6272053375883876,0.1901974839462698,0.17472825037714984,0.24896632495514393,0.149,0.16900000000000004,False
26064.0,0.9672501283195685,0.06592016843337359,-34.07035173572764,0.602251621992061,0.5642173627193657,0.1565180654145052,0.16757958746107468,0.11297620191961633,0.151,0.05500000000000005,False
26065.0,0.9697547240579522,0.061045183036526694,-35.14597376870516,0.6546318037869694,0.5601610338552505,0.1624448053600318,0.3468422850334308,0.25985852602347215,0.33899999999999997,0.21200000000000008,False
26066.0,0.9283957597808715,0.08867233792246386,-29.919302191354326,0.6267463414378489,0.6082741697635319,0.19561462444782823,0.11990493151058232,0.15726928727214973,0.086,0.04500000000000004,False
26067.0,0.8605853183550387,0.12130609009850045,-25.532135603317762,0.7086514766485825,0.6718898127609593,0.18714568756117098,0.3773404079479723,0.39279437776575066,0.371,0.34299999999999997,False
26068.0,0.931686614931795,0.08866452799207217,-29.920535313694558,0.6904692629123869,0.4992469272571305,0.17194304809716823,0.4090136511460464,0.2581637004517956,0.402,0.20200000000000007,False
26069.0,0.9172543058667642,0.09076525632516957,-29.59270188667037,0.636549176308706,0.4808589910252953,0.2109734035522721,0.3973089339220549,0.3052137283663148,0.38,0.2490000000000001,False
26071.0,0.8943612698237267,0.114314950566019,-26.363170818855867,0.4667729536730994,0.36433607520716416,0.19228779479204833,0.2813940437323043,0.06750934780825735,0.22,0.02300000000000002,False
26072.0,0.9049013363836903,0.11199491376563012,-26.650225501351528,0.6671410862745379,0.642826058807518,0.15593073011472527,0.3447450909134163,0.3497034120109501,0.34,0.31299999999999994,False
26073.0,0.9534303090713856,0.07502185619391061,-32.25966108772545,0.5354763181009999,0.383937620767275,0.18166827370205704,0.35381470670825155,0.13859195177915895,0.325,0.09699999999999998,False
26074.0,0.8896593240954245,0.11046947557682461,-26.842224494328,0.5697300019649048,0.474207297193615,0.2121554209790548,0.2809630941032345,0.16725993664801042,0.23800000000000002,0.08900000000000008,False
26075.0,0.8779475722712163,0.11249807828419998,-26.58746795162495,0.5541651715586466,,0.2214112114667322,0.722358308570218,0.11390970917431964,0.7070000000000001,0.08999999999999997,False
26076.0,0.9575444222513029,0.07493888174400981,-32.27515370843578,0.43317624206348737,0.1132505585720161,0.15219039247561894,0.4756933024176664,0.10960121781460286,0.451,0.09900000000000009,False
26077.0,0.9557700464505461,0.06778291814802231,-33.68023084698075,0.6010743879343791,0.5455923344284961,0.20024425010099053,0.16261964491437145,0.10550182204708536,0.121,0.0,False
26079.0,1.0,0.0,-inf,0.8838562993660364,0.8838562993660364,0.0,0.0,0.30000000000000004,0.0,0.30000000000000004,False
26080.0,0.9722071781914889,0.058928615268784845,-35.63999869630997,0.6991564459900641,0.669383414979805,0.14377125715977362,0.2531830711797162,0.25261390997926636,0.24888888888888888,0.19111111111111112,False
26081.0,0.8086229732234401,0.1463636858515753,-22.903250579599842,0.49821664027890367,0.4493810719346457,0.22585730401297888,0.3421463299029333,0.29250817557745523,0.297,0.248,False
26082.0,0.9464002089194133,0.09229572470188108,-29.35860441389984,0.37291511274976397,0.2559284843597447,0.12740441106131226,0.4153510641105287,0.24461069608597186,0.397,0.242,False
26083.0,0.8104819757726301,0.1576492377503146,-21.86335819309851,0.5842478201161954,0.04685406505545553,0.1941895665159701,0.4975484631431627,0.3303513293021252,0.488,0.30900000000000005,False
26084.0,0.9068866438351506,0.10943622013357424,-26.973787095405214,0.6198371680417425,0.560446008580673,0.16919116918043367,0.21627553818441544,0.14089348558430603,0.198,0.07099999999999995,False
26085.0,0.9999917142235739,0.001460309043626397,-87.40750068722862,0.6360119187824946,-inf,0.02231386117028244,0.500000000000209,4.117875151976591e-08,0.5,0.0,False
26086.0,0.9682032368721908,0.06529538583665735,-34.203674686758156,0.4755800380793183,0.4094016508379687,0.16121295829251553,0.26892521915480566,0.12663998648621944,0.23600000000000002,0.10199999999999998,False
26087.0,0.9448970877035602,0.079056802183862,-31.526241378557387,0.6605529553415702,0.56031904402667,0.17999119585548368,0.3537084222669755,0.2827677033217436,0.34299999999999997,0.22599999999999998,False
26088.0,0.9035105226642398,0.10027523383052252,-28.19771149610706,0.4952848049876147,0.4145574170981385,0.2216211067134258,0.27914976098712263,0.1495747666876941,0.21100000000000002,0.08400000000000007,False
26089.0,0.9851453147016822,0.048864344479986076,-38.2619022028036,0.5067910018604458,0.34958418358026616,0.11220915486758908,0.38845311973169405,0.028273340382659717,0.382,0.020999999999999908,False
26090.0,0.93096481863963,0.09008463290058472,-29.698079589391355,0.6282803199764948,0.3815350353574152,0.18022418470180004,0.42489422663579746,0.2029514473790518,0.41200000000000003,0.15400000000000003,False
26091.0,0.9423450809871687,0.0807119529705786,-31.236160379813775,0.5439103678023224,0.2865322997395936,0.19797794883031844,0.413034317787988,0.1073097550114025,0.379,0.05599999999999994,False
26092.0,0.8969492346246795,0.1198236854632817,-25.704274662550247,0.5644663043744951,0.49720478219664094,0.1362792066832007,0.2536057558977631,0.10565935860406628,0.243,0.07900000000000007,False
26093.0,0.8724527944377785,0.14368838421367805,-23.16151651850649,0.6062557345379728,0.6638184971764999,0.12644048928444834,0.26979544954912993,0.36821836765708393,0.26666666666666666,0.352,False
26094.0,0.93514659826235,0.08798716244513745,-30.027900990312588,0.5320169770680648,0.5295651663208871,0.19123861879523008,0.08957553167695073,0.10355214714166283,0.035,0.029000000000000026,False
26095.0,0.9339219170408766,0.12429178892070356,-25.19172677693657,0.7299839561115737,0.6814142748517483,0.05075024069846468,0.39900020619282234,0.2387714306090325,0.39899999999999997,0.237,False
26096.0,0.10654254786625761,0.3105453300472544,-12.37195556883356,0.16514841989747958,,0.7693670571231476,0.6410441416439103,0.2888416590437529,0.537,0.22999999999999998,False
26097.0,0.9597793415842498,0.071933733038182,-32.84813941536584,0.5192362288140839,0.4589777656672167,0.16802226039887105,0.3175809015602117,0.23483341434547045,0.29600000000000004,0.20799999999999996,False
26098.0,0.9797437870227715,0.05103180702666317,-37.65428642855055,0.6788718757126703,0.6400899592729273,0.14871814024449292,0.1690271608207042,0.14059901253737073,0.161,0.06000000000000005,False
26099.0,0.9225189850073418,0.09293965363357992,-29.261268349494202,0.6235433645912845,0.3849471301738974,0.19694418614348208,0.41269338836435393,0.20351191501042576,0.39399999999999996,0.14400000000000002,False
26100.0,0.9797362419098633,0.05320328506793131,-37.07089189201249,0.5668691302230732,0.5668691302230732,0.15315253054203284,0.1402162445281525,0.16420323931456704,0.122,0.122,False
26101.0,0.9860417629264404,0.04159171104578688,-40.5179613938587,0.5662707275710704,0.3967620995096773,0.16680427096616307,0.39641121780349053,0.20469092076661888,0.382,0.17400000000000004,False
26102.0,0.9866719486200684,0.04402821459425078,-39.720944537094546,0.6980575058692207,0.5366524315988443,0.11466546602972312,0.4426682672729669,0.28277358744750747,0.442,0.263,False
26103.0,0.8881568393852092,0.1028700527557593,-27.840041954003073,0.5047907556818056,0.550028800680955,0.2467046735638069,0.34905527013388155,0.382453664003957,0.309,0.34099999999999997,False
26104.0,0.940058103254492,0.07878809917779682,-31.573906468608264,0.656023946462553,0.5192201538811541,0.19145758747395203,0.3327223013650562,0.202094244959513,0.315,0.122,False
26106.0,0.9878297400433563,0.042016119614091574,-40.375827075940705,0.5938676857456188,0.27255083414379133,0.1399438043314529,0.46111867221501485,0.0691808264015974,0.45399999999999996,0.04299999999999993,False
26107.0,0.8069592283502907,0.14650911311260953,-22.889347056780288,0.6786167686561099,0.46737963886412043,0.20632432567815773,0.40409807178541446,0.2640727008136259,0.389,0.19099999999999995,False
26108.0,0.9403676208561901,0.08414178911324498,-30.653527125249745,0.616101674458251,0.542477376999357,0.17694546696869815,0.24009151940952358,0.1464782183939216,0.21899999999999997,0.07400000000000007,False
26109.0,0.9473527816864143,0.07508534406011436,-32.24781848219624,0.5420465403922302,0.37622783019130157,0.2083830140890891,0.34519906020354485,0.12297535373527468,0.301,0.05900000000000005,False
26110.0,0.9607650672614333,0.07012844111263045,-33.203975833057186,0.42214980455312673,0.3614695603315432,0.16897906295901663,0.3320669026138877,0.22087508401614864,0.294,0.20499999999999996,False
26111.0,0.9195305335956219,0.09448716224636725,-29.030078241378057,0.39897654645814784,0.2530412939096496,0.1983061012115303,0.4345102584050434,0.29964525511840856,0.397,0.28500000000000003,False
26112.0,0.9434031786123702,0.07577843692093243,-32.119181001997084,0.6486813613239337,0.4534576745675489,0.19985218001704055,0.36451231086510555,0.16740927834871855,0.34299999999999997,0.08299999999999996,False
26113.0,0.8888403210263964,0.10109369601796768,-28.08390512357692,0.6466301237812556,0.6569854863932478,0.23377766186067392,0.270995720762733,0.3438005838821725,0.24100000000000002,0.25222222222222224,False
26114.0,0.5858705552139817,0.23309261499801542,-16.388471811854952,0.4940550316692733,0.38405692053033497,0.25236878514156347,0.42602281537085485,0.36564291793687276,0.392,0.33299999999999996,False
26115.0,0.8990416386926114,0.10355665765361288,-27.746909587562264,0.6084423499490038,0.5295154382897078,0.21018141603889362,0.21944245340317864,0.13749475536685563,0.17800000000000002,0.03125,False
26116.0,0.9472171981104032,0.08455506093323142,-30.584932874050587,0.6294632606068097,0.5598238251536524,0.14667115536231706,0.24915128480613435,0.13219521594626116,0.24,0.08200000000000007,False
26117.0,0.9572504929724722,0.07163538492992713,-32.90632573826301,0.5408250455573451,0.5208375243980593,0.18508911231404215,0.19492944942639445,0.17482493762527784,0.158,0.1190000000000001,False
26118.0,0.5687537221196209,0.22148952174854625,-17.1033199508816,0.3435188623719418,-0.2518681322094734,0.2937697884420371,0.5548753810335291,0.14178832204641323,0.447,0.09777777777777774,False
26119.0,0.7477489828563859,0.17724476186669988,-20.22313132735413,0.6078276657374363,0.566450088361014,0.20947386748124663,0.3460991032565251,0.33944991241040423,0.326,0.2879999999999999,False
26120.0,0.915153686569735,0.09749773935687713,-28.59096522262628,0.6836595998294512,0.5976867193123165,0.17155450763737218,0.263046003253219,0.179144850885117,0.251,0.08900000000000008,False
26123.0,0.8692027501267788,0.11478986696592136,-26.305128921757113,0.571595514170848,,0.20924871995472918,0.6264488312530628,0.19215058684698505,0.613,0.16700000000000004,False
26124.0,0.9457516672019497,0.0835528280756272,-30.751866458584942,0.642157590926043,0.3018494405715771,0.15850677965162474,0.47155823617420367,0.23977661206249623,0.466,0.20900000000000007,False
26125.0,0.9429241758637142,0.09799435757833366,-28.519835287805613,0.7373668855934852,0.7149737819531065,0.09544578450021123,0.29220781890352965,0.26525703107145016,0.292,0.237,False
26126.0,0.9335257010668302,0.08629464922961068,-30.29982758705077,0.661634666354266,0.495691910128505,0.17494331068469057,0.38773197496255624,0.2401899319522427,0.37799999999999995,0.18500000000000005,False
26127.0,0.9885467990223383,0.04057155841868427,-40.865631851891735,0.5591116323691964,0.5358133637866448,0.1346388372525473,0.11645116812543177,0.059677573858658683,0.10300000000000001,0.028000000000000025,False
26128.0,0.8285855203363574,0.16171219628563016,-21.50711925794217,0.6094847114750231,0.5091263769498918,0.14588264152738903,0.316189487197596,0.15403309651223296,0.3075,0.11699999999999999,False
26129.0,0.618255038144853,0.19824852286219502,-18.6552741713088,0.8221440504795664,0.768826915364658,0.18440788348043907,0.3316256091273583,0.3804975501134785,0.327,0.269,False
26130.0,0.9626781172481714,0.0727068133002773,-32.69848253135192,0.4929609995338394,0.46070785015813753,0.15128599917930174,0.1294694192266918,0.030596078921355296,0.096,0.0,False
26131.0,0.9731477844649629,0.0615499525988251,-35.03068675067332,0.656528351415015,0.5175407620622535,0.13450752173489025,0.33099399076564107,0.05886089037748343,0.326,0.010999999999999899,False
26132.0,0.8157084419678776,0.14554095236714584,-22.98216881366847,0.41335544775588,0.3030378217580304,0.19916192766917037,0.3527711730789701,0.16012448128710355,0.28800000000000003,0.13111111111111118,False
26133.0,0.8840990812937097,0.113409397131814,-26.47451433597474,0.5050303654546858,0.40904624560710234,0.2198668369413992,0.3542246017441457,0.25209804022984694,0.31,0.20599999999999996,False
26134.0,0.9606696616672126,0.07230047265649316,-32.776944573664125,0.5811916897838367,0.4877668741268809,0.1607568936037917,0.2506519360067513,0.07060204909143752,0.231,0.019000000000000017,False
26135.0,0.9634344122646077,0.06671912456991559,-33.901690987611204,0.5203156594124042,0.21338503757929578,0.1746828177628981,0.47047179205489054,0.26303305659022547,0.456,0.245,False
26136.0,0.7467417865651532,0.20292676235387827,-18.328741982648616,0.51320123846295,0.24551814302992642,0.1810115540269725,0.4656393798325953,0.3017920512021358,0.451,0.28500000000000003,False
26137.0,0.8632851867655338,0.12037730855499751,-25.63973923429072,0.7601853969211385,0.2549704127998731,0.16529973475497345,0.49066021048603575,0.29569811260198464,0.488,0.245,False
26139.0,0.9746337562871368,0.05835409737098845,-35.77715982985401,0.7196614213488589,0.6896334351162117,0.1302598892168801,0.20566439835450415,0.19587167141775286,0.203,0.1259999999999999,False
26140.0,0.9433520726132869,0.0773595566083358,-31.83007623146043,0.6505537119586112,0.6844030624549292,0.18682785914874497,0.16914815588728446,0.29370270088690564,0.15,0.20799999999999996,False
26141.0,0.9442950156892572,0.07837242823647268,-31.64796331792018,0.4738613519678086,0.14794093529768088,0.20508003826042814,0.45792142396991375,0.09690818543649082,0.41,0.05900000000000005,False
26142.0,0.9633592961694134,0.06496607889671416,-34.27446011804702,0.6268079170477724,0.4942211895767411,0.1778892646101288,0.2959394038189621,0.10407425163023287,0.276,0.028000000000000025,False
26143.0,0.9157565142333388,0.10606667313120276,-27.411623471181862,0.5621545125883373,0.5747860085175163,0.17044719430424563,0.3305082007333282,0.3559818310456352,0.318,0.33099999999999996,False
26144.0,0.8965320831188058,0.10941181320993483,-26.976909782204338,0.7666097428916726,0.5307875383834861,0.14620638406901,0.4448024052674209,0.27179495535612297,0.44299999999999995,0.21400000000000008,False
26145.0,0.9534633427820675,0.07693781559437593,-31.906608823233505,0.6997335324371573,0.695641896345901,0.14387950619966136,0.1928522634841677,0.24886652343019633,0.188,0.17900000000000005,False
26146.0,0.9729871848012345,0.05885143120264304,-35.658347764985734,0.772906784675005,0.7332634151726684,0.110825234112714,0.30743848166331,0.2775327069827017,0.307,0.2240000000000001,False
26147.0,0.9091856975180646,0.1185096019664547,-25.85865809411606,0.6292094637458397,0.5415944593895742,0.13310679018452465,0.3012470968836538,0.14074613603483366,0.29600000000000004,0.10599999999999998,False
26148.0,0.875325030653731,0.1159418377702095,-26.165332570110174,0.555758940979142,0.45490797174654957,0.22160027392889586,0.28883007880286604,0.16712979780812898,0.23800000000000002,0.08700000000000008,False
26149.0,0.8453574731731651,0.1392975865505074,-23.59599813458848,0.4422389568260812,0.3271315955916796,0.19532988375985488,0.3917870778898028,0.25741222997516133,0.353,0.235,False
26150.0,0.9917825911936259,0.037641545128853385,-41.91505680895584,0.6443428460877205,0.6175872627006129,0.11286465057315398,0.18835320955023357,0.1312238228268533,0.18600000000000003,0.10199999999999998,False
26151.0,0.49581332107217946,0.20694371322073246,-18.054318153012627,0.4737970294231784,0.034363716318263404,0.3674473481806331,0.4941899789091824,0.29446350728609927,0.41700000000000004,0.22555555555555562,False
26153.0,0.9822240364104966,0.048280403706813906,-38.43021329408683,0.6316246653452479,0.4845740688157208,0.15604454002340168,0.3507311053825491,0.14088590620294883,0.341,0.09200000000000008,False
26154.0,0.9846537187757721,0.04512982157602577,-39.37496826189611,0.481707778079618,0.42883158168766866,0.15612222165286851,0.2691010111610958,0.15963716083593693,0.242,0.138,False
26155.0,0.6774684765238322,0.21232121967091458,-17.69516949489375,0.5365412871455625,0.19381589615552192,0.21924251198717118,0.4665110725581231,0.24257531443127567,0.43799999999999994,0.20400000000000007,False
26156.0,0.8904843721425182,0.11864425057456846,-25.84276056012322,0.6433827587441684,0.6358295982000588,0.16916269289801567,0.2907708624965579,0.3195224178120313,0.281,0.2709999999999999,False
26157.0,0.8062029686507137,0.15252669393707916,-22.325819184593815,0.5376792488955953,0.4718695679957154,0.21754033886743224,0.34971818710155855,0.2971880111376941,0.316,0.2509999999999999,False
26158.0,0.6487541351998405,0.2281315315053712,-16.68966093318356,0.3840502340857204,0.44070123640143855,0.18490787182926535,0.3838385770019675,0.40262974556897,0.35600000000000004,0.394,False
26159.0,0.96340308909868,0.06895688268459516,-33.4398340167349,0.619964618562955,0.552862552669609,0.16106791302961163,0.2744921171161516,0.19070313582058496,0.262,0.139,False
26160.0,0.966557980840289,0.06268770534356641,-34.77425912633414,0.5310845440044114,0.5427094306321347,0.18399950504618223,0.32407658983796883,0.34356139384211115,0.304,0.31599999999999995,False
26162.0,0.46430487045393865,0.22961239543123255,-16.599076804938058,0.4759253364195331,0.44794584236932444,0.3128724060345706,0.43545360757373086,0.4211272330686935,0.39666666666666667,0.387,False
26163.0,0.8437912782618326,0.16134672551316484,-21.538795169994145,0.7745266397951355,,0.07751212954721443,0.5010173382927869,0.1396005203778119,0.501,0.12,False
26164.0,0.9333304766667126,0.09355897661487957,-29.16828585843043,0.6024550907400911,0.6020514767378164,0.16810515119223687,0.10650737722148991,0.15454800019703718,0.084,0.08299999999999996,False
26165.0,0.723190927917858,0.22189266497613816,-17.077861071789812,0.137395819936296,,0.034869967792419035,0.9269999999946745,0.36237351640662796,0.927,0.368,True
26166.0,0.8433117935942386,0.135962907359517,-23.935224386299375,0.48615097377573124,0.36513446748504397,0.19702471698165452,0.4129365294500477,0.3148905924945776,0.38799999999999996,0.2929999999999999,False
26168.0,0.979585674308155,0.058217922919682634,-35.80986824788948,0.6657248294594622,0.675323595105526,0.11876807852278067,0.18026864568785497,0.23800107649693214,0.17800000000000002,0.20299999999999996,False
26169.0,0.7166334261298078,0.19482916917019985,-18.89885023883439,0.45702945483302493,,0.22801319799955486,0.5565795557396646,0.27851404275933944,0.532,0.2609999999999999,False
26170.0,0.8653215233114163,0.12932184449941245,-24.636314884279297,0.6636727473195173,0.6305027746073132,0.17153505594047286,0.21357998811262568,0.2179324720654534,0.2,0.1359999999999999,False
26171.0,0.8296303985969453,0.12492422153075852,-25.120671345697563,0.6173678048822411,0.6002492365928426,0.2512345128726626,0.36948588818511746,0.39082313382438527,0.344,0.33299999999999996,False
26172.0,0.9395519700611688,0.0794648182862219,-31.45417249570839,0.6758762235704614,0.7123652458439769,0.18585338945244814,0.30511450402882634,0.387422959871204,0.29555555555555557,0.3320000000000001,False
26173.0,0.8481781562836402,0.14418806312004062,-23.11291572619282,0.5456015632571548,0.5448512466187965,0.18720375066336353,0.05333951071640387,0.08095274272226427,0.002,0.0,False
26175.0,0.7558975494981272,0.15844205009040696,-21.793129139255374,0.5484883063768508,0.3697670034581082,0.2490548107352421,0.4296601603355027,0.33620866999488785,0.39899999999999997,0.2929999999999999,False
26177.0,0.982550215929284,0.045967389690718494,-39.11752275127461,0.5671854897002223,0.5199309045287054,0.16983108560593896,0.181489866331707,0.10123944265869766,0.154,0.04299999999999993,False
26178.0,0.9448374195637423,0.11264614708623889,-26.569053412908715,0.7489032122885485,0.7466857258274955,0.03698062594696423,0.32200000058839373,0.31141241812250153,0.322,0.31099999999999994,False
26179.0,0.9206479132931625,0.09271347789942716,-29.295379940486804,0.47905622106412216,0.05670920286890069,0.18743371316670715,0.4874021144724867,0.036972341510573825,0.44799999999999995,0.0050000000000000044,False
26180.0,0.7027285741030806,0.16448352331257055,-21.269228264376537,0.23265542369331663,0.061123634247914754,0.23973334161265164,0.46311359827214404,0.06471112885223551,0.27399999999999997,0.03777777777777769,False
26181.0,0.9422718321622142,0.08172142061358477,-31.062147753754665,0.5774200301311322,0.4383498962765554,0.1898465792435543,0.3074539841753739,0.10123941935487935,0.276,0.03400000000000003,False
26182.0,0.7509509379765811,0.20463722369058843,-18.211231112573905,0.7053647505349392,0.6775547110060237,0.028954858152884046,0.36222222223532174,0.14001895741484982,0.3622222222222222,0.14,False
26183.0,0.9222927839938899,0.09554593806427475,-28.87407368421031,0.535482200441724,0.35761642269876576,0.19921589564875844,0.39225189707290126,0.20505123658101432,0.36200000000000004,0.16299999999999992,False
26184.0,0.8958090990037588,0.09854227875397717,-28.441774357530853,0.6040647678253364,0.47220927008554825,0.23743652819212066,0.3663529999392473,0.2817085324013584,0.33299999999999996,0.20900000000000007,False
26185.0,0.8536743126683709,0.1545835192457469,-22.138290514859886,0.24175065423451134,0.24175065423451134,0.0,0.35200000000000004,0.367,0.35200000000000004,0.367,False
26187.0,0.9799456125558302,0.050045884866226305,-37.92740995878698,0.6118037467855086,0.5642298636740322,0.16618847330198558,0.16722046402013535,0.10258424326837257,0.147,0.030000000000000027,False
26188.0,0.9325242740935615,0.08831337468109998,-29.97609199880435,0.752390944553434,0.7468148914285198,0.14774787138703746,0.04353076254259113,0.16853245765055758,0.03777777777777778,0.020000000000000018,False
26189.0,0.9421715357279209,0.08157927904775854,-31.086519754955653,0.6592461890180907,0.6603297193659695,0.17390605825243033,0.3460872488963047,0.379653314969429,0.33899999999999997,0.33999999999999997,False
26190.0,0.5899088517317874,0.20983021106162206,-17.860392316649897,0.5052600098362025,0.38102824477324926,0.3107730189302861,0.36184765872232727,0.24958968114252045,0.266,0.1509999999999999,False
26192.0,0.8025255869408643,0.1449932780995096,-23.034950537987577,0.6412866577828165,0.5946081853168004,0.21844298093270179,0.19836653719256891,0.20241476781822543,0.16,0.07900000000000007,False
26193.0,0.9211511130414178,0.09733226746629156,-28.614746025829938,0.4504198136079143,0.5484104200292161,0.1943755906522946,0.941306932684426,0.9105659954201045,0.997,1.0,True
26194.0,0.7755008605104614,0.16734025601255642,-21.02816509509806,0.7703772089838911,0.6249709523473905,0.12145597442082337,0.4265602242519901,0.29684572829860856,0.426,0.255,False
26195.0,-0.08881955392723029,0.3227298873141596,-11.833153949298431,0.3946902903076087,2.9685194245028734,1.0,0.6564767697577488,0.4116777469731836,0.755,0.524,True
26196.0,0.899983844206193,0.11582970799039426,-26.178878814837823,0.57143885353694,0.31228065911154196,0.17777918250144154,0.4570483076784889,0.29155642712876517,0.446,0.268,False
26197.0,0.7499514551877478,0.15219209015521107,-22.356565269663008,0.6398600809885743,0.7010422840265393,0.27054765742053943,0.18617808230492858,0.3434055137609813,0.1288888888888889,0.20400000000000007,False
26198.0,0.2645256048384591,0.2844162223796782,-13.602431587490997,0.519650306143145,-0.20887974259342967,0.48900198790399485,0.4875931896805127,0.5891418372675163,0.532,0.631,True
26199.0,0.8766996950461861,0.10362335652224139,-27.737895357142655,0.5266000138994971,0.5769914578743076,0.2611083993405199,0.3075008810296064,0.3607011857739113,0.255,0.29799999999999993,False
26200.0,0.9666351770209546,0.0629620227011291,-34.713129680735555,0.6849505849628569,0.6421914428366906,0.1566036489423037,0.1659074814004852,0.14190683574615637,0.156,0.04799999999999993,False
26201.0,0.9353782883909332,0.09520623286829155,-28.923938152313397,0.5494754307390053,0.48068007471472457,0.1580346890389765,0.36791120594827365,0.29888903826019875,0.35700000000000004,0.279,False
26202.0,0.9442177067620663,0.081142894516846,-31.16160968210061,0.6445047158787802,0.3236044740977701,0.1713112726047052,0.4543773326586184,0.18806454511605186,0.445,0.14200000000000002,False
26204.0,0.8566414330889245,0.13979697503692948,-23.545897220894243,0.8066948884323987,0.7102575185333476,0.09955474082017106,0.3551594331783696,0.18411824991080505,0.355,0.118,False
26205.0,0.6559453293906863,0.182920503259127,-19.781850805208435,0.3055608382655648,0.3633853862417917,0.2819396486432907,0.3365295567639345,0.2970111348842981,0.198,0.254,False
26206.0,0.9426701227707067,0.08351149896941835,-30.758793221574514,0.46011404288784896,0.34957873905563175,0.18611386157148932,0.3304756259693709,0.1387884466745497,0.28300000000000003,0.10699999999999998,False
26207.0,0.9375964675280923,0.08731038791762602,-30.13600165048296,0.5297394611226282,0.349131041349456,0.1884036007227151,0.3822744674911508,0.15465723689532873,0.35200000000000004,0.1140000000000001,False
26208.0,0.9726778329745501,0.0652187952344123,-34.22010613575044,0.6987344950846023,0.6496688793443326,0.11437323625024866,0.24941685047724904,0.15579928583816893,0.248,0.11299999999999999,False
26209.0,0.9749588338872666,0.05961759132891572,-35.47726428709728,0.5448515533194268,0.39656920851135313,0.15072119584920543,0.34908563826241445,0.08189287544437596,0.33299999999999996,0.05333333333333323,False
26210.0,0.9352804425353998,0.08200282782862717,-31.01402165236552,0.5528336503424485,0.4882912816498226,0.21196932649661243,0.20322908362361844,0.11021305639610623,0.146,0.020000000000000018,False
26211.0,0.7268062377494282,0.15660732668837515,-21.95619194720881,0.6900954615962227,0.5409832842129101,0.24199209921006087,0.3632215513737896,0.30045795372941253,0.33799999999999997,0.19999999999999996,False
26212.0,0.912003641129733,0.10716314431902932,-27.267640494347095,0.46273877421395904,0.2641613420599056,0.1649351475719008,0.4390152062131903,0.24300861033034393,0.419,0.22999999999999998,False
26213.0,0.9206541905502695,0.0863951664873324,-30.283529674389406,0.5529571458540568,0.3427089441223997,0.2370392436114102,0.37457080372810236,0.14426356983826172,0.32,0.06299999999999994,False
26215.0,0.9194642567907774,0.09328016660338813,-29.210068784545008,0.5580053630054413,0.5221736200040088,0.20948702186863746,0.21958306388293153,0.1893195606137439,0.17300000000000001,0.11199999999999999,False
26216.0,0.879272050247876,0.12614729728825055,-24.98427040197315,0.5581131519682787,0.5056861821554827,0.1872184998092575,0.20879546692056056,0.13172451420252518,0.172,0.06599999999999995,False
26217.0,0.9353213752797538,0.08119332562618256,-31.152911246806227,0.6164889041486498,0.5787885696842042,0.2090362985273434,0.19808203959341802,0.19657439492423134,0.161,0.09400000000000008,False
26218.0,0.9398583290311218,0.0844758517847793,-30.59805388418617,0.6038538274365634,0.39325216199602187,0.17986723697572998,0.38934444955520764,0.13824488634651577,0.371,0.08400000000000007,False
26219.0,0.9327907285560223,0.09319294215927815,-29.22316603287969,0.5145012192086462,0.20608849688676928,0.1807174628913963,0.46849300274616273,0.2503439827651154,0.451,0.22999999999999998,False
26220.0,0.9678332817875508,0.07281647453968482,-32.67738271062773,0.6015374293102619,0.5176276052456157,0.12305097125891185,0.32498483022578434,0.16612264030701174,0.321,0.1459999999999999,False
26221.0,0.9111067305079823,0.09921340492473106,-28.346750009433407,0.5737115091194622,0.5373963718699835,0.1974476775837038,0.1315180045342833,0.09480021829741037,0.084,0.0,False
26222.0,0.9787862971000589,0.055616887215114236,-36.44975755731026,0.5707461240596934,0.4293882295904012,0.15136098907839482,0.33436513347960456,0.07735257496984294,0.32,0.04200000000000004,False
26223.0,0.13852460802287125,0.31597302846237524,-12.1293779080723,0.6186090077883873,,0.646466422920129,0.8073471507017458,0.13813987294109342,0.7659999999999999,0.08499999999999996,False
26224.0,0.952084670998636,0.07554534101471032,-32.16231163635847,0.6543465571234547,0.36342050498434275,0.1697551662462591,0.43086865534666235,0.11649865992442976,0.42,0.05599999999999994,False
26225.0,0.9621782754879128,0.07026448189217123,-33.176843817156175,0.5944074895501034,0.537928612595226,0.16196411290633322,0.22741540883163666,0.14196995386395594,0.21,0.08900000000000008,False
26226.0,0.9341362081641604,0.08379517520375654,-30.711317876000926,0.4039763713206989,0.17421072484803968,0.20679001073838862,0.44564677652288615,0.1922311757169448,0.391,0.16888888888888887,False
26228.0,0.9536890588375905,0.07459460973975655,-32.33961841835105,0.5252656027609722,0.5239221026036351,0.18741746937697742,0.13086060874245642,0.14158205053631323,0.083,0.07999999999999996,False
26229.0,0.9635627317558106,0.07945325509995757,-31.456209829845868,0.6858885052409992,0.5695087986233576,0.08531132287619388,0.42012664816711937,0.19665043972250174,0.42,0.18700000000000006,False
26230.0,0.9404375552801457,0.08786335206213625,-30.047614843903368,0.578123572191684,0.10825759268369634,0.17095415278159137,0.49047192116478205,0.19927377699012294,0.479,0.17200000000000004,False
26232.0,0.917791781746878,0.09071222776781619,-29.60088361596629,0.4250586088610562,0.3311186397475693,0.22593559160917673,0.3498459081414199,0.20019485460858366,0.275,0.15900000000000003,False
26233.0,0.855664083048052,0.12743838432800447,-24.84171207909601,0.45753143456177087,,0.22213765485400494,0.5425243211162006,0.19684735068821713,0.506,0.17099999999999993,False
26234.0,0.9180053900047512,0.10342280949523316,-27.765016451053015,0.3190490279542127,0.11648919838582483,0.14642351935166073,0.4576108908229172,0.16106083525851855,0.414,0.15700000000000003,False
26235.0,0.8634709471078789,0.11332135553239515,-26.485386989457613,0.5834505091381686,0.4781237753274685,0.24922432816966333,0.275078340437413,0.1745150371789952,0.21100000000000002,0.05900000000000005,False
26236.0,0.8716769451538433,0.12179635691121245,-25.475667683988974,0.6221056365236532,0.455488105319657,0.1783323171156817,0.36218469063004965,0.1665636307482966,0.34600000000000003,0.10799999999999998,False
26237.0,0.9892881013179564,0.03711709188381654,-42.11148804892484,0.5424785373159348,0.5459751199976457,0.1509290686927185,0.12778161550977593,0.1517643355449526,0.107,0.11599999999999999,False
26238.0,0.780383867761115,0.1690749346852584,-20.88378566558544,0.5579154420879391,0.3889183463250981,0.20192378255348023,0.42205348000993237,0.3083278219211756,0.40299999999999997,0.2759999999999999,False
26240.0,0.912571586654348,0.11906098176767267,-25.79367251420033,0.5766567505643786,0.5394852729693584,0.07737572191762604,0.2134352401358668,0.03914540095712171,0.213,0.03599999999999992,False
26241.0,0.9094877665373444,0.10531280095372923,-27.511484210061354,0.5972616307252814,0.5620248924100543,0.18775987343532144,0.15982744182521733,0.13625258659818107,0.127,0.050000000000000044,False
26242.0,0.9420560975130811,0.08486294221464961,-30.534048757784433,0.5542999822923979,0.43552521092374064,0.18248772022065282,0.36395888613351585,0.23563969055475376,0.34299999999999997,0.19900000000000007,False
26243.0,0.8859150809862335,0.13246614784971764,-24.29999415775168,0.6443267330008131,0.5998149359430222,0.08151275416595606,0.27722429198828114,0.12264547547063587,0.27699999999999997,0.11499999999999999,False
26244.0,0.9686711697339875,0.06749711017686895,-33.73938691900517,0.7597205584302251,0.7157454183901751,0.11467963929089664,0.2099516316780566,0.15166549294112053,0.209,0.07299999999999995,False
26245.0,0.9589121862306259,0.08172989913829365,-31.06069534154765,0.6326384076695828,0.5857245924375957,0.11276685314769372,0.3444406390770847,0.2766350901729213,0.34299999999999997,0.262,False
26246.0,0.9834601336370511,0.045941674274377654,-39.12535692611297,0.534055985575308,0.44026350093596944,0.16655176970183233,0.2473576859711473,0.047814432608635826,0.217,0.0030000000000000027,False
26247.0,0.9030825951163698,0.10744808337733851,-27.23046490756021,0.6641973787005495,0.6077337220598649,0.17527840873175723,0.24326070122791907,0.20877152367808405,0.22899999999999998,0.1259999999999999,False
26248.0,0.7969839618122789,0.1403066909234976,-23.494944440505797,0.5841044483117844,0.43627479106046774,0.2502257424254524,0.36083860181856114,0.24877156899933817,0.315,0.16599999999999993,False
26250.0,0.866481133596457,0.11982235090976463,-25.70443059043056,0.44356430431045085,0.274963824825533,0.22580528196733807,0.3820591972006996,0.14357214832929333,0.309,0.09699999999999998,False
26251.0,0.9379550516525157,0.080231543432234,-31.319739445294815,0.5806567607965895,0.5169181242781117,0.2106863305233661,0.19835126169791956,0.12430005233045527,0.149,0.025000000000000022,False
26252.0,0.9472165069817167,0.0742970124584638,-32.39558352135433,0.518724924899274,0.4375078299104923,0.21344581612934208,0.25096594841431,0.11772193898179117,0.18899999999999997,0.04500000000000004,False
26253.0,0.8720835768343453,0.1533010971502372,-22.25491870745102,0.291435205109522,0.6825594843672074,0.023282192103345287,0.5539999999999867,0.6649991980366335,0.5539999999999999,0.665,True
26254.0,0.987932861839577,0.040851368133101806,-40.769409532491814,0.5283520126665026,0.5227388383840288,0.14157046034340387,0.16775732621626568,0.16156359115664776,0.1511111111111111,0.137,False
26255.0,0.7127896321764908,0.19285013217937774,-19.04178672499478,0.46039034302631354,0.4252764248810219,0.2055636594042773,0.4194628827872908,0.39406256700767883,0.39799999999999996,0.379,False
26256.0,0.8923262007247627,0.1185552190713639,-25.853270205066853,0.6418666726842008,0.7226333888509572,0.15866036471769968,0.31717698317925763,0.41551295639234265,0.312,0.387,False
26257.0,0.9971945668882449,0.023157657053576895,-48.71601712838279,0.5477476463704449,0.5486740405571997,0.05743519440372136,7.15654013881415e-05,0.008377271506310624,0.0,0.008000000000000007,False
26258.0,0.9658331541992878,0.0670291851688507,-33.8367801686283,0.6142656429125651,0.3759877713421726,0.1499567932569758,0.42862478327491416,0.14605913196433185,0.42100000000000004,0.11299999999999999,False
26259.0,0.5979019669243415,0.210116671409401,-17.841292541614838,0.28544500507533055,0.275161826897208,0.018582313854004242,0.2930001208750791,0.1399999999999999,0.293,0.14,False
26260.0,0.9012815494824444,0.11582732662657155,-26.179166646317434,0.3881586759531531,0.4032458866000478,0.1660884667531739,0.20317219133852576,0.1907408335154993,0.14300000000000002,0.17400000000000004,False
26261.0,0.8826143621381457,0.12983703365417054,-24.580652830799657,0.3565545545679313,,0.13760025636304316,0.7962653242957041,0.0020210290010694854,0.7809999999999999,0.0,False
26262.0,0.9666546113740238,0.05961360688309862,-35.47819998584553,0.5034351307331684,0.4102311150347173,0.204630127919242,0.2927252387925091,0.14437937593072325,0.24,0.08999999999999997,False
26263.0,0.9519304475675194,0.07791896711596488,-31.72920225608044,0.47710199388328633,0.2737087639593234,0.15591322421380932,0.4043934564679773,0.0731485745792857,0.379,0.05400000000000005,False
26264.0,0.9046598589182813,0.1127377387707572,-26.557674749798284,0.6040187675566843,0.41293096301563925,0.1593616400036053,0.4258202669825394,0.25523354012577326,0.418,0.22799999999999998,False
26266.0,0.9557651924456105,0.07386058299146811,-32.47806366949801,0.5675910980209139,0.488948424371995,0.17430158968557968,0.2937397412569865,0.1872477320403495,0.272,0.14200000000000002,False
26268.0,0.8616086288903312,0.13434120113273396,-24.103214134693133,0.564582685851099,0.4894529126880463,0.18057296608460424,0.3041544219743233,0.2133552034068883,0.281,0.16799999999999993,False
26269.0,0.9855608448871145,0.048708215274535734,-38.306706003120894,0.3037318461352994,0.209950567688816,0.024571216837922665,0.48900218766395104,2.523536934972981e-13,0.489,0.0,False
26270.0,0.9712917859460153,0.08399210522380503,-30.678454579812723,0.5248816383019385,0.5222114898925811,0.011966056799003907,0.1,0.0,0.1,0.0,False
26271.0,0.962211850063942,0.07525250781954501,-32.2166846916404,0.6682649782898938,0.5893128510709306,0.12393245618913139,0.3371615031539439,0.21869966225013382,0.335,0.18799999999999994,False
26272.0,0.9615729317355075,0.0656090436105595,-34.136584256635665,0.3921694452603339,0.4465452955685796,0.187823380148326,0.204573859647552,0.25020903773663306,0.134,0.22599999999999998,False
26273.0,0.9637431487594785,0.06849630308011714,-33.53365706725175,0.5361487054213792,0.4803971264558179,0.16882053714620995,0.20886522851272088,0.09837120242051234,0.17800000000000002,0.052000000000000046,False
26274.0,0.9771631547968957,0.06373425766141395,-34.542462897154394,0.2681838755473184,,0.10312819528604783,0.7533133204462428,0.00021930824983695807,0.735,0.0,False
26275.0,0.9854249100970702,0.04984564168376913,-37.98353901009578,0.5437724983244058,,0.08547131400990804,0.5263101143200468,0.29486103236556027,0.526,0.29400000000000004,False
26276.0,0.9134957132493418,0.09564393548830373,-28.859721835641523,0.6175929410324148,0.6060183392242184,0.20944699181623633,0.1840543008929602,0.22844782617480774,0.14800000000000002,0.128,False
26277.0,0.897659006845763,0.1131047297375843,-26.512175087207403,0.5046047179040912,0.4364930063088819,0.19624392521527875,0.22244513878090677,0.0860005061050445,0.165,0.025999999999999912,False
26278.0,0.9614506652836068,0.06484526744692891,-34.3005188691956,0.4566731498575679,0.26888594248733977,0.20083486326740457,0.40098772521275017,0.15589592926851703,0.35200000000000004,0.123,False
26279.0,0.9286141206566528,0.09163066338016128,-29.45985034365158,0.6009495690406123,0.5345174486942362,0.18167505270549855,0.22677167559577388,0.14204719239022245,0.201,0.06900000000000006,False
26280.0,0.9765690987643141,0.05327647531996722,-37.05164572379904,0.6087174769688414,0.6107732709222639,0.1695115411366922,0.09861534883881207,0.15734059727216665,0.076,0.08111111111111113,False
26281.0,0.9517482947086666,0.07833278943433021,-31.655045956904118,0.5877496346765082,0.5583331369242441,0.17314105075056524,0.2742382478149516,0.2569397946139066,0.257,0.21200000000000008,False
26282.0,0.7093226926982068,0.19870980763656293,-18.62273680276485,0.6206355219009122,0.5179265693796157,0.1974437924439796,0.3488574203535064,0.272234756888061,0.33,0.21400000000000008,False
26283.0,0.7981024257845872,0.13102532436108827,-24.453105222227922,0.4988503703699846,0.39165541291954276,0.29027668706180065,0.3762929603769992,0.28780204617761584,0.303,0.21499999999999997,False
26284.0,0.9750181316650527,0.06219086708292538,-34.88565970074829,0.561181354585713,0.32853558367794267,0.1327872313261073,0.43050131184323803,0.07444921258520631,0.423,0.05599999999999994,False
26285.0,0.014344845477137103,0.3498796663467724,-10.702323916739616,0.5230270372603602,1.0357720907685066,1.0,0.5270650646840482,0.4991107571105201,0.568,0.5388888888888889,True
26286.0,0.8711480553362663,0.11049435845136418,-26.839071396930336,0.5607809395891113,0.5069054740445115,0.24801752695506232,0.25956977332507103,0.22047276884457712,0.195,0.121,False
26287.0,0.7564271574841229,0.1437044261280742,-23.1599535928264,0.46820712064570097,,0.27778313753734324,0.5855064832809105,0.18350078100298828,0.535,0.14200000000000002,False
26288.0,0.8186159780797502,0.15596759595127122,-22.01349816198151,0.5750313550795099,0.5097489338799455,0.15732832496503305,0.3360924504519549,0.26267822934705676,0.325,0.235,False
26289.0,0.8433097143407497,0.13547608965744287,-23.98544160056355,0.5281647068679685,0.4651065404996853,0.21307279806328205,0.30270718839343147,0.23163098860519804,0.259,0.17599999999999993,False
26290.0,0.9756449441643913,0.053100483930363894,-37.09796932093436,0.5907135490211776,0.5616227934159939,0.1794041093654103,0.12288377648229108,0.10148343473761234,0.091,0.019000000000000017,False
26291.0,0.725227124380309,0.16014200075129723,-21.643720937129835,0.6752885714473829,0.43575066215666025,0.2483030385627582,0.4030070948284997,0.26842930820795696,0.375,0.17200000000000004,False
26292.0,0.945461598528314,0.08656971548137779,-30.25527322465959,0.5091667822323177,0.4277777761709698,0.1600844071200402,0.27745488481396513,0.11552198339337805,0.251,0.08599999999999997,False
26293.0,0.9286004968260313,0.09454349699227278,-29.021733706484056,0.6335564640315317,0.5452256975568485,0.16994064247183494,0.24980744158042897,0.12528048096252253,0.233,0.050999999999999934,False
26294.0,0.8495409228604098,0.13903814141487184,-23.62209778753224,0.5515086515853357,0.4851767784042098,0.19953037706002574,0.2563232962499493,0.16897063118796707,0.21600000000000003,0.10400000000000009,False
26295.0,0.9644596332040635,0.07109603931979054,-33.01213109291653,0.6526838247887466,0.6413578958983245,0.13716568484356073,0.11200950169979945,0.13167836315361858,0.105,0.07099999999999995,False
26296.0,0.8076886705817623,0.165704598478569,-21.16568044343717,0.8022605939937707,,0.09103843042097705,0.5480186079928748,0.3397861574258154,0.5479999999999999,0.32700000000000007,False
26297.0,-0.054294805169471605,0.28469155614355635,-13.588885214939076,0.3709230871625458,,1.0,0.7106545814136154,0.26281453634865426,0.66625,0.22499999999999998,False
26298.0,0.9452494884398609,0.08067493158904723,-31.24258344637144,0.6420140919833812,0.5016087045323673,0.176593410447177,0.2990871376327891,0.09693083179893391,0.281,0.015000000000000013,False
26299.0,0.8920245638615527,0.11583347597010869,-26.178423397493503,0.53777599614535,0.4223808702617527,0.19632144241110572,0.34644049018484696,0.21191823304440494,0.315,0.16700000000000004,False
26300.0,0.8877865128910023,0.11503977224375592,-26.274683107365377,0.4830655407050101,0.2919420389260511,0.20890299513934787,0.40205093842095774,0.18183195041499933,0.35700000000000004,0.14300000000000002,False
26301.0,0.9865477148579018,0.05136808332485408,-37.56233544926004,0.6831708940717044,0.6877944286036541,0.0904694858294901,0.21928775503388395,0.2490310929321622,0.21899999999999997,0.23299999999999998,False
26302.0,0.613549938052042,0.2104170884406789,-17.821290156289862,0.36385207324161745,0.43505080512860517,0.27182394931995646,0.3545531610492554,0.3587510283509916,0.27,0.32299999999999995,False
26304.0,0.8785194931470945,0.12042073415387404,-25.63468970495051,0.504634302061896,0.3883049452662066,0.2046981795864779,0.33313621007537064,0.17209873130333242,0.287,0.12400000000000011,False
26305.0,0.856380665905526,0.11803825725183772,-25.91445090289389,0.6208546373335658,0.4980850298570663,0.2265472134282551,0.3571905876021077,0.27944543647659414,0.32899999999999996,0.20599999999999996,False
26306.0,0.22034523598729172,0.33803703198234414,-11.184397583917278,0.41861106292538863,0.3221915890677582,0.4643602813975354,0.47686826396985527,0.4522408149556266,0.435,0.42000000000000004,False
26307.0,0.9783164801729625,0.05236894221984626,-37.292181967438395,0.5204263514339132,0.4100493795798655,0.16993450149233766,0.2860358344876384,0.06925315884942818,0.254,0.029000000000000026,False
26308.0,0.9124507416530876,0.09821259715792366,-28.48869107705741,0.5374807161205613,0.24902924243703478,0.19626875553524786,0.4689419887313835,0.3212902384034768,0.45399999999999996,0.30000000000000004,False
26309.0,0.9476218277966937,0.08053257145313382,-31.267309868941894,0.500945323446042,0.42239524615430946,0.17723175506268485,0.2771794323902621,0.1325556539830529,0.24,0.09499999999999997,False
26310.0,0.9183883589313255,0.10748409333329993,-27.225773758976572,0.5925979631391849,0.5413215936310011,0.1552272550334502,0.1680017067927724,0.06956019097706467,0.15,0.013000000000000012,False
26311.0,0.9458227346111195,0.0855134652441475,-30.427139980852488,0.69118081738455,0.6574982539434039,0.13999009701544923,0.12024639169287568,0.09600920720873596,0.114,0.009000000000000008,False
26312.0,0.9131635329047394,0.10140274997344617,-28.0411709539472,0.6317821404208402,-0.040370924945802966,0.1844474714701887,0.5018957169797222,0.23155090809621315,0.49200000000000005,0.19400000000000006,False
26313.0,0.9245803869579745,0.08429593489980854,-30.627902917525645,0.6185814794167404,0.40584041290583306,0.22647544213552526,0.4061106984640727,0.2598454740873801,0.38,0.19299999999999995,False
26314.0,0.8717210371415007,0.11869619769516335,-25.836632150867704,0.45762779177037094,,0.2195859360657106,0.6173853962874265,0.27713868571178035,0.603,0.267,False
26315.0,0.8673388348994162,0.11706151435530678,-26.030780060807803,0.544849722437412,0.5079837103536028,0.23376849551156545,0.2730522332073788,0.24717645591674975,0.21899999999999997,0.17099999999999993,False
26316.0,0.9628708708753894,0.06710728600667838,-33.820477192359945,0.40127426384819037,0.3238329242171484,0.1684178184356116,0.35539496180159397,0.2202822415985819,0.315,0.20700000000000007,False
26317.0,0.8448308704757521,0.1196919807711524,-25.71967128277673,0.6651153513544823,0.6076744426854648,0.23670381548075745,0.25268714294811,0.264280513840087,0.21600000000000003,0.138,False
26318.0,0.9588406511093313,0.07328826950017933,-32.58696603800449,0.6480825360936037,0.5968163322411285,0.160281340032901,0.2506514582164103,0.20388911344628757,0.24,0.14200000000000002,False
26319.0,0.9707547850287229,0.06340023142183356,-34.61602874302557,0.6879798372238545,0.675569398185061,0.13620663816482353,0.2000527122693723,0.2255332931800913,0.196,0.16700000000000004,False
26320.0,0.9014828435289375,0.09936548566564439,-28.32530633248752,0.5896497408210718,0.4564644005745625,0.22844685678206733,0.3690152333829512,0.27274958401950955,0.337,0.20799999999999996,False
26321.0,0.8816314419712642,0.15529828765887402,-22.073706048735787,0.7941051356919187,0.7460691914083093,0.031049674139372548,0.41400000000382803,0.09664528930972471,0.414,0.09599999999999997,False
26322.0,0.9880400832035249,0.0425139247181094,-40.21093062803291,0.6791631703702798,0.6766218191935467,0.13002832942901502,0.04893765526622358,0.10699702367247965,0.044000000000000004,0.03500000000000003,False
26323.0,0.976821429214335,0.053178748308015805,-37.07735002472544,0.5548581718556639,0.3262411140731793,0.16762974986054932,0.4173013381281196,0.14113055537478647,0.4,0.10888888888888881,False
26324.0,0.9578814248779682,0.06949070868876225,-33.33187112591856,0.5863668453034369,0.4372167273095014,0.18887936639138778,0.3042057517122422,0.07317848230833757,0.273,0.0,False
26326.0,0.9705593128718821,0.06108496234559353,-35.136853819737816,0.703771431580188,0.5601508682732382,0.13575890167344418,0.3855307790904681,0.2090250698168512,0.38299999999999995,0.16299999999999992,False
26327.0,0.6606804351422328,0.1911671731157103,-19.164497745625557,0.7751025938766046,0.5760163725828108,0.1820302967015964,0.4357809380626831,0.35803495334740143,0.43200000000000005,0.29700000000000004,False
26328.0,0.07506729387616984,0.30068601434497527,-12.823641805533988,1.0520032275759592,,0.9610873972761181,0.5322658266975183,0.4627840015949304,0.527,0.45200000000000007,False
26329.0,0.8584720656714471,0.1159991305062558,-26.15841616955428,0.6443891075747895,0.39157781948676446,0.2348033715375463,0.4062360055113485,0.22625169838563908,0.377,0.139,False
26330.0,0.8927369324324668,0.11217138611603972,-26.628182817706204,0.5558907152462829,0.5221627369858943,0.20475901091238483,0.18612312047998472,0.1531367413202045,0.13699999999999998,0.07200000000000006,False
26331.0,0.9499190773178661,0.0729036655141447,-32.660629037626016,0.5240533911289479,0.3940855537365441,0.2091797059822876,0.34163262735640526,0.17786344939785304,0.298,0.12400000000000011,False
26332.0,0.7003347388524288,0.15456477324761822,-22.1399883665414,0.6225759766347325,0.1984703454499036,0.28922792733720043,0.45596146881569055,0.18364110007383805,0.401,0.07099999999999995,False
26333.0,0.959593152746998,0.0773962583358452,-31.82343578056752,0.37324157759550747,,0.11870522952956608,0.633324222256502,0.012990349372820287,0.618,0.011111111111111183,False
26334.0,0.9084255178570693,0.11145324372509226,-26.718101607444595,0.6956301080920362,,0.028610227296818207,0.5340000000077768,0.18400676078336897,0.534,0.18400000000000005,False
26335.0,-0.05440557419348013,0.3219166816032892,-11.868475275867521,0.20869913595227785,0.04271399847801649,1.0,0.4983381617273874,0.46396663846170005,0.428,0.41500000000000004,False
26336.0,0.39949045160999663,0.26090662778621404,-14.810297570568643,0.40497795631782657,,0.3657026680877083,0.6867501922710029,0.22396338735997356,0.649,0.19900000000000007,False
26337.0,0.9480229112521084,0.07641126691898734,-32.002751692895224,0.6982068279784885,0.48983443543516825,0.16559181697147896,0.40470143349586524,0.20514015375594807,0.39799999999999996,0.1409999999999999,False
26338.0,0.5764722841953349,0.22209282047883613,-17.06523823919999,0.6105393483065251,,0.2340494335160146,0.9348560599487314,0.24043063009165588,0.971,0.2559999999999999,True
26339.0,0.9921929209591516,0.04472048081518844,-39.50253177916486,0.7289045429032217,0.66385112842663,0.02883490158570262,0.47800000000243864,0.2900191588900869,0.478,0.29000000000000004,False
26340.0,0.9195474994480117,0.09236153918226024,-29.34862481445228,0.7154659153861822,0.6437797444549109,0.17742096443583183,0.2752252718396576,0.24630014393074573,0.265,0.14800000000000002,False
26341.0,0.9148635314963558,0.10691688703955544,-27.29984904188308,0.816067656656591,0.770480791476341,0.0978070578547712,0.27613818871107304,0.21988036530242117,0.276,0.14300000000000002,False
26342.0,0.9592504903697384,0.06790773253701984,-33.654475175090624,0.5757397362878011,0.4507633850348676,0.1881721547536378,0.40884411194706144,0.32533957214132425,0.395,0.29599999999999993,False
26343.0,0.9602546104569052,0.08018968939284894,-31.327044669851027,0.629156592809985,0.5401889203737038,0.1092929914708536,0.3228375354426044,0.11495415392144159,0.321,0.09599999999999997,False
26344.0,0.8781851571033857,0.13639160658102378,-23.89115099114245,0.3975904539353803,0.35913992177861387,0.1531718236296361,0.1727096528744935,0.017078139973669915,0.111,0.0,False
26345.0,0.9491618660243807,0.10413488504981439,-27.6689554796877,0.6876417820057538,0.6871598511334174,0.04766255719540809,0.008000536415560765,0.004407388233927834,0.008,0.0030000000000000027,False
26346.0,0.910286950026869,0.0986046677346733,-28.432913497401287,0.7194111040842059,0.6026526400452263,0.17393809649856898,0.2797468950354953,0.16148127952915892,0.26899999999999996,0.04799999999999993,False
26347.0,0.9085952904643926,0.10080993570521618,-28.12325703577615,0.5405218418817294,0.2847184447860584,0.18074377794162277,0.4614901529085671,0.3090413836287915,0.449,0.29000000000000004,False
26348.0,0.8411771622611484,0.13642281265531808,-23.887948190914738,0.5618267900860471,0.5964151344056509,0.21148295200069106,0.24956226395155365,0.31694882457182283,0.215,0.258,False
