,ParticipantID,1_AQ_qn0,1_AQ_qn1,1_AQ_qn2,1_AQ_qn3,1_AQ_qn4,1_AQ_qn5,1_AQ_qn6,1_AQ_qn7,1_AQ_qn8,1_AQ_qn9,2_AQ_qn10,2_AQ_qn11,2_AQ_qn12,2_AQ_qn13,2_AQ_qn14,2_AQ_qn15,2_AQ_qn16,2_AQ_qn17,2_AQ_qn18,2_AQ_qn19,3_AQ_qn20,3_AQ_qn21,3_AQ_qn22,3_AQ_qn23,3_AQ_qn24,3_AQ_qn25,3_AQ_qn26,3_AQ_qn27,3_AQ_qn28,3_AQ_qn29,4_AQ_qn30,4_AQ_qn31,4_AQ_qn32,4_AQ_qn33,4_AQ_qn34,4_AQ_qn35,4_AQ_qn36,4_AQ_qn37,4_AQ_qn38,4_AQ_qn39,5_AQ_qn40,5_AQ_qn41,5_AQ_qn42,5_AQ_qn43,5_AQ_qn44,5_AQ_qn45,5_AQ_qn46,5_AQ_qn47,5_AQ_qn48,5_AQ_qn49,5_AQ_qn50,social skill,attention switching,imagination,attention to detail,communication,social_skill_nanMean,attn_switch_nanMean,img_nanMean,attn_to_det_nanMean,comm_nanMean,social_skill_numMissResp,attn_switch_numMissResp,img_numMissResp,attn_to_det_numMissResp,comm_numMissResp,social_skill_reweigh,attn_switch_reweigh,img_reweigh,attn_to_det_reweigh,comm_reweigh,Total_numMissResp
0,30050,2.0,2.0,0.0,2.0,3.0,1.0,3.0,0.0,1.0,3.0,3.0,2.0,2.0,3.0,2.0,2.0,3.0,0.0,1.0,1.0,2.0,3.0,0.0,3.0,3.0,2.0,2.0,1.0,1.0,3.0,1.0,1.0,1.0,2.0,1.0,3.0,1.0,3.0,2.0,2.0,0.0,2.0,2.0,3.0,3.0,2.0,3.0,2.0,1.0,3.0,2.0,21.0,24.0,15.0,16.0,17.0,2.1,2.4,1.5,1.6,1.7,0,0,0,0,0,21.0,24.0,15.0,16.0,17.0,0
1,30051,2.0,2.0,0.0,1.0,1.0,0.0,0.0,0.0,0.0,2.0,1.0,1.0,3.0,2.0,2.0,0.0,1.0,0.0,0.0,0.0,2.0,1.0,,3.0,,0.0,2.0,2.0,1.0,2.0,0.0,2.0,0.0,2.0,1.0,3.0,2.0,1.0,1.0,0.0,0.0,2.0,1.0,2.0,1.0,1.0,2.0,1.0,0.0,3.0,1.0,14.0,14.0,11.0,10.0,5.0,1.4,1.5555555555555556,1.1,1.1111111111111112,0.5,0,1,0,1,0,14.0,15.555555555555555,11.0,11.11111111111111,5.0,2
3,30053,2.0,1.0,1.0,2.0,2.0,2.0,1.0,2.0,2.0,1.0,1.0,2.0,2.0,1.0,1.0,2.0,3.0,1.0,3.0,1.0,1.0,3.0,3.0,0.0,1.0,2.0,1.0,1.0,2.0,2.0,0.0,0.0,1.0,1.0,1.0,3.0,0.0,0.0,2.0,1.0,1.0,2.0,2.0,2.0,2.0,1.0,2.0,2.0,2.0,2.0,1.0,16.0,12.0,12.0,21.0,13.0,1.6,1.2,1.2,2.1,1.3,0,0,0,0,0,16.0,12.0,12.0,21.0,13.0,0
4,30054,1.0,1.0,0.0,2.0,1.0,2.0,0.0,1.0,2.0,1.0,2.0,2.0,1.0,2.0,1.0,2.0,2.0,1.0,1.0,1.0,1.0,1.0,2.0,2.0,3.0,1.0,1.0,1.0,1.0,2.0,0.0,2.0,1.0,2.0,1.0,3.0,1.0,1.0,2.0,2.0,1.0,1.0,2.0,3.0,0.0,1.0,2.0,0.0,2.0,2.0,1.0,10.0,19.0,12.0,16.0,11.0,1.0,1.9,1.2,1.6,1.1,0,0,0,0,0,10.0,19.0,12.0,16.0,11.0,0
5,30055,1.0,3.0,0.0,1.0,2.0,1.0,0.0,0.0,0.0,0.0,1.0,2.0,0.0,1.0,0.0,1.0,1.0,0.0,0.0,1.0,1.0,0.0,2.0,0.0,1.0,0.0,0.0,1.0,3.0,3.0,0.0,0.0,0.0,1.0,0.0,3.0,0.0,1.0,1.0,1.0,0.0,1.0,0.0,2.0,1.0,0.0,0.0,1.0,2.0,3.0,0.0,6.0,10.0,4.0,17.0,3.0,0.6,1.0,0.4,1.7,0.3,0,0,0,0,0,6.0,10.0,4.0,17.0,3.0,0
6,30056,2.0,1.0,1.0,3.0,3.0,1.0,0.0,1.0,0.0,1.0,3.0,3.0,0.0,0.0,1.0,3.0,3.0,0.0,0.0,0.0,1.0,2.0,1.0,3.0,0.0,3.0,2.0,0.0,0.0,0.0,0.0,3.0,0.0,1.0,1.0,3.0,0.0,2.0,3.0,1.0,0.0,3.0,3.0,1.0,3.0,2.0,3.0,3.0,0.0,0.0,2.0,16.0,18.0,14.0,8.0,13.0,1.6,1.8,1.4,0.8,1.3,0,0,0,0,0,16.0,18.0,14.0,8.0,13.0,0
7,30057,2.0,2.0,3.0,2.0,1.0,1.0,1.0,3.0,1.0,2.0,3.0,2.0,2.0,3.0,2.0,1.0,2.0,0.0,1.0,1.0,0.0,3.0,2.0,1.0,1.0,2.0,3.0,1.0,0.0,1.0,1.0,2.0,1.0,1.0,1.0,3.0,1.0,1.0,2.0,0.0,0.0,1.0,2.0,0.0,2.0,2.0,3.0,2.0,2.0,1.0,2.0,21.0,15.0,16.0,11.0,13.0,2.1,1.5,1.6,1.1,1.3,0,0,0,0,0,21.0,15.0,16.0,11.0,13.0,0
9,30059,2.0,2.0,0.0,3.0,2.0,2.0,2.0,0.0,2.0,0.0,2.0,2.0,3.0,1.0,2.0,3.0,2.0,0.0,2.0,1.0,0.0,2.0,3.0,3.0,2.0,2.0,2.0,1.0,1.0,2.0,0.0,1.0,3.0,2.0,2.0,3.0,0.0,2.0,2.0,2.0,1.0,3.0,0.0,3.0,2.0,2.0,3.0,2.0,1.0,1.0,1.0,18.0,21.0,10.0,18.0,17.0,1.8,2.1,1.0,1.8,1.7,0,0,0,0,0,18.0,21.0,10.0,18.0,17.0,0
11,30061,1.0,3.0,0.0,2.0,2.0,2.0,0.0,1.0,2.0,1.0,1.0,3.0,1.0,1.0,2.0,1.0,1.0,0.0,0.0,1.0,0.0,1.0,2.0,0.0,2.0,2.0,1.0,1.0,2.0,3.0,0.0,1.0,1.0,2.0,1.0,3.0,1.0,2.0,1.0,2.0,0.0,0.0,1.0,2.0,1.0,1.0,3.0,1.0,1.0,2.0,0.0,11.0,19.0,4.0,19.0,9.0,1.1,1.9,0.4,1.9,0.9,0,0,0,0,0,11.0,19.0,4.0,19.0,9.0,0
12,30062,2.0,1.0,0.0,2.0,3.0,2.0,0.0,0.0,1.0,0.0,1.0,1.0,3.0,1.0,3.0,1.0,2.0,1.0,2.0,0.0,0.0,0.0,1.0,1.0,2.0,1.0,1.0,1.0,3.0,2.0,2.0,0.0,0.0,2.0,0.0,3.0,0.0,0.0,1.0,0.0,0.0,2.0,1.0,2.0,2.0,1.0,0.0,1.0,2.0,3.0,1.0,15.0,10.0,6.0,19.0,8.0,1.5,1.0,0.6,1.9,0.8,0,0,0,0,0,15.0,10.0,6.0,19.0,8.0,0
13,30063,2.0,2.0,1.0,2.0,2.0,2.0,2.0,3.0,1.0,2.0,1.0,3.0,1.0,3.0,2.0,1.0,2.0,0.0,2.0,3.0,3.0,2.0,3.0,1.0,1.0,1.0,1.0,2.0,1.0,2.0,0.0,2.0,0.0,2.0,2.0,3.0,1.0,2.0,2.0,0.0,3.0,2.0,1.0,2.0,1.0,1.0,2.0,1.0,2.0,2.0,3.0,14.0,18.0,23.0,20.0,10.0,1.4,1.8,2.3,2.0,1.0,0,0,0,0,0,14.0,18.0,23.0,20.0,10.0,0
14,30064,0.0,2.0,1.0,1.0,0.0,0.0,0.0,1.0,0.0,1.0,0.0,2.0,0.0,1.0,1.0,0.0,0.0,1.0,0.0,0.0,0.0,1.0,0.0,1.0,1.0,0.0,0.0,1.0,1.0,3.0,0.0,1.0,0.0,0.0,0.0,3.0,0.0,0.0,0.0,0.0,0.0,0.0,1.0,2.0,0.0,0.0,0.0,0.0,0.0,3.0,0.0,2.0,8.0,5.0,10.0,1.0,0.2,0.8,0.5,1.0,0.1,0,0,0,0,0,2.0,8.0,5.0,10.0,1.0,0
15,30065,0.0,1.0,1.0,0.0,3.0,2.0,1.0,0.0,1.0,0.0,0.0,3.0,,2.0,0.0,2.0,0.0,1.0,0.0,0.0,0.0,0.0,2.0,2.0,2.0,0.0,1.0,1.0,1.0,3.0,1.0,0.0,1.0,1.0,1.0,3.0,1.0,1.0,0.0,0.0,1.0,3.0,3.0,,0.0,1.0,2.0,0.0,2.0,3.0,2.0,4.0,9.0,14.0,19.0,6.0,0.4444444444444444,1.0,1.4,1.9,0.6,1,1,0,0,0,4.444444444444445,10.0,14.0,19.0,6.0,2
16,30066,1.0,1.0,0.0,0.0,2.0,2.0,0.0,0.0,0.0,0.0,1.0,2.0,1.0,1.0,1.0,1.0,1.0,0.0,1.0,0.0,0.0,1.0,1.0,0.0,0.0,1.0,3.0,1.0,2.0,1.0,0.0,1.0,0.0,0.0,0.0,3.0,0.0,1.0,1.0,0.0,,0.0,0.0,0.0,1.0,0.0,1.0,1.0,1.0,2.0,0.0,8.0,5.0,1.0,14.0,6.0,0.8,0.5,0.1111111111111111,1.4,0.6,0,0,1,0,0,8.0,5.0,1.1111111111111112,14.0,6.0,1
17,30067,2.0,2.0,0.0,2.0,2.0,2.0,0.0,0.0,1.0,2.0,3.0,3.0,2.0,1.0,3.0,0.0,3.0,2.0,0.0,1.0,2.0,3.0,3.0,0.0,1.0,1.0,1.0,1.0,3.0,2.0,0.0,1.0,0.0,3.0,0.0,3.0,3.0,3.0,3.0,2.0,0.0,0.0,1.0,3.0,3.0,2.0,3.0,2.0,0.0,3.0,3.0,23.0,20.0,8.0,20.0,12.0,2.3,2.0,0.8,2.0,1.2,0,0,0,0,0,23.0,20.0,8.0,20.0,12.0,0
18,30068,1.0,1.0,1.0,2.0,1.0,3.0,0.0,1.0,0.0,1.0,1.0,2.0,1.0,1.0,1.0,2.0,1.0,2.0,1.0,2.0,1.0,2.0,1.0,0.0,1.0,2.0,1.0,2.0,2.0,1.0,0.0,1.0,1.0,1.0,0.0,3.0,1.0,0.0,1.0,2.0,0.0,0.0,1.0,2.0,1.0,1.0,1.0,1.0,1.0,0.0,2.0,11.0,12.0,9.0,13.0,10.0,1.1,1.2,0.9,1.3,1.0,0,0,0,0,0,11.0,12.0,9.0,13.0,10.0,0
19,30069,1.0,2.0,1.0,2.0,1.0,2.0,1.0,1.0,2.0,2.0,1.0,2.0,1.0,2.0,1.0,2.0,1.0,1.0,2.0,1.0,,1.0,2.0,1.0,1.0,2.0,1.0,1.0,2.0,2.0,1.0,1.0,1.0,1.0,1.0,3.0,1.0,1.0,1.0,1.0,1.0,1.0,1.0,2.0,1.0,1.0,1.0,1.0,1.0,2.0,1.0,10.0,15.0,10.0,18.0,11.0,1.0,1.5,1.1111111111111112,1.8,1.1,0,0,1,0,0,10.0,15.0,11.11111111111111,18.0,11.0,1
20,30070,2.0,3.0,3.0,3.0,3.0,3.0,3.0,2.0,1.0,0.0,3.0,3.0,2.0,3.0,3.0,2.0,2.0,3.0,2.0,1.0,0.0,3.0,2.0,3.0,2.0,3.0,2.0,3.0,3.0,1.0,2.0,1.0,1.0,3.0,1.0,3.0,2.0,3.0,2.0,3.0,3.0,3.0,3.0,3.0,2.0,2.0,3.0,3.0,2.0,1.0,3.0,24.0,23.0,24.0,22.0,22.0,2.4,2.3,2.4,2.2,2.2,0,0,0,0,0,24.0,23.0,24.0,22.0,22.0,0
21,30071,1.0,3.0,0.0,2.0,3.0,2.0,1.0,0.0,0.0,3.0,3.0,3.0,2.0,0.0,2.0,3.0,2.0,0.0,1.0,1.0,0.0,3.0,2.0,0.0,2.0,3.0,2.0,0.0,0.0,2.0,1.0,3.0,2.0,2.0,1.0,3.0,1.0,3.0,2.0,2.0,0.0,1.0,0.0,3.0,1.0,1.0,3.0,1.0,0.0,0.0,1.0,15.0,27.0,3.0,13.0,16.0,1.5,2.7,0.3,1.3,1.6,0,0,0,0,0,15.0,27.0,3.0,13.0,16.0,0
22,30072,3.0,2.0,1.0,2.0,1.0,0.0,0.0,1.0,0.0,2.0,2.0,2.0,1.0,1.0,2.0,2.0,2.0,2.0,1.0,0.0,0.0,2.0,1.0,1.0,2.0,2.0,0.0,1.0,0.0,1.0,0.0,1.0,0.0,2.0,0.0,3.0,1.0,2.0,2.0,0.0,2.0,1.0,1.0,3.0,2.0,1.0,2.0,2.0,2.0,0.0,2.0,18.0,20.0,10.0,7.0,8.0,1.8,2.0,1.0,0.7,0.8,0,0,0,0,0,18.0,20.0,10.0,7.0,8.0,0
23,30073,3.0,1.0,0.0,2.0,2.0,2.0,2.0,1.0,1.0,2.0,2.0,2.0,1.0,0.0,3.0,2.0,1.0,1.0,2.0,0.0,1.0,1.0,2.0,2.0,2.0,2.0,3.0,3.0,1.0,2.0,1.0,3.0,2.0,1.0,0.0,3.0,1.0,3.0,1.0,2.0,2.0,2.0,0.0,2.0,1.0,1.0,1.0,2.0,1.0,2.0,3.0,16.0,19.0,11.0,19.0,15.0,1.6,1.9,1.1,1.9,1.5,0,0,0,0,0,16.0,19.0,11.0,19.0,15.0,0
24,30074,1.0,0.0,1.0,1.0,0.0,1.0,3.0,1.0,0.0,1.0,0.0,1.0,1.0,3.0,2.0,1.0,2.0,2.0,0.0,1.0,0.0,1.0,0.0,2.0,0.0,1.0,0.0,1.0,1.0,2.0,2.0,2.0,0.0,0.0,1.0,3.0,1.0,1.0,1.0,3.0,2.0,1.0,0.0,0.0,1.0,1.0,1.0,1.0,1.0,0.0,1.0,10.0,7.0,12.0,6.0,15.0,1.0,0.7,1.2,0.6,1.5,0,0,0,0,0,10.0,7.0,12.0,6.0,15.0,0
25,30075,2.0,3.0,2.0,3.0,2.0,3.0,0.0,1.0,0.0,1.0,2.0,3.0,0.0,2.0,2.0,1.0,3.0,0.0,0.0,1.0,1.0,2.0,2.0,3.0,0.0,3.0,0.0,0.0,3.0,0.0,0.0,1.0,0.0,0.0,0.0,3.0,0.0,0.0,3.0,2.0,0.0,0.0,1.0,3.0,0.0,1.0,3.0,0.0,0.0,3.0,2.0,9.0,15.0,13.0,16.0,11.0,0.9,1.5,1.3,1.6,1.1,0,0,0,0,0,9.0,15.0,13.0,16.0,11.0,0
26,30076,2.0,1.0,1.0,3.0,1.0,2.0,1.0,1.0,1.0,1.0,2.0,2.0,2.0,2.0,2.0,2.0,2.0,1.0,2.0,1.0,0.0,2.0,2.0,2.0,3.0,2.0,1.0,2.0,2.0,2.0,1.0,2.0,2.0,2.0,1.0,3.0,2.0,2.0,1.0,1.0,2.0,2.0,1.0,3.0,2.0,1.0,3.0,2.0,1.0,2.0,0.0,18.0,22.0,12.0,18.0,13.0,1.8,2.2,1.2,1.8,1.3,0,0,0,0,0,18.0,22.0,12.0,18.0,13.0,0
27,30077,3.0,3.0,2.0,2.0,3.0,3.0,1.0,1.0,1.0,1.0,3.0,3.0,3.0,3.0,2.0,1.0,3.0,1.0,2.0,1.0,3.0,3.0,3.0,0.0,2.0,2.0,0.0,0.0,3.0,2.0,1.0,1.0,2.0,3.0,1.0,3.0,1.0,2.0,3.0,1.0,2.0,1.0,1.0,3.0,3.0,1.0,3.0,0.0,2.0,2.0,2.0,21.0,21.0,16.0,22.0,15.0,2.1,2.1,1.6,2.2,1.5,0,0,0,0,0,21.0,21.0,16.0,22.0,15.0,0
28,30078,0.0,2.0,1.0,2.0,2.0,2.0,0.0,1.0,1.0,1.0,1.0,2.0,0.0,3.0,1.0,1.0,1.0,0.0,0.0,1.0,0.0,0.0,2.0,1.0,1.0,1.0,1.0,0.0,2.0,2.0,1.0,1.0,1.0,1.0,3.0,3.0,1.0,1.0,1.0,0.0,1.0,1.0,2.0,2.0,0.0,1.0,2.0,1.0,2.0,2.0,1.0,7.0,14.0,12.0,15.0,9.0,0.7,1.4,1.2,1.5,0.9,0,0,0,0,0,7.0,14.0,12.0,15.0,9.0,0
29,30079,0.0,2.0,1.0,1.0,1.0,0.0,0.0,1.0,0.0,2.0,1.0,2.0,0.0,0.0,1.0,1.0,0.0,2.0,1.0,1.0,1.0,1.0,0.0,1.0,1.0,1.0,2.0,1.0,0.0,2.0,1.0,2.0,0.0,2.0,0.0,3.0,1.0,0.0,0.0,1.0,0.0,2.0,1.0,2.0,0.0,2.0,2.0,0.0,2.0,2.0,1.0,8.0,15.0,9.0,9.0,7.0,0.8,1.5,0.9,0.9,0.7,0,0,0,0,0,8.0,15.0,9.0,9.0,7.0,0
30,30080,3.0,2.0,0.0,3.0,1.0,0.0,2.0,1.0,0.0,2.0,3.0,0.0,0.0,3.0,3.0,3.0,3.0,0.0,0.0,1.0,3.0,3.0,1.0,1.0,2.0,3.0,3.0,3.0,0.0,0.0,2.0,1.0,3.0,3.0,2.0,3.0,1.0,2.0,3.0,0.0,3.0,1.0,3.0,3.0,3.0,3.0,3.0,3.0,1.0,0.0,1.0,23.0,24.0,17.0,5.0,21.0,2.3,2.4,1.7,0.5,2.1,0,0,0,0,0,23.0,24.0,17.0,5.0,21.0,0
31,30081,1.0,2.0,3.0,1.0,2.0,2.0,0.0,2.0,1.0,1.0,3.0,2.0,3.0,2.0,2.0,1.0,2.0,0.0,1.0,1.0,0.0,2.0,2.0,1.0,2.0,1.0,0.0,2.0,1.0,2.0,0.0,0.0,1.0,2.0,1.0,3.0,1.0,1.0,2.0,1.0,2.0,0.0,2.0,2.0,3.0,1.0,2.0,2.0,1.0,1.0,3.0,19.0,14.0,16.0,16.0,8.0,1.9,1.4,1.6,1.6,0.8,0,0,0,0,0,19.0,14.0,16.0,16.0,8.0,0
33,30083,2.0,2.0,0.0,3.0,2.0,0.0,2.0,0.0,1.0,3.0,2.0,2.0,3.0,3.0,2.0,2.0,1.0,3.0,1.0,2.0,0.0,2.0,2.0,2.0,2.0,3.0,0.0,2.0,0.0,1.0,0.0,2.0,2.0,1.0,0.0,3.0,1.0,2.0,2.0,3.0,1.0,3.0,1.0,2.0,2.0,1.0,3.0,1.0,2.0,0.0,3.0,18.0,22.0,15.0,11.0,16.0,1.8,2.2,1.5,1.1,1.6,0,0,0,0,0,18.0,22.0,15.0,11.0,16.0,0
34,30084,2.0,2.0,1.0,3.0,1.0,2.0,1.0,1.0,1.0,2.0,3.0,2.0,2.0,3.0,1.0,2.0,1.0,1.0,2.0,1.0,1.0,2.0,1.0,1.0,3.0,2.0,2.0,2.0,2.0,2.0,1.0,1.0,2.0,2.0,1.0,3.0,1.0,2.0,2.0,0.0,1.0,1.0,1.0,3.0,1.0,1.0,3.0,2.0,1.0,1.0,2.0,16.0,23.0,13.0,16.0,13.0,1.6,2.3,1.3,1.6,1.3,0,0,0,0,0,16.0,23.0,13.0,16.0,13.0,0
35,30085,1.0,2.0,2.0,2.0,3.0,2.0,0.0,1.0,1.0,3.0,2.0,2.0,1.0,3.0,2.0,0.0,1.0,1.0,1.0,1.0,1.0,1.0,2.0,1.0,1.0,3.0,0.0,2.0,1.0,3.0,1.0,1.0,2.0,2.0,1.0,3.0,1.0,2.0,1.0,0.0,1.0,0.0,2.0,3.0,1.0,2.0,3.0,1.0,1.0,0.0,2.0,13.0,19.0,14.0,17.0,10.0,1.3,1.9,1.4,1.7,1.0,0,0,0,0,0,13.0,19.0,14.0,17.0,10.0,0
36,30086,2.0,1.0,0.0,2.0,2.0,3.0,0.0,1.0,0.0,0.0,1.0,3.0,3.0,1.0,2.0,3.0,1.0,0.0,0.0,0.0,0.0,3.0,2.0,2.0,1.0,2.0,0.0,2.0,2.0,2.0,0.0,1.0,0.0,2.0,0.0,3.0,0.0,0.0,1.0,0.0,1.0,2.0,1.0,2.0,1.0,0.0,2.0,1.0,1.0,0.0,1.0,14.0,14.0,9.0,16.0,4.0,1.4,1.4,0.9,1.6,0.4,0,0,0,0,0,14.0,14.0,9.0,16.0,4.0,0
37,30087,2.0,1.0,0.0,2.0,2.0,1.0,0.0,0.0,1.0,1.0,0.0,3.0,2.0,1.0,2.0,1.0,2.0,1.0,1.0,1.0,1.0,1.0,1.0,1.0,1.0,0.0,2.0,1.0,0.0,2.0,0.0,1.0,0.0,1.0,1.0,3.0,1.0,0.0,0.0,1.0,0.0,1.0,0.0,2.0,1.0,1.0,1.0,2.0,0.0,3.0,1.0,12.0,11.0,6.0,15.0,7.0,1.2,1.1,0.6,1.5,0.7,0,0,0,0,0,12.0,11.0,6.0,15.0,7.0,0
38,30088,1.0,1.0,1.0,1.0,3.0,0.0,0.0,1.0,1.0,2.0,1.0,2.0,0.0,3.0,3.0,3.0,0.0,1.0,0.0,1.0,3.0,0.0,3.0,1.0,3.0,0.0,3.0,2.0,0.0,1.0,0.0,0.0,0.0,0.0,0.0,3.0,1.0,2.0,1.0,0.0,0.0,1.0,0.0,3.0,0.0,0.0,1.0,0.0,3.0,0.0,0.0,9.0,16.0,11.0,12.0,5.0,0.9,1.6,1.1,1.2,0.5,0,0,0,0,0,9.0,16.0,11.0,12.0,5.0,0
39,30089,3.0,2.0,1.0,3.0,2.0,2.0,2.0,1.0,1.0,3.0,3.0,3.0,3.0,1.0,3.0,1.0,3.0,0.0,2.0,1.0,0.0,3.0,2.0,3.0,2.0,3.0,3.0,2.0,1.0,0.0,2.0,3.0,2.0,2.0,1.0,3.0,3.0,2.0,3.0,2.0,2.0,1.0,3.0,3.0,3.0,3.0,3.0,3.0,2.0,1.0,1.0,29.0,24.0,14.0,16.0,21.0,2.9,2.4,1.4,1.6,2.1,0,0,0,0,0,29.0,24.0,14.0,16.0,21.0,0
40,30090,1.0,1.0,1.0,2.0,0.0,1.0,1.0,0.0,1.0,1.0,2.0,2.0,1.0,1.0,2.0,1.0,1.0,1.0,1.0,1.0,0.0,1.0,1.0,1.0,2.0,1.0,1.0,1.0,1.0,1.0,1.0,1.0,1.0,2.0,0.0,3.0,1.0,1.0,1.0,1.0,1.0,0.0,1.0,1.0,1.0,1.0,2.0,1.0,1.0,1.0,0.0,12.0,14.0,6.0,10.0,9.0,1.2,1.4,0.6,1.0,0.9,0,0,0,0,0,12.0,14.0,6.0,10.0,9.0,0
41,30091,1.0,2.0,1.0,3.0,3.0,2.0,2.0,1.0,1.0,2.0,2.0,2.0,2.0,3.0,1.0,2.0,2.0,1.0,0.0,1.0,1.0,2.0,2.0,2.0,2.0,1.0,1.0,1.0,1.0,2.0,2.0,2.0,2.0,2.0,2.0,3.0,1.0,2.0,2.0,1.0,2.0,2.0,1.0,2.0,1.0,1.0,2.0,1.0,1.0,0.0,2.0,13.0,21.0,16.0,14.0,16.0,1.3,2.1,1.6,1.4,1.6,0,0,0,0,0,13.0,21.0,16.0,14.0,16.0,0
43,30093,2.0,2.0,1.0,1.0,2.0,2.0,0.0,1.0,1.0,0.0,1.0,2.0,0.0,1.0,1.0,1.0,1.0,0.0,1.0,1.0,1.0,1.0,2.0,1.0,1.0,1.0,1.0,2.0,1.0,3.0,1.0,1.0,1.0,1.0,0.0,3.0,1.0,1.0,1.0,0.0,1.0,1.0,0.0,1.0,0.0,0.0,1.0,1.0,1.0,2.0,2.0,8.0,10.0,10.0,18.0,6.0,0.8,1.0,1.0,1.8,0.6,0,0,0,0,0,8.0,10.0,10.0,18.0,6.0,0
44,30094,1.0,2.0,2.0,2.0,2.0,2.0,1.0,1.0,2.0,1.0,1.0,1.0,2.0,0.0,2.0,2.0,2.0,2.0,1.0,2.0,2.0,2.0,2.0,2.0,0.0,2.0,1.0,1.0,0.0,1.0,1.0,2.0,2.0,1.0,2.0,2.0,0.0,1.0,1.0,2.0,1.0,1.0,2.0,1.0,1.0,2.0,2.0,1.0,2.0,1.0,1.0,14.0,14.0,14.0,13.0,16.0,1.4,1.4,1.4,1.3,1.6,0,0,0,0,0,14.0,14.0,14.0,13.0,16.0,0
45,30095,2.0,2.0,1.0,3.0,2.0,2.0,1.0,1.0,1.0,3.0,3.0,2.0,3.0,2.0,2.0,2.0,3.0,1.0,2.0,1.0,1.0,2.0,3.0,1.0,3.0,3.0,1.0,2.0,2.0,2.0,1.0,2.0,1.0,2.0,0.0,3.0,1.0,3.0,3.0,1.0,1.0,2.0,2.0,3.0,2.0,1.0,2.0,1.0,3.0,0.0,2.0,20.0,25.0,14.0,18.0,15.0,2.0,2.5,1.4,1.8,1.5,0,0,0,0,0,20.0,25.0,14.0,18.0,15.0,0
46,30096,1.0,3.0,2.0,2.0,3.0,2.0,0.0,2.0,0.0,1.0,2.0,3.0,1.0,0.0,1.0,1.0,1.0,0.0,0.0,1.0,0.0,3.0,2.0,1.0,2.0,3.0,1.0,2.0,0.0,2.0,2.0,1.0,2.0,1.0,0.0,3.0,1.0,2.0,1.0,0.0,1.0,2.0,2.0,3.0,1.0,1.0,3.0,1.0,1.0,0.0,3.0,13.0,19.0,14.0,14.0,10.0,1.3,1.9,1.4,1.4,1.0,0,0,0,0,0,13.0,19.0,14.0,14.0,10.0,0
47,30097,0.0,1.0,1.0,2.0,2.0,1.0,0.0,0.0,1.0,0.0,1.0,2.0,0.0,1.0,0.0,2.0,1.0,2.0,1.0,1.0,0.0,1.0,2.0,1.0,2.0,0.0,1.0,2.0,0.0,2.0,1.0,1.0,0.0,1.0,0.0,3.0,0.0,1.0,1.0,2.0,1.0,1.0,1.0,3.0,0.0,1.0,2.0,1.0,0.0,1.0,1.0,4.0,15.0,8.0,14.0,8.0,0.4,1.5,0.8,1.4,0.8,0,0,0,0,0,4.0,15.0,8.0,14.0,8.0,0
48,30098,1.0,2.0,2.0,3.0,2.0,3.0,2.0,0.0,0.0,1.0,1.0,2.0,0.0,2.0,1.0,2.0,0.0,1.0,3.0,1.0,2.0,0.0,2.0,1.0,1.0,1.0,0.0,1.0,1.0,2.0,1.0,0.0,1.0,1.0,0.0,3.0,1.0,1.0,0.0,1.0,1.0,2.0,1.0,2.0,0.0,2.0,1.0,0.0,1.0,0.0,1.0,7.0,14.0,13.0,16.0,7.0,0.7,1.4,1.3,1.6,0.7,0,0,0,0,0,7.0,14.0,13.0,16.0,7.0,0
49,30099,2.0,2.0,1.0,2.0,3.0,2.0,1.0,1.0,0.0,3.0,2.0,3.0,2.0,1.0,2.0,2.0,3.0,1.0,1.0,1.0,1.0,3.0,3.0,1.0,2.0,2.0,1.0,2.0,1.0,3.0,0.0,3.0,1.0,1.0,1.0,3.0,1.0,1.0,3.0,1.0,1.0,0.0,1.0,1.0,3.0,1.0,2.0,3.0,2.0,0.0,3.0,21.0,19.0,11.0,18.0,14.0,2.1,1.9,1.1,1.8,1.4,0,0,0,0,0,21.0,19.0,11.0,18.0,14.0,0
51,30101,2.0,3.0,1.0,3.0,3.0,3.0,1.0,2.0,2.0,3.0,3.0,3.0,3.0,3.0,3.0,2.0,3.0,1.0,2.0,1.0,0.0,3.0,3.0,3.0,2.0,3.0,3.0,3.0,2.0,0.0,2.0,1.0,2.0,1.0,1.0,3.0,3.0,3.0,3.0,2.0,1.0,3.0,3.0,3.0,3.0,2.0,2.0,2.0,2.0,3.0,1.0,26.0,23.0,18.0,24.0,21.0,2.6,2.3,1.8,2.4,2.1,0,0,0,0,0,26.0,23.0,18.0,24.0,21.0,0
52,30102,0.0,3.0,0.0,3.0,0.0,2.0,2.0,0.0,3.0,1.0,0.0,3.0,1.0,1.0,1.0,1.0,0.0,1.0,3.0,1.0,0.0,2.0,3.0,2.0,1.0,0.0,0.0,2.0,1.0,0.0,0.0,0.0,0.0,0.0,0.0,3.0,0.0,0.0,0.0,1.0,0.0,3.0,1.0,3.0,0.0,0.0,1.0,0.0,0.0,0.0,0.0,4.0,13.0,8.0,17.0,4.0,0.4,1.3,0.8,1.7,0.4,0,0,0,0,0,4.0,13.0,8.0,17.0,4.0,0
53,30103,3.0,3.0,0.0,2.0,2.0,0.0,0.0,1.0,0.0,2.0,0.0,2.0,0.0,0.0,3.0,1.0,0.0,0.0,0.0,0.0,0.0,0.0,1.0,3.0,0.0,0.0,0.0,0.0,0.0,2.0,0.0,3.0,0.0,1.0,0.0,3.0,3.0,0.0,0.0,0.0,0.0,0.0,3.0,1.0,0.0,1.0,0.0,1.0,1.0,3.0,0.0,12.0,13.0,7.0,10.0,0.0,1.2,1.3,0.7,1.0,0.0,0,0,0,0,0,12.0,13.0,7.0,10.0,0.0,0
54,30104,0.0,2.0,1.0,3.0,2.0,1.0,1.0,0.0,0.0,1.0,1.0,1.0,3.0,1.0,2.0,3.0,1.0,1.0,2.0,1.0,0.0,1.0,2.0,0.0,2.0,2.0,1.0,1.0,1.0,1.0,2.0,1.0,1.0,1.0,1.0,3.0,1.0,1.0,1.0,1.0,0.0,1.0,1.0,2.0,1.0,1.0,2.0,1.0,1.0,0.0,1.0,12.0,18.0,6.0,11.0,12.0,1.2,1.8,0.6,1.1,1.2,0,0,0,0,0,12.0,18.0,6.0,11.0,12.0,0
55,30105,2.0,2.0,1.0,3.0,3.0,3.0,2.0,2.0,1.0,1.0,2.0,3.0,1.0,2.0,2.0,3.0,2.0,1.0,2.0,2.0,1.0,2.0,3.0,2.0,3.0,1.0,2.0,3.0,1.0,2.0,2.0,2.0,2.0,3.0,1.0,3.0,2.0,3.0,2.0,2.0,0.0,2.0,1.0,3.0,1.0,2.0,3.0,1.0,2.0,3.0,1.0,17.0,26.0,14.0,24.0,17.0,1.7,2.6,1.4,2.4,1.7,0,0,0,0,0,17.0,26.0,14.0,24.0,17.0,0
56,30106,2.0,2.0,0.0,2.0,3.0,3.0,0.0,0.0,1.0,1.0,1.0,3.0,3.0,3.0,2.0,1.0,3.0,0.0,0.0,0.0,0.0,1.0,2.0,2.0,1.0,1.0,0.0,1.0,2.0,3.0,0.0,0.0,0.0,1.0,0.0,3.0,0.0,0.0,1.0,0.0,0.0,1.0,0.0,1.0,3.0,0.0,0.0,3.0,1.0,2.0,0.0,16.0,9.0,6.0,20.0,5.0,1.6,0.9,0.6,2.0,0.5,0,0,0,0,0,16.0,9.0,6.0,20.0,5.0,0
59,30109,2.0,1.0,0.0,1.0,2.0,3.0,0.0,0.0,1.0,0.0,1.0,3.0,0.0,1.0,1.0,1.0,0.0,1.0,0.0,0.0,0.0,1.0,2.0,1.0,1.0,1.0,0.0,2.0,3.0,3.0,0.0,0.0,0.0,1.0,2.0,3.0,0.0,1.0,0.0,0.0,1.0,0.0,1.0,1.0,1.0,0.0,2.0,1.0,0.0,3.0,0.0,7.0,9.0,4.0,22.0,4.0,0.7,0.9,0.4,2.2,0.4,0,0,0,0,0,7.0,9.0,4.0,22.0,4.0,0
60,30110,1.0,2.0,2.0,1.0,0.0,2.0,1.0,1.0,2.0,3.0,1.0,1.0,2.0,2.0,3.0,1.0,1.0,0.0,2.0,1.0,2.0,2.0,1.0,3.0,1.0,1.0,2.0,1.0,1.0,0.0,1.0,1.0,1.0,2.0,1.0,3.0,2.0,2.0,1.0,2.0,1.0,1.0,1.0,3.0,1.0,1.0,1.0,1.0,2.0,0.0,2.0,16.0,17.0,16.0,10.0,11.0,1.6,1.7,1.6,1.0,1.1,0,0,0,0,0,16.0,17.0,16.0,10.0,11.0,0
61,30111,3.0,3.0,1.0,0.0,2.0,1.0,1.0,1.0,0.0,2.0,1.0,2.0,3.0,1.0,1.0,0.0,2.0,3.0,2.0,0.0,0.0,1.0,1.0,3.0,0.0,0.0,0.0,0.0,1.0,3.0,0.0,0.0,0.0,2.0,0.0,3.0,1.0,0.0,1.0,2.0,2.0,0.0,1.0,2.0,2.0,0.0,1.0,3.0,1.0,3.0,2.0,16.0,10.0,11.0,15.0,9.0,1.6,1.0,1.1,1.5,0.9,0,0,0,0,0,16.0,10.0,11.0,15.0,9.0,0
62,30112,0.0,2.0,1.0,2.0,1.0,1.0,0.0,1.0,1.0,3.0,1.0,1.0,0.0,1.0,2.0,1.0,1.0,0.0,2.0,2.0,1.0,2.0,2.0,1.0,3.0,2.0,2.0,2.0,2.0,2.0,0.0,3.0,2.0,1.0,3.0,3.0,2.0,2.0,1.0,2.0,0.0,2.0,1.0,2.0,1.0,2.0,1.0,1.0,0.0,3.0,0.0,11.0,20.0,10.0,17.0,13.0,1.1,2.0,1.0,1.7,1.3,0,0,0,0,0,11.0,20.0,10.0,17.0,13.0,0
63,30113,2.0,2.0,0.0,0.0,1.0,1.0,0.0,0.0,0.0,1.0,1.0,1.0,1.0,2.0,1.0,1.0,1.0,0.0,0.0,0.0,0.0,1.0,1.0,1.0,2.0,1.0,0.0,1.0,0.0,1.0,0.0,1.0,0.0,2.0,0.0,3.0,0.0,0.0,1.0,0.0,1.0,0.0,2.0,2.0,1.0,0.0,0.0,1.0,1.0,0.0,1.0,9.0,11.0,7.0,6.0,3.0,0.9,1.1,0.7,0.6,0.3,0,0,0,0,0,9.0,11.0,7.0,6.0,3.0,0
64,30114,2.0,0.0,0.0,1.0,1.0,1.0,0.0,1.0,1.0,1.0,0.0,2.0,1.0,3.0,1.0,0.0,1.0,1.0,0.0,1.0,0.0,1.0,1.0,1.0,1.0,0.0,1.0,1.0,2.0,2.0,1.0,1.0,0.0,1.0,1.0,3.0,2.0,0.0,1.0,0.0,1.0,2.0,2.0,3.0,0.0,2.0,2.0,1.0,1.0,2.0,0.0,11.0,10.0,11.0,13.0,6.0,1.1,1.0,1.1,1.3,0.6,0,0,0,0,0,11.0,10.0,11.0,13.0,6.0,0
66,30116,1.0,1.0,0.0,0.0,1.0,0.0,0.0,1.0,0.0,1.0,2.0,3.0,1.0,3.0,0.0,3.0,1.0,0.0,0.0,0.0,0.0,0.0,3.0,2.0,3.0,1.0,1.0,1.0,0.0,3.0,0.0,2.0,0.0,0.0,0.0,3.0,1.0,0.0,1.0,0.0,0.0,2.0,1.0,3.0,1.0,1.0,3.0,1.0,0.0,3.0,0.0,8.0,16.0,9.0,14.0,4.0,0.8,1.6,0.9,1.4,0.4,0,0,0,0,0,8.0,16.0,9.0,14.0,4.0,0
68,30118,1.0,3.0,1.0,3.0,3.0,3.0,2.0,0.0,1.0,0.0,3.0,3.0,1.0,1.0,2.0,3.0,2.0,1.0,1.0,0.0,0.0,3.0,3.0,3.0,3.0,2.0,3.0,2.0,1.0,2.0,1.0,0.0,2.0,2.0,1.0,3.0,1.0,2.0,3.0,3.0,3.0,2.0,2.0,3.0,3.0,2.0,3.0,3.0,1.0,0.0,3.0,20.0,22.0,15.0,19.0,20.0,2.0,2.2,1.5,1.9,2.0,0,0,0,0,0,20.0,22.0,15.0,19.0,20.0,0
69,30119,2.0,2.0,0.0,2.0,2.0,3.0,2.0,0.0,2.0,1.0,1.0,3.0,2.0,1.0,2.0,2.0,1.0,2.0,3.0,1.0,0.0,1.0,2.0,1.0,2.0,0.0,1.0,2.0,2.0,1.0,2.0,1.0,0.0,1.0,0.0,3.0,1.0,1.0,0.0,2.0,0.0,2.0,0.0,2.0,1.0,2.0,1.0,0.0,2.0,3.0,1.0,14.0,15.0,6.0,23.0,10.0,1.4,1.5,0.6,2.3,1.0,0,0,0,0,0,14.0,15.0,6.0,23.0,10.0,0
70,30120,3.0,2.0,1.0,3.0,0.0,2.0,2.0,1.0,1.0,3.0,3.0,2.0,0.0,3.0,3.0,0.0,2.0,0.0,0.0,2.0,2.0,3.0,1.0,0.0,3.0,3.0,3.0,2.0,2.0,0.0,1.0,1.0,2.0,2.0,2.0,3.0,2.0,2.0,3.0,0.0,0.0,0.0,2.0,3.0,2.0,3.0,3.0,3.0,0.0,1.0,3.0,22.0,22.0,14.0,11.0,18.0,2.2,2.2,1.4,1.1,1.8,0,0,0,0,0,22.0,22.0,14.0,11.0,18.0,0
71,30121,2.0,1.0,0.0,1.0,1.0,2.0,0.0,0.0,3.0,0.0,0.0,3.0,2.0,1.0,1.0,2.0,1.0,1.0,3.0,0.0,0.0,0.0,3.0,3.0,2.0,0.0,0.0,0.0,0.0,3.0,0.0,1.0,0.0,0.0,0.0,3.0,0.0,0.0,0.0,0.0,3.0,1.0,0.0,2.0,0.0,0.0,0.0,0.0,0.0,0.0,0.0,5.0,9.0,8.0,18.0,2.0,0.5,0.9,0.8,1.8,0.2,0,0,0,0,0,5.0,9.0,8.0,18.0,2.0,0
73,30123,1.0,,1.0,2.0,2.0,1.0,0.0,3.0,2.0,3.0,1.0,2.0,0.0,1.0,1.0,1.0,0.0,0.0,0.0,1.0,2.0,0.0,1.0,3.0,2.0,2.0,1.0,1.0,3.0,0.0,0.0,1.0,0.0,1.0,1.0,3.0,1.0,1.0,1.0,2.0,1.0,0.0,2.0,2.0,0.0,1.0,2.0,0.0,1.0,0.0,0.0,6.0,15.0,14.0,12.0,7.0,0.6,1.6666666666666667,1.4,1.2,0.7,0,1,0,0,0,6.0,16.666666666666668,14.0,12.0,7.0,1
74,30124,2.0,2.0,2.0,3.0,2.0,2.0,2.0,2.0,2.0,3.0,2.0,2.0,2.0,0.0,2.0,2.0,2.0,,2.0,2.0,0.0,3.0,2.0,2.0,2.0,2.0,2.0,2.0,0.0,1.0,2.0,2.0,3.0,2.0,2.0,3.0,2.0,2.0,2.0,2.0,1.0,2.0,2.0,3.0,2.0,2.0,3.0,2.0,2.0,1.0,1.0,21.0,24.0,14.0,16.0,19.0,2.1,2.4,1.4,1.6,2.111111111111111,0,0,0,0,1,21.0,24.0,14.0,16.0,21.11111111111111,1
77,30127,0.0,1.0,0.0,1.0,3.0,3.0,3.0,0.0,2.0,1.0,0.0,3.0,3.0,3.0,0.0,2.0,3.0,2.0,3.0,0.0,0.0,1.0,3.0,3.0,1.0,2.0,0.0,2.0,0.0,3.0,0.0,0.0,1.0,0.0,0.0,3.0,0.0,1.0,3.0,2.0,0.0,3.0,0.0,2.0,0.0,0.0,1.0,1.0,2.0,0.0,0.0,7.0,10.0,9.0,22.0,16.0,0.7,1.0,0.9,2.2,1.6,0,0,0,0,0,7.0,10.0,9.0,22.0,16.0,0
78,30128,0.0,1.0,0.0,0.0,2.0,0.0,1.0,0.0,0.0,1.0,3.0,3.0,1.0,1.0,2.0,2.0,2.0,0.0,3.0,1.0,0.0,3.0,3.0,2.0,1.0,1.0,1.0,2.0,0.0,1.0,0.0,0.0,2.0,2.0,0.0,3.0,1.0,1.0,2.0,0.0,2.0,2.0,0.0,3.0,1.0,1.0,3.0,1.0,1.0,0.0,2.0,14.0,14.0,10.0,14.0,9.0,1.4,1.4,1.0,1.4,0.9,0,0,0,0,0,14.0,14.0,10.0,14.0,9.0,0
79,30129,1.0,2.0,3.0,0.0,2.0,1.0,1.0,3.0,2.0,1.0,2.0,2.0,2.0,3.0,2.0,0.0,3.0,0.0,2.0,2.0,2.0,2.0,1.0,1.0,2.0,2.0,1.0,1.0,3.0,2.0,1.0,1.0,1.0,2.0,1.0,3.0,1.0,1.0,2.0,1.0,1.0,0.0,2.0,2.0,2.0,2.0,3.0,2.0,2.0,3.0,2.0,18.0,14.0,19.0,19.0,13.0,1.8,1.4,1.9,1.9,1.3,0,0,0,0,0,18.0,14.0,19.0,19.0,13.0,0
80,30130,1.0,2.0,1.0,1.0,1.0,1.0,1.0,1.0,2.0,2.0,1.0,2.0,2.0,1.0,1.0,1.0,1.0,2.0,1.0,2.0,2.0,1.0,2.0,1.0,1.0,2.0,2.0,1.0,2.0,1.0,1.0,1.0,2.0,1.0,2.0,3.0,1.0,1.0,1.0,2.0,0.0,1.0,1.0,2.0,1.0,2.0,2.0,1.0,1.0,1.0,1.0,12.0,14.0,11.0,14.0,16.0,1.2,1.4,1.1,1.4,1.6,0,0,0,0,0,12.0,14.0,11.0,14.0,16.0,0
81,30131,1.0,2.0,0.0,2.0,1.0,2.0,0.0,0.0,0.0,0.0,1.0,3.0,2.0,2.0,2.0,2.0,1.0,0.0,2.0,0.0,0.0,0.0,2.0,2.0,3.0,0.0,0.0,1.0,2.0,3.0,0.0,0.0,0.0,1.0,0.0,3.0,1.0,0.0,0.0,2.0,1.0,1.0,1.0,2.0,0.0,0.0,2.0,0.0,0.0,0.0,1.0,7.0,14.0,8.0,16.0,3.0,0.7,1.4,0.8,1.6,0.3,0,0,0,0,0,7.0,14.0,8.0,16.0,3.0,0
83,30133,0.0,1.0,1.0,2.0,0.0,3.0,1.0,1.0,3.0,0.0,0.0,2.0,0.0,0.0,1.0,1.0,0.0,0.0,1.0,0.0,0.0,0.0,0.0,0.0,2.0,,2.0,1.0,3.0,1.0,1.0,2.0,2.0,0.0,0.0,3.0,1.0,2.0,0.0,2.0,0.0,2.0,1.0,2.0,0.0,0.0,1.0,0.0,0.0,1.0,0.0,2.0,13.0,5.0,15.0,8.0,0.2,1.3,0.5,1.5,0.8888888888888888,0,0,0,0,1,2.0,13.0,5.0,15.0,8.88888888888889,1
84,30134,2.0,2.0,0.0,3.0,3.0,3.0,0.0,0.0,2.0,0.0,2.0,3.0,2.0,0.0,1.0,2.0,3.0,0.0,2.0,0.0,0.0,2.0,3.0,1.0,2.0,3.0,0.0,2.0,2.0,3.0,0.0,1.0,2.0,1.0,0.0,3.0,0.0,1.0,3.0,1.0,0.0,2.0,1.0,3.0,2.0,1.0,3.0,3.0,1.0,3.0,1.0,16.0,18.0,5.0,26.0,12.0,1.6,1.8,0.5,2.6,1.2,0,0,0,0,0,16.0,18.0,5.0,26.0,12.0,0
85,30135,0.0,3.0,1.0,2.0,1.0,0.0,1.0,1.0,0.0,3.0,3.0,1.0,3.0,1.0,0.0,2.0,1.0,1.0,0.0,1.0,0.0,2.0,0.0,2.0,3.0,2.0,0.0,2.0,1.0,0.0,0.0,2.0,2.0,3.0,0.0,3.0,1.0,2.0,2.0,0.0,3.0,0.0,1.0,2.0,1.0,1.0,3.0,1.0,2.0,1.0,3.0,14.0,25.0,13.0,6.0,9.0,1.4,2.5,1.3,0.6,0.9,0,0,0,0,0,14.0,25.0,13.0,6.0,9.0,0
86,30136,1.0,2.0,0.0,1.0,3.0,3.0,1.0,0.0,3.0,1.0,0.0,3.0,1.0,1.0,1.0,2.0,0.0,3.0,3.0,1.0,2.0,0.0,2.0,2.0,3.0,0.0,0.0,0.0,3.0,3.0,1.0,0.0,0.0,0.0,0.0,3.0,1.0,0.0,0.0,1.0,0.0,3.0,2.0,3.0,0.0,1.0,1.0,0.0,0.0,0.0,0.0,5.0,13.0,11.0,23.0,6.0,0.5,1.3,1.1,2.3,0.6,0,0,0,0,0,5.0,13.0,11.0,23.0,6.0,0
88,30138,3.0,3.0,0.0,2.0,3.0,3.0,2.0,0.0,2.0,0.0,0.0,3.0,1.0,0.0,1.0,3.0,2.0,0.0,2.0,0.0,3.0,0.0,3.0,3.0,2.0,0.0,0.0,1.0,3.0,3.0,0.0,0.0,0.0,0.0,0.0,3.0,0.0,0.0,0.0,0.0,1.0,3.0,0.0,3.0,1.0,0.0,0.0,0.0,0.0,2.0,0.0,6.0,13.0,10.0,25.0,4.0,0.6,1.3,1.0,2.5,0.4,0,0,0,0,0,6.0,13.0,10.0,25.0,4.0,0
89,30139,2.0,2.0,0.0,2.0,2.0,2.0,2.0,0.0,2.0,1.0,3.0,3.0,3.0,1.0,2.0,2.0,2.0,1.0,2.0,1.0,,2.0,2.0,2.0,3.0,2.0,1.0,3.0,3.0,3.0,0.0,1.0,2.0,2.0,1.0,3.0,1.0,2.0,2.0,1.0,1.0,2.0,1.0,3.0,2.0,1.0,3.0,2.0,1.0,2.0,1.0,19.0,21.0,9.0,24.0,14.0,1.9,2.1,1.0,2.4,1.4,0,0,1,0,0,19.0,21.0,10.0,24.0,14.0,1
90,30140,2.0,1.0,1.0,2.0,2.0,2.0,1.0,1.0,1.0,1.0,2.0,1.0,3.0,1.0,2.0,1.0,2.0,1.0,1.0,1.0,0.0,0.0,2.0,3.0,2.0,1.0,1.0,1.0,0.0,1.0,1.0,1.0,1.0,2.0,2.0,3.0,1.0,2.0,2.0,2.0,1.0,2.0,2.0,2.0,2.0,1.0,2.0,2.0,1.0,1.0,1.0,16.0,16.0,13.0,12.0,14.0,1.6,1.6,1.3,1.2,1.4,0,0,0,0,0,16.0,16.0,13.0,12.0,14.0,0
92,30142,1.0,2.0,0.0,2.0,2.0,0.0,0.0,0.0,0.0,0.0,1.0,3.0,2.0,0.0,1.0,2.0,2.0,2.0,1.0,0.0,0.0,3.0,2.0,2.0,2.0,0.0,0.0,2.0,1.0,2.0,0.0,1.0,0.0,1.0,0.0,3.0,1.0,1.0,1.0,3.0,0.0,2.0,0.0,3.0,1.0,0.0,3.0,2.0,2.0,1.0,0.0,14.0,17.0,4.0,14.0,8.0,1.4,1.7,0.4,1.4,0.8,0,0,0,0,0,14.0,17.0,4.0,14.0,8.0,0
93,30143,2.0,1.0,0.0,3.0,3.0,3.0,0.0,0.0,2.0,2.0,1.0,2.0,1.0,1.0,2.0,1.0,3.0,1.0,1.0,0.0,1.0,0.0,2.0,1.0,2.0,1.0,0.0,2.0,2.0,2.0,1.0,2.0,1.0,1.0,1.0,3.0,1.0,3.0,1.0,1.0,1.0,1.0,1.0,1.0,1.0,1.0,2.0,1.0,2.0,2.0,3.0,12.0,18.0,9.0,21.0,10.0,1.2,1.8,0.9,2.1,1.0,0,0,0,0,0,12.0,18.0,9.0,21.0,10.0,0
94,30144,2.0,2.0,0.0,3.0,2.0,2.0,1.0,0.0,1.0,1.0,2.0,3.0,1.0,1.0,1.0,1.0,2.0,0.0,1.0,0.0,1.0,2.0,2.0,0.0,2.0,3.0,1.0,2.0,1.0,1.0,1.0,1.0,3.0,3.0,1.0,3.0,2.0,1.0,3.0,1.0,1.0,1.0,1.0,2.0,3.0,2.0,2.0,3.0,2.0,1.0,1.0,20.0,18.0,6.0,16.0,16.0,2.0,1.8,0.6,1.6,1.6,0,0,0,0,0,20.0,18.0,6.0,16.0,16.0,0
95,30145,3.0,1.0,1.0,2.0,2.0,2.0,0.0,0.0,1.0,1.0,3.0,2.0,1.0,1.0,2.0,3.0,3.0,0.0,3.0,2.0,0.0,3.0,2.0,2.0,1.0,3.0,0.0,2.0,2.0,3.0,0.0,1.0,2.0,2.0,0.0,3.0,0.0,1.0,3.0,0.0,1.0,1.0,0.0,2.0,3.0,0.0,3.0,3.0,0.0,2.0,2.0,18.0,17.0,10.0,21.0,11.0,1.8,1.7,1.0,2.1,1.1,0,0,0,0,0,18.0,17.0,10.0,21.0,11.0,0
97,30147,1.0,1.0,0.0,0.0,3.0,1.0,0.0,2.0,0.0,0.0,0.0,2.0,0.0,1.0,0.0,0.0,0.0,0.0,0.0,0.0,0.0,0.0,2.0,2.0,1.0,0.0,0.0,0.0,1.0,2.0,0.0,0.0,0.0,1.0,0.0,3.0,0.0,1.0,0.0,0.0,0.0,0.0,1.0,1.0,0.0,0.0,0.0,0.0,1.0,1.0,0.0,2.0,5.0,6.0,12.0,0.0,0.2,0.5,0.6,1.2,0.0,0,0,0,0,0,2.0,5.0,6.0,12.0,0.0,0
98,30148,0.0,1.0,0.0,1.0,1.0,2.0,0.0,1.0,1.0,0.0,0.0,1.0,1.0,1.0,0.0,1.0,1.0,0.0,1.0,1.0,1.0,0.0,1.0,2.0,0.0,0.0,1.0,2.0,1.0,2.0,0.0,2.0,0.0,2.0,0.0,3.0,1.0,0.0,1.0,1.0,1.0,2.0,1.0,3.0,,1.0,0.0,0.0,1.0,2.0,0.0,4.0,10.0,10.0,14.0,4.0,0.4444444444444444,1.0,1.0,1.4,0.4,1,0,0,0,0,4.444444444444445,10.0,10.0,14.0,4.0,1
99,30149,1.0,0.0,0.0,2.0,3.0,3.0,0.0,0.0,3.0,0.0,0.0,3.0,3.0,1.0,2.0,0.0,0.0,0.0,2.0,0.0,0.0,0.0,3.0,3.0,1.0,0.0,0.0,1.0,0.0,3.0,0.0,0.0,0.0,1.0,1.0,3.0,0.0,1.0,0.0,0.0,0.0,3.0,0.0,2.0,0.0,0.0,2.0,0.0,0.0,1.0,0.0,6.0,9.0,7.0,22.0,1.0,0.6,0.9,0.7,2.2,0.1,0,0,0,0,0,6.0,9.0,7.0,22.0,1.0,0
100,30150,2.0,2.0,2.0,2.0,1.0,1.0,0.0,1.0,0.0,1.0,3.0,2.0,3.0,0.0,1.0,2.0,1.0,0.0,0.0,0.0,0.0,3.0,2.0,2.0,3.0,0.0,0.0,2.0,0.0,3.0,1.0,1.0,0.0,3.0,0.0,3.0,1.0,1.0,1.0,0.0,3.0,0.0,0.0,3.0,3.0,0.0,3.0,3.0,1.0,0.0,1.0,20.0,21.0,9.0,11.0,3.0,2.0,2.1,0.9,1.1,0.3,0,0,0,0,0,20.0,21.0,9.0,11.0,3.0,0
101,30151,3.0,2.0,0.0,3.0,3.0,2.0,2.0,0.0,0.0,3.0,3.0,1.0,2.0,1.0,3.0,3.0,2.0,1.0,0.0,2.0,1.0,2.0,2.0,0.0,3.0,3.0,2.0,2.0,0.0,0.0,0.0,1.0,3.0,2.0,2.0,3.0,1.0,3.0,3.0,0.0,0.0,3.0,2.0,3.0,3.0,2.0,3.0,3.0,1.0,0.0,3.0,23.0,26.0,12.0,10.0,18.0,2.3,2.6,1.2,1.0,1.8,0,0,0,0,0,23.0,26.0,12.0,10.0,18.0,0
102,30152,0.0,1.0,0.0,1.0,2.0,2.0,1.0,1.0,2.0,1.0,0.0,2.0,1.0,1.0,2.0,2.0,1.0,1.0,2.0,0.0,1.0,1.0,2.0,2.0,2.0,1.0,1.0,2.0,2.0,2.0,1.0,1.0,1.0,1.0,0.0,3.0,1.0,1.0,1.0,1.0,0.0,2.0,1.0,2.0,1.0,0.0,0.0,1.0,1.0,3.0,1.0,8.0,12.0,9.0,21.0,9.0,0.8,1.2,0.9,2.1,0.9,0,0,0,0,0,8.0,12.0,9.0,21.0,9.0,0
103,30153,1.0,2.0,1.0,0.0,2.0,2.0,2.0,1.0,1.0,1.0,1.0,2.0,2.0,2.0,1.0,2.0,1.0,2.0,1.0,1.0,1.0,1.0,2.0,1.0,2.0,2.0,1.0,1.0,1.0,1.0,0.0,,2.0,1.0,1.0,2.0,1.0,1.0,1.0,,1.0,2.0,2.0,3.0,1.0,2.0,2.0,0.0,1.0,1.0,1.0,11.0,14.0,13.0,14.0,12.0,1.1,1.5555555555555556,1.3,1.4,1.3333333333333333,0,1,0,0,1,11.0,15.555555555555555,13.0,14.0,13.333333333333334,2
106,30156,2.0,2.0,3.0,2.0,2.0,2.0,1.0,2.0,2.0,1.0,1.0,2.0,0.0,1.0,1.0,3.0,1.0,3.0,3.0,1.0,0.0,0.0,3.0,2.0,3.0,1.0,0.0,2.0,2.0,2.0,1.0,1.0,1.0,1.0,1.0,3.0,1.0,2.0,1.0,0.0,0.0,1.0,1.0,1.0,0.0,1.0,1.0,0.0,3.0,2.0,1.0,9.0,17.0,12.0,22.0,10.0,0.9,1.7,1.2,2.2,1.0,0,0,0,0,0,9.0,17.0,12.0,22.0,10.0,0
107,30157,1.0,0.0,0.0,1.0,3.0,2.0,1.0,0.0,3.0,1.0,1.0,2.0,1.0,1.0,0.0,2.0,0.0,0.0,1.0,3.0,0.0,1.0,2.0,1.0,2.0,1.0,0.0,1.0,1.0,3.0,1.0,2.0,1.0,0.0,0.0,3.0,1.0,0.0,1.0,0.0,0.0,2.0,1.0,2.0,0.0,0.0,1.0,0.0,1.0,3.0,1.0,6.0,11.0,9.0,21.0,5.0,0.6,1.1,0.9,2.1,0.5,0,0,0,0,0,6.0,11.0,9.0,21.0,5.0,0
108,30158,2.0,2.0,3.0,2.0,2.0,2.0,0.0,2.0,2.0,3.0,2.0,2.0,1.0,2.0,1.0,2.0,2.0,1.0,2.0,1.0,2.0,2.0,2.0,1.0,2.0,2.0,2.0,2.0,2.0,2.0,1.0,2.0,2.0,2.0,1.0,3.0,1.0,2.0,2.0,2.0,0.0,1.0,2.0,2.0,2.0,1.0,3.0,2.0,1.0,2.0,1.0,15.0,22.0,15.0,20.0,15.0,1.5,2.2,1.5,2.0,1.5,0,0,0,0,0,15.0,22.0,15.0,20.0,15.0,0
110,30160,2.0,1.0,0.0,3.0,2.0,2.0,2.0,0.0,1.0,2.0,2.0,1.0,2.0,3.0,0.0,3.0,2.0,0.0,1.0,3.0,0.0,2.0,3.0,2.0,3.0,0.0,0.0,1.0,2.0,3.0,1.0,1.0,0.0,1.0,0.0,3.0,1.0,2.0,2.0,2.0,1.0,1.0,0.0,3.0,1.0,0.0,3.0,1.0,1.0,2.0,1.0,12.0,22.0,11.0,18.0,9.0,1.2,2.2,1.1,1.8,0.9,0,0,0,0,0,12.0,22.0,11.0,18.0,9.0,0
111,30161,2.0,1.0,0.0,1.0,2.0,1.0,0.0,0.0,1.0,1.0,1.0,3.0,2.0,1.0,1.0,2.0,2.0,0.0,2.0,0.0,0.0,2.0,2.0,2.0,1.0,0.0,0.0,1.0,1.0,3.0,0.0,0.0,0.0,1.0,0.0,3.0,1.0,0.0,1.0,0.0,2.0,1.0,2.0,1.0,2.0,0.0,1.0,2.0,1.0,1.0,3.0,14.0,9.0,11.0,17.0,3.0,1.4,0.9,1.1,1.7,0.3,0,0,0,0,0,14.0,9.0,11.0,17.0,3.0,0
112,30162,3.0,1.0,2.0,0.0,0.0,0.0,0.0,1.0,0.0,1.0,3.0,0.0,1.0,3.0,3.0,1.0,1.0,0.0,0.0,0.0,0.0,2.0,0.0,1.0,3.0,0.0,1.0,1.0,1.0,1.0,0.0,1.0,0.0,3.0,0.0,3.0,1.0,1.0,2.0,0.0,0.0,0.0,0.0,3.0,1.0,0.0,3.0,1.0,1.0,1.0,0.0,16.0,17.0,7.0,4.0,4.0,1.6,1.7,0.7,0.4,0.4,0,0,0,0,0,16.0,17.0,7.0,4.0,4.0,0
113,30163,2.0,1.0,2.0,2.0,3.0,3.0,1.0,2.0,1.0,2.0,2.0,2.0,2.0,1.0,2.0,1.0,3.0,1.0,1.0,1.0,2.0,3.0,3.0,2.0,2.0,1.0,2.0,2.0,2.0,2.0,2.0,2.0,2.0,1.0,2.0,3.0,2.0,2.0,2.0,1.0,1.0,2.0,2.0,2.0,1.0,2.0,2.0,1.0,1.0,3.0,2.0,18.0,17.0,17.0,22.0,17.0,1.8,1.7,1.7,2.2,1.7,0,0,0,0,0,18.0,17.0,17.0,22.0,17.0,0
114,30164,3.0,2.0,3.0,0.0,3.0,3.0,0.0,3.0,1.0,1.0,2.0,2.0,3.0,3.0,1.0,1.0,3.0,0.0,3.0,3.0,0.0,3.0,3.0,2.0,1.0,2.0,1.0,1.0,3.0,2.0,1.0,1.0,1.0,1.0,0.0,3.0,1.0,1.0,3.0,0.0,2.0,1.0,2.0,1.0,3.0,1.0,3.0,3.0,1.0,2.0,2.0,21.0,12.0,21.0,23.0,11.0,2.1,1.2,2.1,2.3,1.1,0,0,0,0,0,21.0,12.0,21.0,23.0,11.0,0
115,30165,3.0,3.0,2.0,2.0,2.0,1.0,1.0,1.0,1.0,2.0,3.0,2.0,3.0,3.0,3.0,2.0,3.0,0.0,0.0,0.0,0.0,2.0,0.0,1.0,2.0,1.0,0.0,2.0,3.0,2.0,1.0,2.0,0.0,2.0,1.0,3.0,1.0,1.0,2.0,1.0,0.0,0.0,2.0,2.0,2.0,0.0,2.0,2.0,2.0,3.0,3.0,21.0,20.0,12.0,16.0,10.0,2.1,2.0,1.2,1.6,1.0,0,0,0,0,0,21.0,20.0,12.0,16.0,10.0,0
116,30166,1.0,1.0,0.0,2.0,2.0,3.0,0.0,1.0,0.0,1.0,1.0,2.0,1.0,2.0,1.0,2.0,1.0,0.0,1.0,1.0,0.0,0.0,2.0,0.0,0.0,1.0,1.0,1.0,1.0,2.0,1.0,1.0,1.0,0.0,1.0,3.0,1.0,0.0,1.0,1.0,1.0,1.0,2.0,2.0,1.0,1.0,2.0,1.0,1.0,0.0,1.0,9.0,11.0,9.0,14.0,8.0,0.9,1.1,0.9,1.4,0.8,0,0,0,0,0,9.0,11.0,9.0,14.0,8.0,0
119,30169,3.0,1.0,1.0,2.0,2.0,2.0,0.0,1.0,2.0,1.0,3.0,2.0,3.0,1.0,3.0,3.0,3.0,0.0,2.0,1.0,0.0,3.0,2.0,1.0,3.0,3.0,2.0,1.0,1.0,2.0,1.0,1.0,2.0,1.0,1.0,3.0,1.0,0.0,3.0,0.0,0.0,2.0,2.0,3.0,3.0,1.0,3.0,1.0,3.0,1.0,1.0,24.0,18.0,10.0,17.0,15.0,2.4,1.8,1.0,1.7,1.5,0,0,0,0,0,24.0,18.0,10.0,17.0,15.0,0
120,30170,2.0,2.0,1.0,2.0,2.0,2.0,1.0,1.0,1.0,1.0,1.0,2.0,1.0,1.0,2.0,1.0,1.0,2.0,1.0,1.0,1.0,1.0,2.0,1.0,1.0,0.0,1.0,2.0,2.0,2.0,1.0,2.0,1.0,1.0,0.0,3.0,1.0,1.0,1.0,1.0,1.0,1.0,0.0,2.0,1.0,1.0,2.0,1.0,1.0,1.0,2.0,12.0,15.0,10.0,17.0,9.0,1.2,1.5,1.0,1.7,0.9,0,0,0,0,0,12.0,15.0,10.0,17.0,9.0,0
121,30171,1.0,3.0,1.0,2.0,2.0,2.0,3.0,1.0,3.0,1.0,1.0,3.0,2.0,0.0,1.0,2.0,0.0,2.0,3.0,2.0,1.0,2.0,3.0,1.0,,2.0,0.0,1.0,1.0,0.0,0.0,1.0,2.0,1.0,3.0,3.0,1.0,1.0,1.0,2.0,2.0,3.0,2.0,2.0,0.0,2.0,2.0,0.0,1.0,2.0,1.0,11.0,15.0,14.0,20.0,15.0,1.1,1.6666666666666667,1.4,2.0,1.5,0,1,0,0,0,11.0,16.666666666666668,14.0,20.0,15.0,1
122,30172,1.0,1.0,2.0,1.0,3.0,0.0,0.0,1.0,0.0,0.0,1.0,1.0,0.0,2.0,1.0,0.0,1.0,0.0,0.0,1.0,0.0,0.0,0.0,2.0,1.0,1.0,0.0,2.0,2.0,3.0,0.0,1.0,0.0,0.0,0.0,3.0,0.0,0.0,1.0,0.0,0.0,0.0,1.0,0.0,0.0,1.0,0.0,1.0,1.0,2.0,1.0,6.0,4.0,10.0,13.0,3.0,0.6,0.4,1.0,1.3,0.3,0,0,0,0,0,6.0,4.0,10.0,13.0,3.0,0
123,30173,2.0,2.0,1.0,1.0,1.0,2.0,1.0,1.0,1.0,2.0,2.0,2.0,2.0,2.0,2.0,1.0,2.0,1.0,1.0,2.0,2.0,2.0,3.0,1.0,2.0,2.0,1.0,2.0,2.0,2.0,1.0,0.0,1.0,2.0,1.0,3.0,1.0,1.0,2.0,1.0,1.0,1.0,1.0,2.0,2.0,1.0,2.0,2.0,1.0,2.0,1.0,17.0,15.0,13.0,18.0,13.0,1.7,1.5,1.3,1.8,1.3,0,0,0,0,0,17.0,15.0,13.0,18.0,13.0,0
124,30174,2.0,2.0,0.0,1.0,2.0,1.0,0.0,1.0,1.0,1.0,0.0,2.0,3.0,2.0,1.0,0.0,1.0,0.0,0.0,0.0,0.0,1.0,2.0,3.0,2.0,0.0,0.0,2.0,2.0,3.0,1.0,1.0,0.0,1.0,0.0,3.0,1.0,1.0,1.0,0.0,1.0,2.0,0.0,2.0,1.0,0.0,0.0,1.0,1.0,2.0,1.0,11.0,11.0,10.0,17.0,3.0,1.1,1.1,1.0,1.7,0.3,0,0,0,0,0,11.0,11.0,10.0,17.0,3.0,0
126,30176,3.0,1.0,0.0,2.0,3.0,2.0,1.0,0.0,2.0,0.0,0.0,3.0,2.0,2.0,2.0,2.0,0.0,2.0,3.0,1.0,2.0,1.0,2.0,3.0,2.0,0.0,2.0,0.0,2.0,3.0,0.0,0.0,0.0,1.0,1.0,3.0,1.0,0.0,0.0,2.0,2.0,2.0,2.0,3.0,0.0,1.0,0.0,0.0,1.0,0.0,2.0,11.0,11.0,16.0,20.0,8.0,1.1,1.1,1.6,2.0,0.8,0,0,0,0,0,11.0,11.0,16.0,20.0,8.0,0
127,30177,2.0,2.0,0.0,1.0,2.0,3.0,1.0,0.0,1.0,0.0,0.0,3.0,1.0,1.0,1.0,2.0,0.0,1.0,1.0,1.0,1.0,0.0,2.0,2.0,2.0,0.0,2.0,2.0,2.0,2.0,0.0,1.0,1.0,1.0,1.0,3.0,0.0,0.0,0.0,1.0,1.0,2.0,1.0,2.0,0.0,1.0,1.0,1.0,1.0,1.0,1.0,7.0,12.0,10.0,19.0,7.0,0.7,1.2,1.0,1.9,0.7,0,0,0,0,0,7.0,12.0,10.0,19.0,7.0,0
128,30178,3.0,0.0,2.0,3.0,3.0,3.0,3.0,3.0,1.0,3.0,3.0,3.0,3.0,3.0,3.0,2.0,3.0,0.0,1.0,3.0,1.0,3.0,3.0,3.0,2.0,3.0,0.0,2.0,2.0,1.0,3.0,3.0,3.0,3.0,0.0,3.0,2.0,3.0,3.0,3.0,0.0,2.0,3.0,3.0,3.0,1.0,3.0,3.0,1.0,3.0,2.0,25.0,25.0,22.0,22.0,21.0,2.5,2.5,2.2,2.2,2.1,0,0,0,0,0,25.0,25.0,22.0,22.0,21.0,0
129,30179,1.0,2.0,2.0,1.0,0.0,3.0,0.0,1.0,3.0,1.0,0.0,3.0,0.0,0.0,0.0,2.0,1.0,0.0,2.0,1.0,0.0,0.0,1.0,0.0,1.0,0.0,1.0,1.0,0.0,2.0,1.0,0.0,0.0,3.0,0.0,3.0,0.0,0.0,0.0,1.0,0.0,0.0,0.0,3.0,0.0,0.0,0.0,0.0,0.0,3.0,0.0,1.0,13.0,4.0,18.0,4.0,0.1,1.3,0.4,1.8,0.4,0,0,0,0,0,1.0,13.0,4.0,18.0,4.0,0
130,30180,1.0,2.0,0.0,3.0,1.0,1.0,0.0,1.0,1.0,1.0,1.0,2.0,1.0,1.0,0.0,2.0,0.0,1.0,1.0,0.0,0.0,1.0,2.0,1.0,2.0,1.0,1.0,1.0,0.0,1.0,1.0,1.0,1.0,1.0,1.0,3.0,0.0,1.0,1.0,1.0,1.0,1.0,1.0,2.0,0.0,0.0,2.0,1.0,1.0,2.0,1.0,6.0,17.0,7.0,12.0,8.0,0.6,1.7,0.7,1.2,0.8,0,0,0,0,0,6.0,17.0,7.0,12.0,8.0,0
131,30181,1.0,2.0,0.0,3.0,2.0,2.0,0.0,1.0,1.0,1.0,2.0,3.0,1.0,1.0,2.0,2.0,2.0,1.0,1.0,0.0,0.0,1.0,3.0,1.0,2.0,2.0,1.0,2.0,1.0,2.0,0.0,2.0,2.0,2.0,1.0,3.0,1.0,2.0,2.0,2.0,1.0,1.0,1.0,2.0,1.0,1.0,2.0,2.0,0.0,1.0,2.0,12.0,20.0,8.0,18.0,13.0,1.2,2.0,0.8,1.8,1.3,0,0,0,0,0,12.0,20.0,8.0,18.0,13.0,0
133,30183,2.0,2.0,2.0,2.0,2.0,2.0,1.0,2.0,1.0,2.0,2.0,2.0,2.0,2.0,2.0,1.0,2.0,1.0,1.0,1.0,1.0,3.0,1.0,2.0,2.0,2.0,1.0,2.0,2.0,2.0,1.0,2.0,2.0,2.0,1.0,3.0,2.0,2.0,2.0,1.0,1.0,1.0,2.0,2.0,2.0,2.0,3.0,2.0,2.0,1.0,1.0,21.0,20.0,15.0,16.0,14.0,2.1,2.0,1.5,1.6,1.4,0,0,0,0,0,21.0,20.0,15.0,16.0,14.0,0
134,30184,0.0,1.0,1.0,0.0,1.0,2.0,0.0,0.0,0.0,0.0,0.0,3.0,0.0,1.0,1.0,0.0,0.0,0.0,0.0,0.0,0.0,0.0,0.0,0.0,0.0,0.0,0.0,2.0,0.0,3.0,0.0,0.0,0.0,1.0,0.0,3.0,3.0,0.0,0.0,0.0,0.0,0.0,0.0,2.0,0.0,0.0,0.0,0.0,0.0,1.0,0.0,4.0,4.0,2.0,12.0,0.0,0.4,0.4,0.2,1.2,0.0,0,0,0,0,0,4.0,4.0,2.0,12.0,0.0,0
137,30187,2.0,1.0,0.0,2.0,2.0,0.0,0.0,0.0,0.0,1.0,1.0,3.0,1.0,1.0,2.0,2.0,1.0,0.0,0.0,0.0,2.0,0.0,2.0,2.0,0.0,2.0,0.0,1.0,0.0,3.0,0.0,0.0,1.0,1.0,1.0,3.0,1.0,0.0,2.0,0.0,0.0,0.0,2.0,2.0,1.0,1.0,1.0,1.0,0.0,3.0,1.0,10.0,10.0,8.0,14.0,7.0,1.0,1.0,0.8,1.4,0.7,0,0,0,0,0,10.0,10.0,8.0,14.0,7.0,0
138,30188,1.0,2.0,,1.0,0.0,2.0,0.0,0.0,1.0,1.0,2.0,2.0,0.0,3.0,3.0,0.0,3.0,1.0,1.0,0.0,0.0,2.0,1.0,1.0,0.0,2.0,2.0,2.0,3.0,1.0,1.0,0.0,1.0,1.0,0.0,3.0,2.0,1.0,2.0,2.0,1.0,1.0,2.0,1.0,1.0,0.0,2.0,1.0,2.0,0.0,0.0,14.0,9.0,8.0,13.0,14.0,1.4,0.9,0.8888888888888888,1.3,1.4,0,0,1,0,0,14.0,9.0,8.88888888888889,13.0,14.0,1
139,30189,1.0,2.0,1.0,2.0,3.0,3.0,1.0,1.0,1.0,0.0,1.0,3.0,1.0,1.0,1.0,2.0,1.0,1.0,1.0,1.0,1.0,1.0,3.0,1.0,2.0,1.0,1.0,1.0,2.0,3.0,1.0,1.0,1.0,2.0,1.0,3.0,2.0,1.0,1.0,1.0,2.0,0.0,2.0,1.0,1.0,2.0,2.0,0.0,1.0,1.0,1.0,11.0,15.0,11.0,21.0,10.0,1.1,1.5,1.1,2.1,1.0,0,0,0,0,0,11.0,15.0,11.0,21.0,10.0,0
140,30190,2.0,1.0,0.0,1.0,2.0,0.0,0.0,0.0,0.0,3.0,3.0,1.0,1.0,1.0,2.0,2.0,2.0,0.0,0.0,0.0,0.0,1.0,1.0,1.0,1.0,3.0,1.0,1.0,2.0,2.0,1.0,1.0,1.0,1.0,2.0,3.0,1.0,1.0,2.0,1.0,1.0,1.0,0.0,3.0,2.0,1.0,2.0,2.0,1.0,3.0,2.0,16.0,16.0,6.0,12.0,13.0,1.6,1.6,0.6,1.2,1.3,0,0,0,0,0,16.0,16.0,6.0,12.0,13.0,0
142,30192,3.0,1.0,1.0,1.0,1.0,0.0,0.0,1.0,1.0,2.0,3.0,2.0,3.0,2.0,2.0,2.0,2.0,0.0,0.0,0.0,0.0,2.0,1.0,1.0,2.0,2.0,1.0,1.0,1.0,2.0,1.0,1.0,1.0,1.0,1.0,3.0,1.0,1.0,3.0,1.0,0.0,1.0,2.0,3.0,1.0,1.0,2.0,2.0,1.0,1.0,1.0,19.0,16.0,9.0,10.0,12.0,1.9,1.6,0.9,1.0,1.2,0,0,0,0,0,19.0,16.0,9.0,10.0,12.0,0
143,30193,3.0,2.0,1.0,3.0,3.0,0.0,0.0,1.0,0.0,2.0,3.0,3.0,3.0,2.0,3.0,2.0,3.0,1.0,0.0,1.0,1.0,3.0,0.0,1.0,3.0,2.0,1.0,2.0,2.0,0.0,2.0,1.0,2.0,3.0,2.0,3.0,1.0,1.0,3.0,2.0,2.0,0.0,2.0,3.0,3.0,2.0,3.0,3.0,1.0,2.0,3.0,25.0,23.0,14.0,12.0,18.0,2.5,2.3,1.4,1.2,1.8,0,0,0,0,0,25.0,23.0,14.0,12.0,18.0,0
144,30194,1.0,2.0,0.0,1.0,2.0,2.0,0.0,0.0,1.0,1.0,1.0,2.0,1.0,1.0,1.0,1.0,0.0,2.0,0.0,0.0,0.0,1.0,2.0,1.0,2.0,0.0,1.0,1.0,3.0,2.0,0.0,1.0,1.0,1.0,0.0,3.0,1.0,1.0,0.0,1.0,0.0,2.0,1.0,2.0,0.0,1.0,2.0,0.0,1.0,3.0,0.0,8.0,14.0,5.0,18.0,5.0,0.8,1.4,0.5,1.8,0.5,0,0,0,0,0,8.0,14.0,5.0,18.0,5.0,0
145,30195,3.0,1.0,0.0,2.0,2.0,1.0,2.0,1.0,1.0,1.0,3.0,3.0,1.0,1.0,1.0,2.0,3.0,0.0,2.0,1.0,1.0,3.0,2.0,2.0,2.0,3.0,0.0,2.0,0.0,2.0,0.0,1.0,2.0,0.0,2.0,3.0,0.0,1.0,3.0,3.0,0.0,3.0,2.0,2.0,2.0,1.0,3.0,2.0,1.0,1.0,2.0,17.0,15.0,13.0,16.0,18.0,1.7,1.5,1.3,1.6,1.8,0,0,0,0,0,17.0,15.0,13.0,16.0,18.0,0
147,30197,3.0,2.0,2.0,0.0,1.0,0.0,0.0,1.0,0.0,2.0,3.0,1.0,3.0,3.0,3.0,0.0,3.0,0.0,1.0,0.0,0.0,3.0,0.0,2.0,1.0,3.0,0.0,1.0,2.0,3.0,1.0,0.0,0.0,2.0,0.0,3.0,1.0,1.0,3.0,0.0,0.0,0.0,0.0,2.0,3.0,1.0,3.0,3.0,0.0,0.0,3.0,23.0,13.0,11.0,9.0,10.0,2.3,1.3,1.1,0.9,1.0,0,0,0,0,0,23.0,13.0,11.0,9.0,10.0,0
149,30199,1.0,2.0,0.0,2.0,2.0,1.0,1.0,0.0,0.0,1.0,1.0,1.0,0.0,1.0,1.0,1.0,1.0,0.0,1.0,1.0,1.0,1.0,2.0,3.0,1.0,1.0,2.0,2.0,1.0,2.0,1.0,1.0,1.0,2.0,2.0,3.0,1.0,2.0,1.0,1.0,0.0,1.0,1.0,3.0,0.0,1.0,2.0,1.0,1.0,3.0,1.0,8.0,17.0,9.0,15.0,11.0,0.8,1.7,0.9,1.5,1.1,0,0,0,0,0,8.0,17.0,9.0,15.0,11.0,0
151,30201,2.0,3.0,0.0,0.0,2.0,3.0,0.0,0.0,2.0,0.0,0.0,3.0,2.0,0.0,1.0,1.0,0.0,3.0,1.0,0.0,0.0,0.0,3.0,1.0,2.0,0.0,0.0,0.0,0.0,3.0,0.0,0.0,0.0,2.0,0.0,3.0,0.0,0.0,0.0,0.0,0.0,1.0,0.0,3.0,0.0,0.0,0.0,0.0,0.0,3.0,0.0,5.0,11.0,2.0,20.0,3.0,0.5,1.1,0.2,2.0,0.3,0,0,0,0,0,5.0,11.0,2.0,20.0,3.0,0
152,30202,1.0,1.0,1.0,0.0,3.0,3.0,3.0,1.0,3.0,1.0,1.0,3.0,1.0,0.0,1.0,0.0,0.0,1.0,0.0,1.0,1.0,1.0,2.0,3.0,0.0,2.0,1.0,0.0,0.0,3.0,0.0,1.0,0.0,1.0,0.0,3.0,0.0,1.0,1.0,2.0,0.0,1.0,0.0,1.0,2.0,0.0,2.0,0.0,0.0,2.0,0.0,7.0,8.0,8.0,19.0,10.0,0.7,0.8,0.8,1.9,1.0,0,0,0,0,0,7.0,8.0,8.0,19.0,10.0,0
154,30204,1.0,3.0,0.0,2.0,3.0,0.0,0.0,2.0,0.0,2.0,0.0,3.0,0.0,1.0,1.0,2.0,2.0,1.0,2.0,1.0,3.0,1.0,1.0,1.0,0.0,1.0,1.0,2.0,2.0,1.0,3.0,2.0,2.0,2.0,1.0,3.0,0.0,1.0,2.0,2.0,1.0,1.0,1.0,2.0,2.0,2.0,1.0,2.0,1.0,2.0,2.0,10.0,17.0,13.0,16.0,15.0,1.0,1.7,1.3,1.6,1.5,0,0,0,0,0,10.0,17.0,13.0,16.0,15.0,0
155,30205,1.0,1.0,1.0,1.0,0.0,2.0,0.0,0.0,2.0,1.0,1.0,2.0,1.0,0.0,0.0,2.0,0.0,0.0,3.0,0.0,0.0,0.0,3.0,2.0,2.0,0.0,0.0,0.0,1.0,1.0,0.0,1.0,0.0,0.0,0.0,3.0,1.0,1.0,0.0,0.0,0.0,3.0,0.0,3.0,0.0,0.0,0.0,3.0,0.0,2.0,0.0,7.0,12.0,6.0,16.0,0.0,0.7,1.2,0.6,1.6,0.0,0,0,0,0,0,7.0,12.0,6.0,16.0,0.0,0
156,30206,2.0,3.0,0.0,2.0,2.0,2.0,0.0,0.0,2.0,0.0,0.0,3.0,2.0,0.0,0.0,3.0,0.0,0.0,2.0,0.0,1.0,1.0,3.0,2.0,3.0,0.0,0.0,0.0,2.0,2.0,0.0,1.0,0.0,0.0,0.0,3.0,0.0,0.0,0.0,1.0,1.0,2.0,1.0,3.0,0.0,0.0,1.0,0.0,1.0,2.0,1.0,6.0,16.0,8.0,20.0,1.0,0.6,1.6,0.8,2.0,0.1,0,0,0,0,0,6.0,16.0,8.0,20.0,1.0,0
157,30207,0.0,2.0,1.0,2.0,1.0,2.0,0.0,2.0,1.0,2.0,1.0,1.0,1.0,3.0,0.0,1.0,1.0,0.0,0.0,0.0,1.0,2.0,1.0,2.0,1.0,1.0,0.0,3.0,2.0,2.0,2.0,1.0,2.0,0.0,0.0,3.0,1.0,1.0,1.0,3.0,1.0,1.0,1.0,2.0,2.0,0.0,3.0,2.0,2.0,3.0,2.0,11.0,15.0,14.0,16.0,10.0,1.1,1.5,1.4,1.6,1.0,0,0,0,0,0,11.0,15.0,14.0,16.0,10.0,0
158,30208,2.0,1.0,2.0,0.0,1.0,1.0,1.0,1.0,1.0,2.0,1.0,2.0,1.0,1.0,1.0,2.0,1.0,1.0,2.0,2.0,2.0,1.0,2.0,2.0,1.0,1.0,1.0,1.0,1.0,2.0,1.0,1.0,2.0,,2.0,3.0,1.0,1.0,1.0,2.0,1.0,3.0,2.0,2.0,1.0,1.0,1.0,1.0,1.0,3.0,2.0,11.0,11.0,18.0,16.0,13.0,1.1,1.2222222222222223,1.8,1.6,1.3,0,1,0,0,0,11.0,12.222222222222221,18.0,16.0,13.0,1
159,30209,2.0,1.0,1.0,2.0,1.0,2.0,1.0,1.0,1.0,1.0,2.0,1.0,3.0,1.0,2.0,2.0,2.0,2.0,1.0,2.0,0.0,2.0,1.0,2.0,2.0,3.0,2.0,2.0,1.0,1.0,1.0,1.0,2.0,1.0,1.0,3.0,2.0,1.0,2.0,2.0,1.0,1.0,1.0,2.0,3.0,2.0,2.0,2.0,1.0,2.0,1.0,21.0,15.0,11.0,13.0,18.0,2.1,1.5,1.1,1.3,1.8,0,0,0,0,0,21.0,15.0,11.0,13.0,18.0,0
160,30210,0.0,2.0,0.0,1.0,2.0,0.0,0.0,0.0,0.0,0.0,0.0,2.0,0.0,0.0,0.0,2.0,0.0,0.0,0.0,0.0,0.0,1.0,2.0,0.0,0.0,0.0,0.0,0.0,0.0,3.0,0.0,0.0,0.0,0.0,0.0,3.0,0.0,1.0,0.0,0.0,0.0,1.0,1.0,1.0,0.0,0.0,1.0,1.0,0.0,0.0,0.0,2.0,8.0,2.0,9.0,0.0,0.2,0.8,0.2,0.9,0.0,0,0,0,0,0,2.0,8.0,2.0,9.0,0.0,0
162,30212,1.0,1.0,1.0,2.0,1.0,1.0,1.0,1.0,1.0,1.0,1.0,1.0,0.0,2.0,1.0,1.0,1.0,1.0,2.0,0.0,1.0,2.0,1.0,0.0,1.0,1.0,1.0,1.0,0.0,1.0,1.0,1.0,1.0,1.0,1.0,3.0,1.0,2.0,1.0,1.0,2.0,0.0,1.0,1.0,1.0,1.0,1.0,1.0,0.0,1.0,2.0,9.0,12.0,10.0,10.0,10.0,0.9,1.2,1.0,1.0,1.0,0,0,0,0,0,9.0,12.0,10.0,10.0,10.0,0
163,30213,0.0,2.0,2.0,2.0,3.0,3.0,1.0,3.0,2.0,2.0,2.0,2.0,1.0,2.0,2.0,3.0,3.0,2.0,3.0,1.0,1.0,2.0,3.0,1.0,3.0,2.0,2.0,1.0,1.0,2.0,0.0,2.0,1.0,1.0,0.0,3.0,1.0,2.0,3.0,3.0,1.0,2.0,3.0,2.0,3.0,2.0,3.0,2.0,1.0,1.0,1.0,16.0,22.0,17.0,21.0,17.0,1.6,2.2,1.7,2.1,1.7,0,0,0,0,0,16.0,22.0,17.0,21.0,17.0,0
164,30214,2.0,2.0,0.0,1.0,2.0,2.0,0.0,1.0,2.0,2.0,1.0,2.0,1.0,1.0,1.0,1.0,1.0,0.0,2.0,1.0,1.0,1.0,2.0,2.0,2.0,1.0,1.0,1.0,2.0,2.0,1.0,2.0,1.0,1.0,1.0,3.0,1.0,1.0,1.0,1.0,2.0,1.0,1.0,2.0,1.0,1.0,2.0,1.0,1.0,2.0,1.0,11.0,16.0,11.0,19.0,8.0,1.1,1.6,1.1,1.9,0.8,0,0,0,0,0,11.0,16.0,11.0,19.0,8.0,0
165,30215,0.0,0.0,0.0,0.0,0.0,1.0,0.0,0.0,2.0,1.0,0.0,0.0,0.0,1.0,0.0,0.0,0.0,0.0,2.0,0.0,0.0,0.0,1.0,3.0,0.0,0.0,0.0,0.0,2.0,3.0,0.0,1.0,0.0,3.0,0.0,3.0,1.0,0.0,0.0,0.0,1.0,2.0,0.0,3.0,0.0,0.0,0.0,0.0,0.0,3.0,0.0,1.0,8.0,7.0,14.0,0.0,0.1,0.8,0.7,1.4,0.0,0,0,0,0,0,1.0,8.0,7.0,14.0,0.0,0
166,30216,2.0,3.0,1.0,2.0,1.0,1.0,2.0,2.0,2.0,2.0,2.0,3.0,2.0,1.0,1.0,3.0,1.0,0.0,2.0,1.0,0.0,3.0,2.0,2.0,2.0,3.0,2.0,1.0,1.0,0.0,1.0,3.0,1.0,2.0,0.0,3.0,1.0,2.0,2.0,2.0,0.0,3.0,1.0,2.0,2.0,2.0,3.0,2.0,3.0,1.0,2.0,20.0,24.0,13.0,14.0,14.0,2.0,2.4,1.3,1.4,1.4,0,0,0,0,0,20.0,24.0,13.0,14.0,14.0,0
167,30217,0.0,3.0,0.0,1.0,1.0,1.0,0.0,0.0,0.0,1.0,0.0,1.0,3.0,0.0,0.0,1.0,0.0,1.0,0.0,0.0,0.0,1.0,1.0,1.0,1.0,1.0,0.0,0.0,1.0,2.0,0.0,2.0,0.0,1.0,0.0,3.0,0.0,0.0,0.0,2.0,1.0,0.0,0.0,2.0,1.0,1.0,1.0,0.0,0.0,2.0,1.0,6.0,13.0,3.0,9.0,4.0,0.6,1.3,0.3,0.9,0.4,0,0,0,0,0,6.0,13.0,3.0,9.0,4.0,0
168,30218,2.0,2.0,1.0,3.0,2.0,2.0,0.0,0.0,0.0,1.0,3.0,3.0,3.0,2.0,1.0,2.0,3.0,0.0,0.0,0.0,0.0,3.0,0.0,0.0,0.0,3.0,2.0,3.0,1.0,2.0,0.0,1.0,0.0,1.0,1.0,3.0,2.0,2.0,3.0,2.0,2.0,0.0,0.0,3.0,3.0,2.0,3.0,3.0,1.0,1.0,2.0,23.0,18.0,7.0,14.0,14.0,2.3,1.8,0.7,1.4,1.4,0,0,0,0,0,23.0,18.0,7.0,14.0,14.0,0
169,30219,2.0,2.0,0.0,1.0,1.0,3.0,0.0,1.0,0.0,2.0,1.0,2.0,2.0,3.0,2.0,1.0,2.0,0.0,0.0,1.0,1.0,1.0,3.0,1.0,2.0,1.0,0.0,1.0,2.0,2.0,0.0,1.0,1.0,2.0,1.0,3.0,0.0,1.0,2.0,1.0,1.0,1.0,1.0,2.0,2.0,1.0,2.0,2.0,0.0,1.0,1.0,13.0,16.0,11.0,15.0,8.0,1.3,1.6,1.1,1.5,0.8,0,0,0,0,0,13.0,16.0,11.0,15.0,8.0,0
170,30220,1.0,1.0,1.0,2.0,0.0,3.0,2.0,1.0,0.0,1.0,0.0,2.0,1.0,1.0,0.0,0.0,1.0,2.0,3.0,1.0,1.0,1.0,2.0,0.0,1.0,0.0,0.0,1.0,1.0,2.0,1.0,0.0,0.0,0.0,1.0,3.0,1.0,1.0,0.0,1.0,1.0,2.0,2.0,3.0,0.0,1.0,1.0,0.0,0.0,0.0,1.0,5.0,10.0,11.0,14.0,8.0,0.5,1.0,1.1,1.4,0.8,0,0,0,0,0,5.0,10.0,11.0,14.0,8.0,0
171,30221,2.0,2.0,1.0,2.0,2.0,2.0,1.0,1.0,1.0,1.0,2.0,2.0,1.0,1.0,2.0,1.0,2.0,1.0,2.0,1.0,1.0,2.0,2.0,1.0,2.0,2.0,1.0,2.0,1.0,2.0,1.0,1.0,2.0,1.0,1.0,3.0,1.0,2.0,2.0,1.0,1.0,1.0,2.0,2.0,2.0,2.0,2.0,1.0,1.0,1.0,1.0,16.0,16.0,11.0,17.0,14.0,1.6,1.6,1.1,1.7,1.4,0,0,0,0,0,16.0,16.0,11.0,17.0,14.0,0
172,30222,2.0,2.0,2.0,3.0,3.0,3.0,1.0,2.0,1.0,1.0,2.0,3.0,3.0,2.0,2.0,2.0,2.0,1.0,2.0,1.0,1.0,3.0,3.0,3.0,2.0,2.0,1.0,2.0,2.0,2.0,0.0,2.0,2.0,2.0,1.0,3.0,1.0,2.0,2.0,1.0,3.0,3.0,2.0,2.0,2.0,2.0,3.0,2.0,2.0,3.0,2.0,21.0,21.0,21.0,24.0,13.0,2.1,2.1,2.1,2.4,1.3,0,0,0,0,0,21.0,21.0,21.0,24.0,13.0,0
173,30223,2.0,2.0,0.0,3.0,2.0,2.0,3.0,0.0,2.0,2.0,3.0,2.0,2.0,2.0,2.0,2.0,2.0,0.0,2.0,1.0,3.0,2.0,3.0,2.0,3.0,2.0,2.0,2.0,3.0,3.0,1.0,0.0,2.0,2.0,3.0,3.0,1.0,2.0,3.0,2.0,1.0,1.0,1.0,3.0,3.0,2.0,3.0,3.0,1.0,3.0,2.0,21.0,22.0,13.0,24.0,20.0,2.1,2.2,1.3,2.4,2.0,0,0,0,0,0,21.0,22.0,13.0,24.0,20.0,0
174,30224,3.0,1.0,0.0,2.0,3.0,3.0,1.0,0.0,1.0,3.0,2.0,2.0,1.0,0.0,3.0,3.0,3.0,0.0,1.0,0.0,0.0,3.0,2.0,1.0,2.0,2.0,1.0,1.0,2.0,0.0,1.0,1.0,3.0,0.0,0.0,3.0,1.0,2.0,3.0,1.0,0.0,3.0,0.0,1.0,3.0,0.0,2.0,3.0,0.0,2.0,1.0,19.0,17.0,5.0,17.0,15.0,1.9,1.7,0.5,1.7,1.5,0,0,0,0,0,19.0,17.0,5.0,17.0,15.0,0
177,30227,2.0,3.0,1.0,3.0,2.0,3.0,0.0,2.0,1.0,2.0,3.0,2.0,2.0,2.0,3.0,3.0,2.0,2.0,1.0,1.0,0.0,2.0,2.0,2.0,3.0,2.0,2.0,1.0,0.0,1.0,2.0,2.0,2.0,2.0,0.0,3.0,1.0,2.0,2.0,2.0,0.0,3.0,0.0,2.0,2.0,2.0,3.0,1.0,2.0,1.0,3.0,20.0,25.0,14.0,14.0,16.0,2.0,2.5,1.4,1.4,1.6,0,0,0,0,0,20.0,25.0,14.0,14.0,16.0,0
178,30228,1.0,2.0,0.0,0.0,3.0,3.0,0.0,0.0,3.0,0.0,2.0,3.0,1.0,2.0,0.0,1.0,1.0,0.0,3.0,1.0,0.0,0.0,3.0,0.0,2.0,0.0,2.0,1.0,3.0,3.0,0.0,0.0,1.0,2.0,0.0,3.0,0.0,1.0,1.0,0.0,0.0,3.0,0.0,3.0,0.0,0.0,3.0,0.0,0.0,3.0,3.0,4.0,14.0,9.0,28.0,5.0,0.4,1.4,0.9,2.8,0.5,0,0,0,0,0,4.0,14.0,9.0,28.0,5.0,0
179,30229,3.0,2.0,0.0,2.0,1.0,1.0,2.0,1.0,2.0,1.0,3.0,2.0,3.0,1.0,2.0,3.0,3.0,2.0,3.0,2.0,0.0,2.0,2.0,2.0,2.0,3.0,3.0,2.0,1.0,2.0,3.0,1.0,1.0,2.0,2.0,3.0,3.0,2.0,3.0,2.0,0.0,2.0,1.0,2.0,3.0,2.0,3.0,3.0,2.0,2.0,2.0,26.0,20.0,11.0,18.0,24.0,2.6,2.0,1.1,1.8,2.4,0,0,0,0,0,26.0,20.0,11.0,18.0,24.0,0
180,30230,2.0,1.0,1.0,3.0,2.0,0.0,1.0,3.0,0.0,1.0,3.0,1.0,3.0,2.0,3.0,3.0,1.0,2.0,0.0,2.0,0.0,3.0,0.0,3.0,3.0,1.0,1.0,2.0,2.0,2.0,0.0,2.0,1.0,2.0,2.0,3.0,1.0,3.0,2.0,2.0,1.0,2.0,3.0,2.0,2.0,0.0,3.0,3.0,1.0,1.0,2.0,21.0,23.0,19.0,10.0,13.0,2.1,2.3,1.9,1.0,1.3,0,0,0,0,0,21.0,23.0,19.0,10.0,13.0,0
181,30231,1.0,2.0,0.0,2.0,2.0,2.0,0.0,0.0,2.0,0.0,0.0,3.0,1.0,2.0,1.0,2.0,1.0,1.0,2.0,0.0,0.0,1.0,2.0,0.0,2.0,0.0,0.0,0.0,2.0,3.0,0.0,1.0,1.0,1.0,1.0,3.0,1.0,1.0,1.0,1.0,1.0,2.0,0.0,3.0,1.0,0.0,1.0,1.0,0.0,1.0,1.0,7.0,15.0,6.0,19.0,6.0,0.7,1.5,0.6,1.9,0.6,0,0,0,0,0,7.0,15.0,6.0,19.0,6.0,0
182,30232,2.0,3.0,1.0,1.0,2.0,1.0,0.0,2.0,0.0,1.0,2.0,2.0,3.0,2.0,2.0,0.0,3.0,1.0,2.0,1.0,0.0,2.0,2.0,1.0,3.0,3.0,2.0,2.0,2.0,3.0,1.0,0.0,1.0,2.0,0.0,3.0,1.0,2.0,3.0,1.0,2.0,1.0,2.0,3.0,2.0,1.0,3.0,2.0,3.0,2.0,1.0,20.0,18.0,13.0,18.0,15.0,2.0,1.8,1.3,1.8,1.5,0,0,0,0,0,20.0,18.0,13.0,18.0,15.0,0
184,30234,2.0,2.0,0.0,3.0,2.0,0.0,0.0,0.0,0.0,1.0,1.0,2.0,3.0,0.0,2.0,3.0,3.0,0.0,0.0,0.0,0.0,1.0,2.0,0.0,3.0,0.0,0.0,0.0,1.0,2.0,0.0,0.0,0.0,2.0,0.0,3.0,0.0,1.0,1.0,0.0,0.0,0.0,0.0,1.0,3.0,0.0,2.0,2.0,1.0,0.0,0.0,15.0,18.0,0.0,9.0,4.0,1.5,1.8,0.0,0.9,0.4,0,0,0,0,0,15.0,18.0,0.0,9.0,4.0,0
185,30235,2.0,3.0,2.0,3.0,3.0,1.0,2.0,2.0,0.0,3.0,3.0,3.0,3.0,3.0,3.0,3.0,3.0,3.0,0.0,2.0,0.0,3.0,2.0,2.0,3.0,3.0,1.0,2.0,1.0,3.0,1.0,3.0,3.0,2.0,3.0,3.0,3.0,3.0,3.0,2.0,3.0,2.0,3.0,3.0,3.0,2.0,3.0,3.0,1.0,0.0,0.0,26.0,29.0,19.0,15.0,24.0,2.6,2.9,1.9,1.5,2.4,0,0,0,0,0,26.0,29.0,19.0,15.0,24.0,0
186,30236,2.0,1.0,1.0,0.0,2.0,2.0,0.0,,0.0,1.0,1.0,2.0,1.0,2.0,2.0,1.0,2.0,0.0,1.0,0.0,2.0,0.0,2.0,0.0,1.0,1.0,0.0,0.0,2.0,2.0,0.0,1.0,1.0,3.0,0.0,3.0,1.0,0.0,1.0,0.0,1.0,2.0,1.0,3.0,2.0,2.0,2.0,1.0,0.0,3.0,1.0,12.0,13.0,10.0,16.0,5.0,1.2,1.3,1.1111111111111112,1.6,0.5,0,0,1,0,0,12.0,13.0,11.11111111111111,16.0,5.0,1
187,30237,2.0,3.0,0.0,2.0,3.0,1.0,2.0,0.0,2.0,2.0,1.0,2.0,2.0,0.0,1.0,2.0,1.0,2.0,0.0,0.0,2.0,3.0,2.0,3.0,3.0,0.0,1.0,0.0,1.0,0.0,1.0,1.0,3.0,3.0,2.0,3.0,1.0,3.0,0.0,1.0,0.0,2.0,3.0,3.0,1.0,3.0,3.0,1.0,0.0,2.0,0.0,15.0,25.0,10.0,13.0,13.0,1.5,2.5,1.0,1.3,1.3,0,0,0,0,0,15.0,25.0,10.0,13.0,13.0,0
189,30239,3.0,3.0,0.0,3.0,3.0,2.0,2.0,0.0,2.0,2.0,3.0,3.0,3.0,2.0,3.0,3.0,3.0,1.0,2.0,1.0,0.0,3.0,3.0,2.0,3.0,3.0,3.0,2.0,2.0,3.0,1.0,2.0,3.0,2.0,2.0,3.0,2.0,3.0,3.0,2.0,1.0,2.0,1.0,3.0,3.0,3.0,3.0,3.0,1.0,3.0,1.0,27.0,27.0,10.0,25.0,23.0,2.7,2.7,1.0,2.5,2.3,0,0,0,0,0,27.0,27.0,10.0,25.0,23.0,0
190,30240,1.0,2.0,1.0,1.0,1.0,1.0,0.0,1.0,0.0,1.0,1.0,2.0,0.0,1.0,1.0,0.0,1.0,1.0,2.0,2.0,,0.0,2.0,0.0,2.0,0.0,1.0,1.0,1.0,1.0,1.0,1.0,0.0,1.0,0.0,3.0,1.0,1.0,1.0,0.0,1.0,2.0,2.0,2.0,1.0,0.0,1.0,1.0,1.0,2.0,1.0,7.0,12.0,11.0,13.0,5.0,0.7,1.2,1.2222222222222223,1.3,0.5,0,0,1,0,0,7.0,12.0,12.222222222222221,13.0,5.0,1
191,30241,1.0,1.0,1.0,2.0,1.0,2.0,2.0,1.0,2.0,1.0,1.0,2.0,0.0,1.0,1.0,2.0,1.0,2.0,2.0,2.0,1.0,1.0,2.0,2.0,2.0,2.0,2.0,2.0,0.0,2.0,1.0,1.0,1.0,1.0,2.0,2.0,1.0,1.0,1.0,2.0,1.0,2.0,1.0,2.0,1.0,2.0,3.0,1.0,1.0,1.0,1.0,10.0,16.0,13.0,16.0,16.0,1.0,1.6,1.3,1.6,1.6,0,0,0,0,0,10.0,16.0,13.0,16.0,16.0,0
193,30243,2.0,1.0,0.0,1.0,2.0,3.0,,0.0,3.0,0.0,0.0,3.0,1.0,1.0,0.0,3.0,0.0,1.0,2.0,1.0,1.0,1.0,3.0,2.0,2.0,1.0,2.0,0.0,2.0,2.0,0.0,0.0,1.0,0.0,1.0,3.0,2.0,0.0,0.0,3.0,0.0,3.0,3.0,3.0,0.0,3.0,3.0,0.0,0.0,2.0,2.0,9.0,13.0,13.0,22.0,9.0,0.9,1.3,1.3,2.2,1.0,0,0,0,0,1,9.0,13.0,13.0,22.0,10.0,1
194,30244,3.0,3.0,3.0,3.0,2.0,3.0,3.0,3.0,2.0,2.0,2.0,3.0,3.0,3.0,3.0,3.0,2.0,2.0,3.0,1.0,3.0,1.0,3.0,3.0,3.0,1.0,1.0,3.0,1.0,2.0,1.0,3.0,1.0,2.0,1.0,3.0,2.0,3.0,2.0,3.0,2.0,3.0,2.0,3.0,3.0,1.0,3.0,2.0,1.0,1.0,2.0,21.0,28.0,25.0,23.0,17.0,2.1,2.8,2.5,2.3,1.7,0,0,0,0,0,21.0,28.0,25.0,23.0,17.0,0
195,30245,3.0,2.0,1.0,0.0,2.0,1.0,0.0,0.0,1.0,1.0,1.0,2.0,1.0,0.0,1.0,0.0,1.0,0.0,1.0,0.0,1.0,0.0,2.0,0.0,1.0,0.0,1.0,0.0,1.0,3.0,1.0,0.0,0.0,2.0,0.0,3.0,2.0,0.0,1.0,0.0,0.0,1.0,0.0,2.0,1.0,0.0,2.0,2.0,1.0,3.0,0.0,12.0,10.0,3.0,16.0,4.0,1.2,1.0,0.3,1.6,0.4,0,0,0,0,0,12.0,10.0,3.0,16.0,4.0,0
196,30246,3.0,3.0,0.0,0.0,0.0,3.0,0.0,0.0,0.0,0.0,0.0,3.0,3.0,0.0,0.0,3.0,0.0,0.0,0.0,0.0,3.0,0.0,3.0,0.0,3.0,0.0,0.0,0.0,3.0,3.0,3.0,0.0,0.0,0.0,0.0,3.0,0.0,0.0,0.0,0.0,3.0,3.0,3.0,3.0,0.0,3.0,0.0,0.0,0.0,3.0,3.0,9.0,12.0,15.0,18.0,3.0,0.9,1.2,1.5,1.8,0.3,0,0,0,0,0,9.0,12.0,15.0,18.0,3.0,0
198,30248,1.0,2.0,2.0,1.0,1.0,0.0,1.0,2.0,0.0,1.0,1.0,1.0,2.0,3.0,1.0,2.0,2.0,1.0,1.0,2.0,2.0,3.0,2.0,1.0,2.0,1.0,1.0,1.0,2.0,1.0,1.0,2.0,1.0,2.0,1.0,2.0,1.0,2.0,2.0,1.0,3.0,2.0,1.0,1.0,1.0,1.0,2.0,1.0,2.0,2.0,2.0,14.0,17.0,20.0,11.0,12.0,1.4,1.7,2.0,1.1,1.2,0,0,0,0,0,14.0,17.0,20.0,11.0,12.0,0
199,30249,3.0,3.0,2.0,2.0,2.0,2.0,2.0,2.0,2.0,3.0,3.0,2.0,3.0,2.0,3.0,2.0,3.0,1.0,2.0,2.0,2.0,3.0,2.0,3.0,3.0,2.0,2.0,2.0,3.0,1.0,2.0,3.0,2.0,3.0,2.0,3.0,2.0,3.0,3.0,2.0,2.0,2.0,2.0,3.0,3.0,2.0,3.0,3.0,2.0,3.0,2.0,27.0,28.0,21.0,21.0,21.0,2.7,2.8,2.1,2.1,2.1,0,0,0,0,0,27.0,28.0,21.0,21.0,21.0,0
200,30250,2.0,0.0,0.0,2.0,3.0,2.0,0.0,2.0,1.0,0.0,1.0,3.0,1.0,3.0,0.0,1.0,1.0,0.0,0.0,1.0,0.0,0.0,1.0,2.0,1.0,1.0,1.0,1.0,2.0,3.0,0.0,0.0,0.0,1.0,0.0,3.0,1.0,1.0,1.0,0.0,1.0,0.0,1.0,2.0,1.0,1.0,2.0,1.0,0.0,2.0,2.0,8.0,10.0,12.0,18.0,4.0,0.8,1.0,1.2,1.8,0.4,0,0,0,0,0,8.0,10.0,12.0,18.0,4.0,0
201,30251,1.0,1.0,1.0,1.0,2.0,2.0,1.0,2.0,2.0,2.0,1.0,1.0,1.0,1.0,2.0,2.0,1.0,2.0,1.0,1.0,1.0,2.0,2.0,2.0,1.0,2.0,1.0,2.0,2.0,2.0,2.0,1.0,1.0,1.0,2.0,3.0,1.0,1.0,2.0,1.0,1.0,2.0,1.0,2.0,1.0,2.0,2.0,2.0,1.0,1.0,0.0,14.0,14.0,12.0,17.0,15.0,1.4,1.4,1.2,1.7,1.5,0,0,0,0,0,14.0,14.0,12.0,17.0,15.0,0
202,30252,1.0,2.0,1.0,2.0,2.0,2.0,0.0,1.0,0.0,1.0,1.0,2.0,2.0,3.0,0.0,1.0,1.0,0.0,0.0,0.0,2.0,1.0,1.0,2.0,1.0,1.0,1.0,1.0,1.0,2.0,0.0,1.0,0.0,1.0,0.0,3.0,1.0,1.0,1.0,0.0,0.0,2.0,2.0,2.0,1.0,1.0,1.0,1.0,0.0,2.0,0.0,9.0,13.0,13.0,13.0,4.0,0.9,1.3,1.3,1.3,0.4,0,0,0,0,0,9.0,13.0,13.0,13.0,4.0,0
204,30254,1.0,3.0,3.0,3.0,3.0,3.0,2.0,3.0,2.0,0.0,1.0,1.0,1.0,3.0,0.0,3.0,1.0,3.0,2.0,1.0,0.0,0.0,3.0,2.0,0.0,2.0,1.0,0.0,3.0,1.0,0.0,1.0,1.0,1.0,0.0,3.0,1.0,3.0,1.0,3.0,2.0,2.0,0.0,0.0,0.0,1.0,2.0,1.0,1.0,3.0,3.0,7.0,16.0,19.0,21.0,14.0,0.7,1.6,1.9,2.1,1.4,0,0,0,0,0,7.0,16.0,19.0,21.0,14.0,0
205,30255,2.0,1.0,0.0,2.0,1.0,2.0,0.0,0.0,2.0,1.0,2.0,2.0,3.0,1.0,2.0,0.0,2.0,0.0,2.0,2.0,0.0,2.0,2.0,3.0,1.0,2.0,0.0,1.0,2.0,2.0,1.0,0.0,0.0,1.0,1.0,3.0,1.0,0.0,2.0,0.0,1.0,1.0,2.0,2.0,3.0,2.0,1.0,3.0,2.0,2.0,1.0,22.0,9.0,11.0,18.0,8.0,2.2,0.9,1.1,1.8,0.8,0,0,0,0,0,22.0,9.0,11.0,18.0,8.0,0
206,30256,2.0,2.0,1.0,3.0,2.0,3.0,1.0,1.0,0.0,0.0,1.0,1.0,1.0,1.0,2.0,2.0,1.0,2.0,0.0,0.0,0.0,0.0,1.0,1.0,1.0,0.0,0.0,1.0,3.0,3.0,0.0,3.0,0.0,1.0,0.0,3.0,0.0,1.0,0.0,2.0,0.0,1.0,3.0,3.0,1.0,0.0,3.0,1.0,1.0,3.0,1.0,9.0,19.0,9.0,17.0,6.0,0.9,1.9,0.9,1.7,0.6,0,0,0,0,0,9.0,19.0,9.0,17.0,6.0,0
207,30257,3.0,1.0,0.0,2.0,2.0,1.0,0.0,0.0,1.0,3.0,3.0,2.0,3.0,2.0,2.0,2.0,3.0,1.0,3.0,1.0,0.0,2.0,2.0,0.0,2.0,2.0,2.0,0.0,0.0,0.0,1.0,0.0,3.0,1.0,0.0,3.0,2.0,1.0,3.0,0.0,1.0,2.0,0.0,3.0,2.0,1.0,2.0,2.0,1.0,0.0,1.0,21.0,17.0,7.0,11.0,15.0,2.1,1.7,0.7,1.1,1.5,0,0,0,0,0,21.0,17.0,7.0,11.0,15.0,0
209,30259,1.0,1.0,0.0,1.0,1.0,1.0,1.0,0.0,1.0,1.0,1.0,2.0,3.0,1.0,1.0,2.0,2.0,1.0,1.0,1.0,3.0,1.0,2.0,3.0,1.0,1.0,1.0,1.0,2.0,2.0,1.0,1.0,0.0,1.0,0.0,3.0,1.0,0.0,1.0,1.0,1.0,1.0,1.0,2.0,1.0,1.0,1.0,1.0,0.0,2.0,1.0,11.0,11.0,12.0,15.0,9.0,1.1,1.1,1.2,1.5,0.9,0,0,0,0,0,11.0,11.0,12.0,15.0,9.0,0
210,30260,2.0,2.0,0.0,2.0,3.0,3.0,0.0,0.0,0.0,1.0,1.0,3.0,2.0,0.0,1.0,2.0,2.0,0.0,0.0,0.0,0.0,1.0,3.0,1.0,2.0,0.0,1.0,2.0,2.0,3.0,0.0,0.0,1.0,2.0,0.0,3.0,1.0,0.0,1.0,0.0,0.0,3.0,1.0,2.0,1.0,1.0,2.0,2.0,2.0,1.0,0.0,14.0,15.0,5.0,20.0,5.0,1.4,1.5,0.5,2.0,0.5,0,0,0,0,0,14.0,15.0,5.0,20.0,5.0,0
212,30262,0.0,2.0,2.0,2.0,1.0,0.0,0.0,1.0,1.0,1.0,1.0,1.0,1.0,2.0,0.0,1.0,0.0,1.0,0.0,1.0,2.0,1.0,1.0,1.0,2.0,1.0,0.0,1.0,1.0,1.0,0.0,1.0,1.0,2.0,1.0,3.0,1.0,1.0,1.0,1.0,2.0,1.0,1.0,2.0,1.0,1.0,2.0,1.0,1.0,1.0,2.0,8.0,16.0,15.0,8.0,6.0,0.8,1.6,1.5,0.8,0.6,0,0,0,0,0,8.0,16.0,15.0,8.0,6.0,0
213,30263,1.0,2.0,1.0,3.0,0.0,0.0,0.0,1.0,3.0,1.0,1.0,1.0,2.0,2.0,3.0,3.0,0.0,1.0,2.0,2.0,0.0,0.0,2.0,3.0,3.0,1.0,1.0,1.0,0.0,1.0,2.0,1.0,3.0,1.0,1.0,3.0,1.0,1.0,0.0,3.0,0.0,1.0,3.0,3.0,0.0,2.0,2.0,0.0,2.0,1.0,0.0,12.0,20.0,13.0,11.0,12.0,1.2,2.0,1.3,1.1,1.2,0,0,0,0,0,12.0,20.0,13.0,11.0,12.0,0
214,30264,3.0,3.0,0.0,3.0,3.0,3.0,1.0,0.0,1.0,3.0,2.0,3.0,3.0,1.0,2.0,2.0,3.0,1.0,1.0,1.0,0.0,3.0,3.0,2.0,2.0,2.0,2.0,2.0,1.0,1.0,1.0,2.0,2.0,2.0,2.0,3.0,2.0,2.0,2.0,2.0,2.0,2.0,1.0,3.0,2.0,2.0,3.0,2.0,2.0,0.0,1.0,23.0,25.0,10.0,18.0,18.0,2.3,2.5,1.0,1.8,1.8,0,0,0,0,0,23.0,25.0,10.0,18.0,18.0,0
216,30266,2.0,1.0,1.0,2.0,2.0,2.0,1.0,1.0,2.0,1.0,1.0,2.0,2.0,2.0,1.0,2.0,1.0,1.0,2.0,1.0,1.0,1.0,2.0,2.0,2.0,1.0,1.0,1.0,2.0,2.0,1.0,1.0,1.0,1.0,1.0,3.0,1.0,1.0,2.0,1.0,1.0,2.0,1.0,2.0,1.0,1.0,1.0,1.0,1.0,2.0,2.0,12.0,14.0,14.0,19.0,11.0,1.2,1.4,1.4,1.9,1.1,0,0,0,0,0,12.0,14.0,14.0,19.0,11.0,0
220,30270,1.0,1.0,0.0,1.0,0.0,1.0,0.0,0.0,2.0,1.0,0.0,3.0,2.0,0.0,0.0,2.0,2.0,0.0,2.0,0.0,2.0,0.0,2.0,3.0,3.0,1.0,0.0,2.0,3.0,3.0,0.0,0.0,0.0,1.0,0.0,3.0,1.0,0.0,2.0,0.0,2.0,1.0,0.0,3.0,1.0,0.0,1.0,0.0,0.0,0.0,3.0,5.0,13.0,11.0,18.0,5.0,0.5,1.3,1.1,1.8,0.5,0,0,0,0,0,5.0,13.0,11.0,18.0,5.0,0
223,30273,0.0,1.0,0.0,3.0,3.0,3.0,2.0,1.0,0.0,2.0,2.0,0.0,3.0,0.0,3.0,3.0,2.0,3.0,3.0,0.0,2.0,3.0,3.0,3.0,3.0,3.0,2.0,2.0,0.0,1.0,1.0,0.0,2.0,0.0,2.0,3.0,1.0,0.0,2.0,3.0,3.0,3.0,0.0,2.0,2.0,2.0,2.0,1.0,2.0,1.0,1.0,19.0,16.0,13.0,16.0,22.0,1.9,1.6,1.3,1.6,2.2,0,0,0,0,0,19.0,16.0,13.0,16.0,22.0,0
224,30274,2.0,1.0,1.0,2.0,2.0,0.0,0.0,0.0,0.0,1.0,2.0,1.0,1.0,1.0,2.0,0.0,3.0,0.0,0.0,0.0,0.0,0.0,0.0,2.0,2.0,0.0,1.0,1.0,2.0,2.0,0.0,1.0,1.0,1.0,1.0,3.0,0.0,1.0,1.0,1.0,0.0,0.0,1.0,2.0,2.0,1.0,1.0,3.0,1.0,2.0,1.0,14.0,12.0,6.0,10.0,8.0,1.4,1.2,0.6,1.0,0.8,0,0,0,0,0,14.0,12.0,6.0,10.0,8.0,0
227,30277,2.0,1.0,1.0,0.0,1.0,3.0,0.0,2.0,1.0,1.0,1.0,1.0,1.0,2.0,2.0,2.0,1.0,1.0,1.0,1.0,2.0,2.0,1.0,2.0,1.0,1.0,2.0,1.0,1.0,1.0,1.0,1.0,0.0,1.0,1.0,3.0,1.0,1.0,1.0,1.0,1.0,1.0,2.0,2.0,2.0,2.0,2.0,1.0,1.0,2.0,1.0,15.0,12.0,15.0,13.0,9.0,1.5,1.2,1.5,1.3,0.9,0,0,0,0,0,15.0,12.0,15.0,13.0,9.0,0
228,30278,1.0,2.0,0.0,2.0,1.0,1.0,2.0,0.0,0.0,1.0,1.0,1.0,3.0,1.0,1.0,3.0,1.0,2.0,1.0,2.0,1.0,1.0,2.0,0.0,2.0,2.0,2.0,0.0,2.0,0.0,0.0,0.0,2.0,1.0,1.0,3.0,1.0,1.0,1.0,3.0,1.0,2.0,2.0,3.0,1.0,2.0,1.0,0.0,1.0,3.0,0.0,12.0,16.0,9.0,11.0,16.0,1.2,1.6,0.9,1.1,1.6,0,0,0,0,0,12.0,16.0,9.0,11.0,16.0,0
229,30279,3.0,1.0,1.0,2.0,1.0,1.0,0.0,0.0,0.0,1.0,2.0,2.0,2.0,1.0,3.0,1.0,3.0,0.0,0.0,0.0,0.0,2.0,2.0,2.0,1.0,1.0,1.0,1.0,0.0,1.0,2.0,1.0,3.0,2.0,1.0,3.0,1.0,1.0,3.0,0.0,1.0,2.0,2.0,0.0,3.0,1.0,3.0,3.0,1.0,0.0,3.0,21.0,13.0,12.0,8.0,14.0,2.1,1.3,1.2,0.8,1.4,0,0,0,0,0,21.0,13.0,12.0,8.0,14.0,0
231,30281,2.0,3.0,3.0,3.0,3.0,3.0,1.0,3.0,2.0,1.0,2.0,3.0,2.0,0.0,1.0,2.0,2.0,3.0,1.0,1.0,0.0,3.0,2.0,1.0,2.0,2.0,2.0,1.0,1.0,3.0,2.0,2.0,0.0,2.0,2.0,3.0,2.0,3.0,2.0,1.0,2.0,1.0,0.0,2.0,2.0,1.0,3.0,1.0,1.0,2.0,0.0,17.0,23.0,11.0,21.0,17.0,1.7,2.3,1.1,2.1,1.7,0,0,0,0,0,17.0,23.0,11.0,21.0,17.0,0
232,30282,2.0,1.0,0.0,2.0,2.0,2.0,1.0,0.0,1.0,1.0,2.0,2.0,2.0,0.0,1.0,2.0,1.0,2.0,0.0,3.0,0.0,1.0,2.0,0.0,1.0,2.0,1.0,1.0,2.0,2.0,1.0,1.0,2.0,1.0,1.0,3.0,1.0,1.0,1.0,1.0,1.0,1.0,1.0,2.0,1.0,1.0,1.0,1.0,1.0,1.0,1.0,13.0,13.0,7.0,15.0,13.0,1.3,1.3,0.7,1.5,1.3,0,0,0,0,0,13.0,13.0,7.0,15.0,13.0,0
234,30284,2.0,2.0,0.0,0.0,3.0,2.0,0.0,0.0,2.0,0.0,2.0,3.0,0.0,2.0,1.0,0.0,1.0,0.0,2.0,0.0,2.0,3.0,2.0,3.0,1.0,2.0,0.0,3.0,3.0,1.0,1.0,1.0,1.0,1.0,0.0,3.0,0.0,2.0,3.0,0.0,0.0,0.0,0.0,2.0,1.0,0.0,1.0,2.0,1.0,3.0,0.0,12.0,10.0,7.0,24.0,8.0,1.2,1.0,0.7,2.4,0.8,0,0,0,0,0,12.0,10.0,7.0,24.0,8.0,0
235,30285,2.0,2.0,1.0,2.0,2.0,0.0,0.0,3.0,0.0,2.0,2.0,1.0,2.0,3.0,2.0,2.0,3.0,1.0,0.0,1.0,0.0,2.0,1.0,1.0,2.0,2.0,1.0,2.0,0.0,1.0,1.0,1.0,1.0,2.0,1.0,3.0,1.0,2.0,2.0,1.0,1.0,1.0,1.0,2.0,1.0,1.0,2.0,2.0,1.0,0.0,3.0,16.0,19.0,15.0,7.0,13.0,1.6,1.9,1.5,0.7,1.3,0,0,0,0,0,16.0,19.0,15.0,7.0,13.0,0
236,30286,1.0,1.0,1.0,3.0,3.0,2.0,0.0,0.0,1.0,1.0,1.0,2.0,1.0,1.0,1.0,2.0,1.0,1.0,1.0,1.0,0.0,1.0,2.0,2.0,2.0,1.0,1.0,2.0,1.0,2.0,1.0,1.0,0.0,2.0,0.0,3.0,2.0,2.0,1.0,0.0,1.0,1.0,2.0,2.0,1.0,2.0,2.0,1.0,1.0,0.0,1.0,12.0,18.0,10.0,16.0,6.0,1.2,1.8,1.0,1.6,0.6,0,0,0,0,0,12.0,18.0,10.0,16.0,6.0,0
237,30287,1.0,1.0,0.0,3.0,2.0,3.0,1.0,0.0,3.0,0.0,1.0,3.0,1.0,1.0,1.0,2.0,1.0,1.0,3.0,0.0,2.0,1.0,3.0,2.0,2.0,0.0,0.0,1.0,2.0,3.0,0.0,0.0,0.0,1.0,1.0,3.0,0.0,0.0,0.0,1.0,2.0,2.0,3.0,2.0,1.0,1.0,2.0,0.0,0.0,3.0,0.0,7.0,13.0,12.0,26.0,5.0,0.7,1.3,1.2,2.6,0.5,0,0,0,0,0,7.0,13.0,12.0,26.0,5.0,0
238,30288,0.0,3.0,0.0,2.0,2.0,2.0,1.0,0.0,1.0,3.0,3.0,2.0,3.0,3.0,1.0,2.0,1.0,0.0,1.0,1.0,0.0,3.0,0.0,1.0,3.0,3.0,3.0,1.0,0.0,2.0,1.0,1.0,0.0,2.0,0.0,3.0,2.0,1.0,1.0,1.0,0.0,0.0,3.0,3.0,2.0,2.0,2.0,2.0,3.0,2.0,3.0,21.0,22.0,11.0,13.0,11.0,2.1,2.2,1.1,1.3,1.1,0,0,0,0,0,21.0,22.0,11.0,13.0,11.0,0
239,30289,0.0,3.0,1.0,1.0,1.0,3.0,2.0,0.0,2.0,2.0,3.0,0.0,3.0,3.0,1.0,2.0,1.0,1.0,2.0,1.0,2.0,2.0,2.0,0.0,0.0,2.0,2.0,0.0,2.0,0.0,1.0,0.0,0.0,2.0,0.0,3.0,1.0,1.0,1.0,2.0,0.0,1.0,1.0,3.0,0.0,2.0,2.0,1.0,2.0,0.0,2.0,15.0,16.0,11.0,12.0,12.0,1.5,1.6,1.1,1.2,1.2,0,0,0,0,0,15.0,16.0,11.0,12.0,12.0,0
240,30290,1.0,3.0,0.0,0.0,2.0,0.0,0.0,0.0,1.0,1.0,2.0,2.0,1.0,2.0,0.0,0.0,2.0,0.0,1.0,1.0,0.0,1.0,2.0,0.0,1.0,0.0,1.0,0.0,1.0,3.0,0.0,1.0,1.0,0.0,1.0,3.0,0.0,1.0,2.0,0.0,0.0,2.0,2.0,2.0,0.0,1.0,2.0,2.0,1.0,3.0,0.0,9.0,11.0,7.0,15.0,7.0,0.9,1.1,0.7,1.5,0.7,0,0,0,0,0,9.0,11.0,7.0,15.0,7.0,0
241,30291,3.0,3.0,0.0,3.0,3.0,3.0,2.0,0.0,2.0,3.0,3.0,2.0,3.0,1.0,3.0,3.0,3.0,3.0,1.0,0.0,2.0,3.0,3.0,3.0,3.0,3.0,2.0,1.0,2.0,0.0,1.0,1.0,3.0,3.0,3.0,3.0,2.0,3.0,3.0,2.0,1.0,0.0,0.0,3.0,3.0,3.0,3.0,3.0,0.0,1.0,3.0,26.0,28.0,10.0,18.0,25.0,2.6,2.8,1.0,1.8,2.5,0,0,0,0,0,26.0,28.0,10.0,18.0,25.0,0
242,30292,2.0,1.0,1.0,2.0,2.0,1.0,0.0,1.0,1.0,2.0,2.0,2.0,1.0,2.0,3.0,0.0,2.0,0.0,0.0,1.0,0.0,1.0,1.0,3.0,2.0,2.0,2.0,2.0,1.0,2.0,1.0,1.0,1.0,1.0,2.0,3.0,1.0,1.0,2.0,1.0,3.0,0.0,2.0,2.0,2.0,2.0,3.0,2.0,1.0,2.0,2.0,17.0,15.0,15.0,14.0,13.0,1.7,1.5,1.5,1.4,1.3,0,0,0,0,0,17.0,15.0,15.0,14.0,13.0,0
243,30293,2.0,1.0,0.0,3.0,0.0,0.0,0.0,0.0,1.0,0.0,1.0,1.0,1.0,0.0,2.0,3.0,1.0,1.0,1.0,0.0,0.0,1.0,3.0,3.0,1.0,0.0,0.0,2.0,3.0,2.0,1.0,2.0,0.0,1.0,0.0,3.0,0.0,1.0,1.0,0.0,1.0,2.0,1.0,1.0,1.0,0.0,1.0,1.0,0.0,3.0,1.0,9.0,14.0,8.0,16.0,4.0,0.9,1.4,0.8,1.6,0.4,0,0,0,0,0,9.0,14.0,8.0,16.0,4.0,0
244,30294,3.0,3.0,0.0,2.0,1.0,0.0,0.0,0.0,0.0,1.0,1.0,2.0,2.0,1.0,2.0,3.0,1.0,1.0,0.0,0.0,0.0,1.0,1.0,3.0,3.0,0.0,1.0,2.0,0.0,3.0,1.0,3.0,0.0,1.0,0.0,3.0,1.0,1.0,1.0,0.0,0.0,0.0,1.0,0.0,1.0,0.0,1.0,2.0,1.0,2.0,0.0,14.0,18.0,5.0,11.0,5.0,1.4,1.8,0.5,1.1,0.5,0,0,0,0,0,14.0,18.0,5.0,11.0,5.0,0
245,30295,3.0,0.0,0.0,3.0,3.0,2.0,0.0,1.0,1.0,0.0,2.0,3.0,3.0,1.0,2.0,2.0,3.0,0.0,3.0,0.0,3.0,1.0,3.0,2.0,2.0,2.0,0.0,0.0,3.0,3.0,0.0,2.0,1.0,1.0,1.0,3.0,0.0,1.0,2.0,0.0,0.0,0.0,1.0,2.0,2.0,0.0,1.0,1.0,1.0,2.0,0.0,15.0,14.0,8.0,23.0,9.0,1.5,1.4,0.8,2.3,0.9,0,0,0,0,0,15.0,14.0,8.0,23.0,9.0,0
246,30296,1.0,1.0,2.0,2.0,1.0,0.0,0.0,2.0,0.0,1.0,1.0,1.0,2.0,1.0,1.0,2.0,1.0,1.0,0.0,2.0,1.0,1.0,0.0,1.0,2.0,0.0,1.0,1.0,0.0,2.0,0.0,1.0,1.0,1.0,0.0,3.0,1.0,1.0,1.0,1.0,1.0,0.0,2.0,1.0,2.0,0.0,0.0,2.0,1.0,0.0,2.0,12.0,12.0,14.0,5.0,6.0,1.2,1.2,1.4,0.5,0.6,0,0,0,0,0,12.0,12.0,14.0,5.0,6.0,0
247,30297,2.0,2.0,1.0,2.0,2.0,2.0,1.0,0.0,1.0,0.0,0.0,2.0,0.0,1.0,2.0,3.0,2.0,2.0,2.0,0.0,0.0,0.0,2.0,0.0,2.0,1.0,1.0,0.0,2.0,1.0,1.0,0.0,0.0,1.0,0.0,3.0,0.0,1.0,2.0,0.0,0.0,1.0,1.0,3.0,0.0,1.0,2.0,1.0,0.0,2.0,1.0,6.0,16.0,5.0,16.0,10.0,0.6,1.6,0.5,1.6,1.0,0,0,0,0,0,6.0,16.0,5.0,16.0,10.0,0
248,30298,1.0,1.0,1.0,2.0,2.0,2.0,0.0,1.0,2.0,0.0,1.0,3.0,1.0,1.0,0.0,2.0,1.0,1.0,2.0,1.0,3.0,0.0,2.0,2.0,1.0,0.0,0.0,0.0,2.0,2.0,0.0,2.0,1.0,1.0,0.0,3.0,0.0,1.0,1.0,0.0,1.0,1.0,3.0,2.0,0.0,1.0,1.0,0.0,0.0,2.0,1.0,4.0,13.0,15.0,19.0,4.0,0.4,1.3,1.5,1.9,0.4,0,0,0,0,0,4.0,13.0,15.0,19.0,4.0,0
249,30299,1.0,2.0,0.0,2.0,2.0,3.0,0.0,0.0,1.0,0.0,1.0,3.0,1.0,3.0,1.0,2.0,2.0,1.0,0.0,1.0,2.0,0.0,1.0,2.0,1.0,1.0,0.0,1.0,1.0,2.0,0.0,0.0,0.0,0.0,1.0,3.0,0.0,1.0,2.0,1.0,3.0,1.0,1.0,1.0,1.0,0.0,2.0,1.0,1.0,3.0,2.0,7.0,11.0,15.0,17.0,8.0,0.7,1.1,1.5,1.7,0.8,0,0,0,0,0,7.0,11.0,15.0,17.0,8.0,0
252,30302,2.0,2.0,1.0,1.0,3.0,3.0,1.0,1.0,1.0,1.0,2.0,2.0,1.0,1.0,3.0,1.0,2.0,1.0,1.0,2.0,1.0,2.0,2.0,1.0,3.0,2.0,2.0,1.0,3.0,2.0,1.0,1.0,1.0,1.0,2.0,3.0,1.0,2.0,2.0,0.0,1.0,2.0,3.0,2.0,2.0,1.0,3.0,1.0,1.0,2.0,1.0,16.0,17.0,14.0,20.0,14.0,1.6,1.7,1.4,2.0,1.4,0,0,0,0,0,16.0,17.0,14.0,20.0,14.0,0
253,30303,2.0,1.0,1.0,2.0,2.0,1.0,1.0,1.0,1.0,2.0,2.0,2.0,2.0,0.0,1.0,1.0,2.0,0.0,0.0,0.0,0.0,2.0,0.0,1.0,2.0,2.0,1.0,1.0,0.0,2.0,1.0,2.0,2.0,1.0,1.0,3.0,2.0,1.0,2.0,1.0,1.0,1.0,1.0,2.0,1.0,1.0,2.0,2.0,1.0,1.0,1.0,16.0,16.0,7.0,10.0,13.0,1.6,1.6,0.7,1.0,1.3,0,0,0,0,0,16.0,16.0,7.0,10.0,13.0,0
254,30304,1.0,2.0,0.0,3.0,0.0,0.0,0.0,0.0,0.0,1.0,1.0,0.0,0.0,3.0,3.0,2.0,2.0,0.0,0.0,0.0,0.0,0.0,0.0,3.0,3.0,2.0,0.0,0.0,0.0,3.0,0.0,1.0,2.0,1.0,0.0,3.0,1.0,0.0,2.0,0.0,0.0,3.0,3.0,2.0,2.0,0.0,2.0,2.0,,0.0,0.0,10.0,17.0,12.0,3.0,8.0,1.1111111111111112,1.7,1.2,0.3,0.8,1,0,0,0,0,11.11111111111111,17.0,12.0,3.0,8.0,1
255,30305,1.0,2.0,1.0,2.0,1.0,0.0,0.0,1.0,1.0,1.0,2.0,1.0,1.0,1.0,0.0,2.0,1.0,0.0,3.0,1.0,0.0,1.0,2.0,2.0,2.0,2.0,1.0,1.0,2.0,2.0,1.0,1.0,1.0,1.0,0.0,3.0,2.0,2.0,1.0,0.0,0.0,1.0,2.0,2.0,0.0,1.0,3.0,0.0,1.0,1.0,1.0,9.0,18.0,10.0,14.0,7.0,0.9,1.8,1.0,1.4,0.7,0,0,0,0,0,9.0,18.0,10.0,14.0,7.0,0
256,30306,2.0,2.0,0.0,3.0,2.0,1.0,1.0,0.0,0.0,2.0,2.0,2.0,1.0,0.0,2.0,3.0,2.0,2.0,1.0,0.0,0.0,2.0,2.0,2.0,2.0,2.0,1.0,1.0,0.0,1.0,0.0,1.0,2.0,2.0,1.0,3.0,1.0,2.0,2.0,2.0,0.0,1.0,1.0,2.0,2.0,1.0,2.0,2.0,0.0,3.0,1.0,15.0,21.0,5.0,13.0,15.0,1.5,2.1,0.5,1.3,1.5,0,0,0,0,0,15.0,21.0,5.0,13.0,15.0,0
257,30307,2.0,2.0,1.0,2.0,3.0,3.0,3.0,0.0,3.0,2.0,2.0,3.0,3.0,1.0,2.0,3.0,3.0,2.0,3.0,1.0,0.0,1.0,3.0,2.0,3.0,3.0,2.0,1.0,3.0,0.0,1.0,1.0,2.0,0.0,1.0,3.0,2.0,2.0,2.0,2.0,1.0,2.0,2.0,3.0,1.0,2.0,1.0,1.0,0.0,3.0,1.0,16.0,19.0,11.0,25.0,21.0,1.6,1.9,1.1,2.5,2.1,0,0,0,0,0,16.0,19.0,11.0,25.0,21.0,0
258,30308,1.0,1.0,0.0,2.0,1.0,2.0,0.0,0.0,1.0,1.0,1.0,1.0,1.0,1.0,1.0,3.0,1.0,0.0,3.0,1.0,0.0,1.0,2.0,2.0,3.0,0.0,1.0,1.0,0.0,3.0,0.0,1.0,0.0,1.0,0.0,3.0,2.0,1.0,0.0,0.0,0.0,3.0,2.0,2.0,0.0,2.0,2.0,0.0,0.0,1.0,0.0,9.0,17.0,9.0,15.0,2.0,0.9,1.7,0.9,1.5,0.2,0,0,0,0,0,9.0,17.0,9.0,15.0,2.0,0
259,30309,1.0,1.0,1.0,0.0,0.0,2.0,0.0,0.0,0.0,1.0,1.0,0.0,1.0,1.0,0.0,0.0,0.0,0.0,0.0,1.0,1.0,1.0,2.0,1.0,3.0,1.0,0.0,1.0,0.0,2.0,0.0,2.0,0.0,3.0,1.0,3.0,0.0,1.0,1.0,0.0,0.0,0.0,1.0,2.0,1.0,0.0,2.0,1.0,0.0,3.0,0.0,6.0,15.0,6.0,10.0,3.0,0.6,1.5,0.6,1.0,0.3,0,0,0,0,0,6.0,15.0,6.0,10.0,3.0,0
260,30310,3.0,2.0,2.0,2.0,2.0,2.0,1.0,3.0,1.0,2.0,2.0,2.0,2.0,3.0,3.0,2.0,2.0,0.0,1.0,0.0,1.0,2.0,1.0,3.0,2.0,2.0,1.0,2.0,3.0,3.0,1.0,2.0,1.0,1.0,0.0,3.0,1.0,1.0,1.0,1.0,1.0,2.0,1.0,3.0,1.0,0.0,2.0,1.0,0.0,1.0,1.0,15.0,19.0,17.0,18.0,10.0,1.5,1.9,1.7,1.8,1.0,0,0,0,0,0,15.0,19.0,17.0,18.0,10.0,0
261,30311,3.0,2.0,0.0,3.0,2.0,2.0,0.0,1.0,1.0,1.0,3.0,3.0,2.0,1.0,2.0,2.0,3.0,1.0,2.0,0.0,0.0,3.0,2.0,2.0,3.0,2.0,2.0,2.0,3.0,3.0,1.0,2.0,2.0,3.0,1.0,3.0,1.0,2.0,3.0,2.0,1.0,2.0,2.0,3.0,2.0,1.0,3.0,2.0,1.0,3.0,2.0,20.0,24.0,11.0,23.0,17.0,2.0,2.4,1.1,2.3,1.7,0,0,0,0,0,20.0,24.0,11.0,23.0,17.0,0
262,30312,1.0,2.0,0.0,1.0,2.0,2.0,0.0,1.0,1.0,2.0,1.0,3.0,2.0,2.0,0.0,3.0,0.0,1.0,2.0,1.0,2.0,2.0,2.0,2.0,2.0,1.0,1.0,2.0,2.0,0.0,0.0,2.0,0.0,0.0,0.0,3.0,1.0,1.0,1.0,1.0,,3.0,1.0,3.0,0.0,1.0,2.0,0.0,0.0,0.0,1.0,8.0,18.0,13.0,16.0,5.0,0.8,1.8,1.4444444444444444,1.6,0.5,0,0,1,0,0,8.0,18.0,14.444444444444445,16.0,5.0,1
263,30313,2.0,0.0,0.0,1.0,3.0,0.0,0.0,0.0,3.0,0.0,0.0,0.0,1.0,0.0,2.0,1.0,0.0,2.0,1.0,0.0,0.0,0.0,1.0,0.0,2.0,0.0,0.0,0.0,3.0,2.0,0.0,0.0,0.0,0.0,0.0,3.0,1.0,0.0,0.0,1.0,0.0,0.0,0.0,2.0,1.0,0.0,0.0,1.0,1.0,2.0,0.0,9.0,6.0,0.0,15.0,3.0,0.9,0.6,0.0,1.5,0.3,0,0,0,0,0,9.0,6.0,0.0,15.0,3.0,0
264,30314,3.0,2.0,2.0,1.0,3.0,2.0,0.0,1.0,2.0,1.0,3.0,2.0,3.0,1.0,3.0,2.0,3.0,0.0,2.0,1.0,0.0,3.0,2.0,3.0,3.0,3.0,0.0,0.0,2.0,3.0,0.0,1.0,0.0,3.0,0.0,3.0,0.0,1.0,3.0,0.0,1.0,2.0,1.0,3.0,3.0,0.0,3.0,3.0,3.0,3.0,1.0,24.0,20.0,13.0,21.0,9.0,2.4,2.0,1.3,2.1,0.9,0,0,0,0,0,24.0,20.0,13.0,21.0,9.0,0
265,30315,2.0,1.0,0.0,2.0,1.0,0.0,0.0,0.0,1.0,2.0,2.0,2.0,3.0,1.0,2.0,0.0,2.0,0.0,0.0,0.0,0.0,2.0,1.0,3.0,0.0,1.0,2.0,1.0,2.0,2.0,1.0,2.0,0.0,2.0,0.0,3.0,2.0,1.0,2.0,0.0,0.0,2.0,3.0,2.0,2.0,1.0,3.0,2.0,1.0,2.0,3.0,19.0,15.0,12.0,12.0,8.0,1.9,1.5,1.2,1.2,0.8,0,0,0,0,0,19.0,15.0,12.0,12.0,8.0,0
266,30316,3.0,3.0,2.0,3.0,3.0,3.0,2.0,1.0,2.0,3.0,3.0,3.0,2.0,3.0,3.0,3.0,3.0,2.0,3.0,1.0,0.0,3.0,3.0,3.0,3.0,3.0,3.0,3.0,1.0,2.0,2.0,3.0,3.0,2.0,3.0,3.0,2.0,3.0,3.0,2.0,1.0,3.0,3.0,3.0,3.0,3.0,3.0,3.0,3.0,1.0,3.0,28.0,29.0,20.0,24.0,26.0,2.8,2.9,2.0,2.4,2.6,0,0,0,0,0,28.0,29.0,20.0,24.0,26.0,0
267,30317,1.0,3.0,0.0,1.0,3.0,1.0,0.0,0.0,1.0,0.0,1.0,3.0,1.0,0.0,0.0,3.0,1.0,2.0,1.0,1.0,0.0,0.0,2.0,0.0,3.0,0.0,0.0,2.0,2.0,3.0,1.0,0.0,1.0,0.0,0.0,3.0,0.0,0.0,0.0,2.0,0.0,2.0,1.0,3.0,1.0,0.0,2.0,1.0,0.0,3.0,0.0,5.0,15.0,4.0,21.0,7.0,0.5,1.5,0.4,2.1,0.7,0,0,0,0,0,5.0,15.0,4.0,21.0,7.0,0
269,30319,1.0,2.0,0.0,2.0,3.0,3.0,0.0,0.0,2.0,0.0,0.0,3.0,1.0,2.0,0.0,2.0,1.0,0.0,2.0,0.0,0.0,0.0,3.0,2.0,3.0,0.0,0.0,0.0,3.0,3.0,0.0,1.0,0.0,1.0,0.0,3.0,2.0,2.0,1.0,1.0,1.0,3.0,1.0,3.0,0.0,1.0,2.0,0.0,0.0,2.0,1.0,5.0,18.0,10.0,24.0,3.0,0.5,1.8,1.0,2.4,0.3,0,0,0,0,0,5.0,18.0,10.0,24.0,3.0,0
270,30320,1.0,1.0,0.0,1.0,2.0,2.0,2.0,0.0,3.0,3.0,2.0,2.0,0.0,1.0,0.0,2.0,2.0,2.0,0.0,0.0,0.0,3.0,1.0,1.0,1.0,1.0,1.0,3.0,2.0,2.0,1.0,1.0,1.0,1.0,1.0,3.0,1.0,1.0,2.0,3.0,0.0,1.0,1.0,2.0,0.0,2.0,1.0,2.0,2.0,3.0,0.0,13.0,14.0,4.0,20.0,16.0,1.3,1.4,0.4,2.0,1.6,0,0,0,0,0,13.0,14.0,4.0,20.0,16.0,0
271,30321,3.0,2.0,0.0,3.0,3.0,0.0,3.0,0.0,0.0,3.0,3.0,2.0,1.0,0.0,1.0,3.0,3.0,2.0,0.0,0.0,0.0,3.0,2.0,1.0,2.0,3.0,2.0,0.0,0.0,0.0,0.0,1.0,2.0,0.0,2.0,3.0,0.0,3.0,3.0,3.0,0.0,2.0,1.0,2.0,1.0,3.0,1.0,1.0,0.0,0.0,0.0,16.0,20.0,4.0,7.0,23.0,1.6,2.0,0.4,0.7,2.3,0,0,0,0,0,16.0,20.0,4.0,7.0,23.0,0
272,30322,3.0,3.0,1.0,3.0,0.0,3.0,1.0,2.0,0.0,2.0,1.0,0.0,2.0,3.0,1.0,2.0,1.0,3.0,0.0,2.0,1.0,2.0,1.0,0.0,2.0,3.0,3.0,1.0,0.0,2.0,3.0,1.0,1.0,1.0,3.0,3.0,2.0,1.0,0.0,1.0,2.0,0.0,3.0,1.0,1.0,2.0,3.0,2.0,3.0,0.0,1.0,19.0,19.0,15.0,7.0,19.0,1.9,1.9,1.5,0.7,1.9,0,0,0,0,0,19.0,19.0,15.0,7.0,19.0,0
273,30323,1.0,1.0,0.0,2.0,2.0,3.0,1.0,0.0,2.0,0.0,1.0,2.0,1.0,1.0,2.0,2.0,3.0,2.0,3.0,0.0,3.0,0.0,3.0,2.0,2.0,1.0,0.0,0.0,3.0,2.0,1.0,1.0,2.0,0.0,0.0,3.0,1.0,1.0,1.0,1.0,0.0,1.0,2.0,1.0,1.0,2.0,1.0,0.0,0.0,3.0,0.0,9.0,11.0,9.0,23.0,12.0,0.9,1.1,0.9,2.3,1.2,0,0,0,0,0,9.0,11.0,9.0,23.0,12.0,0
274,30324,1.0,1.0,1.0,3.0,1.0,2.0,1.0,0.0,2.0,3.0,2.0,2.0,3.0,1.0,2.0,2.0,2.0,1.0,2.0,1.0,0.0,2.0,2.0,2.0,2.0,1.0,1.0,2.0,3.0,2.0,1.0,1.0,0.0,1.0,1.0,3.0,2.0,1.0,1.0,2.0,0.0,2.0,1.0,2.0,2.0,2.0,3.0,1.0,2.0,2.0,1.0,19.0,19.0,9.0,20.0,11.0,1.9,1.9,0.9,2.0,1.1,0,0,0,0,0,19.0,19.0,9.0,20.0,11.0,0
275,30325,2.0,3.0,0.0,1.0,3.0,2.0,2.0,1.0,1.0,0.0,0.0,3.0,1.0,2.0,1.0,3.0,1.0,0.0,1.0,0.0,1.0,0.0,3.0,3.0,1.0,1.0,0.0,0.0,0.0,2.0,0.0,0.0,0.0,1.0,0.0,3.0,0.0,0.0,0.0,0.0,2.0,2.0,2.0,3.0,1.0,0.0,0.0,1.0,1.0,0.0,2.0,7.0,12.0,15.0,15.0,4.0,0.7,1.2,1.5,1.5,0.4,0,0,0,0,0,7.0,12.0,15.0,15.0,4.0,0
276,30326,0.0,3.0,3.0,0.0,1.0,3.0,0.0,1.0,2.0,1.0,1.0,0.0,2.0,3.0,0.0,0.0,0.0,1.0,2.0,1.0,0.0,1.0,2.0,1.0,1.0,1.0,1.0,1.0,2.0,1.0,1.0,1.0,2.0,3.0,3.0,3.0,1.0,1.0,1.0,1.0,1.0,0.0,3.0,2.0,1.0,2.0,0.0,1.0,0.0,3.0,3.0,9.0,12.0,16.0,17.0,11.0,0.9,1.2,1.6,1.7,1.1,0,0,0,0,0,9.0,12.0,16.0,17.0,11.0,0
277,30327,3.0,2.0,0.0,3.0,3.0,3.0,2.0,0.0,1.0,3.0,1.0,3.0,1.0,0.0,2.0,2.0,2.0,0.0,2.0,0.0,0.0,2.0,2.0,2.0,3.0,2.0,1.0,3.0,1.0,3.0,0.0,2.0,0.0,0.0,0.0,3.0,0.0,2.0,1.0,2.0,1.0,0.0,0.0,3.0,1.0,1.0,2.0,2.0,1.0,1.0,0.0,14.0,22.0,3.0,22.0,10.0,1.4,2.2,0.3,2.2,1.0,0,0,0,0,0,14.0,22.0,3.0,22.0,10.0,0
278,30328,1.0,3.0,3.0,0.0,3.0,1.0,0.0,3.0,0.0,3.0,3.0,1.0,3.0,3.0,2.0,3.0,2.0,0.0,0.0,3.0,3.0,3.0,2.0,0.0,3.0,3.0,3.0,1.0,0.0,1.0,1.0,3.0,0.0,3.0,0.0,3.0,2.0,1.0,3.0,0.0,0.0,0.0,2.0,3.0,2.0,2.0,3.0,2.0,3.0,2.0,1.0,23.0,25.0,18.0,11.0,12.0,2.3,2.5,1.8,1.1,1.2,0,0,0,0,0,23.0,25.0,18.0,11.0,12.0,0
279,30329,2.0,2.0,1.0,1.0,3.0,0.0,0.0,0.0,0.0,1.0,1.0,3.0,0.0,1.0,2.0,0.0,2.0,2.0,0.0,1.0,0.0,1.0,1.0,0.0,1.0,1.0,2.0,2.0,1.0,1.0,1.0,1.0,1.0,2.0,1.0,3.0,1.0,1.0,2.0,3.0,2.0,1.0,2.0,1.0,1.0,2.0,1.0,1.0,1.0,0.0,1.0,12.0,11.0,9.0,11.0,15.0,1.2,1.1,0.9,1.1,1.5,0,0,0,0,0,12.0,11.0,9.0,11.0,15.0,0
280,30330,2.0,2.0,0.0,2.0,2.0,2.0,0.0,1.0,0.0,1.0,1.0,2.0,0.0,1.0,0.0,0.0,0.0,0.0,0.0,0.0,0.0,1.0,1.0,0.0,1.0,1.0,1.0,1.0,2.0,2.0,1.0,1.0,0.0,1.0,2.0,3.0,1.0,1.0,1.0,0.0,0.0,0.0,1.0,1.0,0.0,1.0,1.0,0.0,1.0,3.0,0.0,7.0,11.0,3.0,15.0,6.0,0.7,1.1,0.3,1.5,0.6,0,0,0,0,0,7.0,11.0,3.0,15.0,6.0,0
281,30331,0.0,2.0,0.0,0.0,0.0,2.0,0.0,0.0,3.0,1.0,0.0,1.0,0.0,2.0,3.0,3.0,0.0,0.0,0.0,0.0,0.0,0.0,2.0,0.0,3.0,0.0,0.0,1.0,3.0,3.0,0.0,3.0,0.0,3.0,0.0,3.0,1.0,0.0,0.0,2.0,1.0,3.0,0.0,3.0,0.0,1.0,0.0,0.0,1.0,3.0,0.0,6.0,18.0,6.0,18.0,2.0,0.6,1.8,0.6,1.8,0.2,0,0,0,0,0,6.0,18.0,6.0,18.0,2.0,0
282,30332,1.0,2.0,2.0,0.0,1.0,0.0,2.0,2.0,0.0,0.0,1.0,3.0,0.0,2.0,1.0,0.0,0.0,1.0,0.0,0.0,1.0,2.0,0.0,0.0,0.0,2.0,0.0,2.0,1.0,3.0,0.0,2.0,0.0,1.0,0.0,3.0,2.0,1.0,2.0,3.0,3.0,3.0,1.0,3.0,1.0,1.0,2.0,2.0,3.0,0.0,2.0,14.0,11.0,16.0,10.0,10.0,1.4,1.1,1.6,1.0,1.0,0,0,0,0,0,14.0,11.0,16.0,10.0,10.0,0
283,30333,1.0,2.0,0.0,1.0,1.0,0.0,3.0,1.0,0.0,2.0,1.0,2.0,0.0,1.0,0.0,2.0,1.0,3.0,0.0,0.0,2.0,1.0,0.0,2.0,3.0,2.0,0.0,2.0,1.0,1.0,0.0,2.0,0.0,1.0,0.0,3.0,1.0,2.0,1.0,2.0,2.0,1.0,2.0,3.0,1.0,0.0,1.0,1.0,1.0,1.0,2.0,7.0,19.0,13.0,8.0,12.0,0.7,1.9,1.3,0.8,1.2,0,0,0,0,0,7.0,19.0,13.0,8.0,12.0,0
284,30334,2.0,2.0,2.0,1.0,0.0,0.0,3.0,1.0,0.0,2.0,3.0,2.0,3.0,3.0,2.0,2.0,2.0,1.0,0.0,0.0,0.0,2.0,1.0,1.0,3.0,2.0,2.0,2.0,3.0,1.0,1.0,2.0,1.0,2.0,0.0,3.0,2.0,1.0,3.0,1.0,2.0,2.0,1.0,2.0,3.0,2.0,2.0,3.0,2.0,2.0,3.0,24.0,19.0,15.0,11.0,16.0,2.4,1.9,1.5,1.1,1.6,0,0,0,0,0,24.0,19.0,15.0,11.0,16.0,0
285,30335,3.0,2.0,0.0,3.0,2.0,1.0,0.0,0.0,1.0,1.0,2.0,2.0,3.0,0.0,3.0,2.0,3.0,0.0,0.0,0.0,0.0,2.0,2.0,1.0,2.0,3.0,1.0,0.0,1.0,2.0,1.0,1.0,1.0,2.0,0.0,3.0,1.0,1.0,3.0,0.0,0.0,0.0,1.0,2.0,3.0,2.0,3.0,3.0,2.0,2.0,0.0,24.0,19.0,2.0,13.0,12.0,2.4,1.9,0.2,1.3,1.2,0,0,0,0,0,24.0,19.0,2.0,13.0,12.0,0
286,30336,2.0,2.0,0.0,3.0,2.0,1.0,0.0,0.0,0.0,2.0,2.0,2.0,1.0,1.0,3.0,3.0,1.0,2.0,2.0,1.0,0.0,1.0,2.0,2.0,2.0,1.0,2.0,1.0,1.0,1.0,1.0,1.0,1.0,2.0,1.0,3.0,1.0,2.0,2.0,2.0,3.0,1.0,1.0,3.0,1.0,1.0,2.0,0.0,1.0,2.0,3.0,13.0,22.0,12.0,14.0,13.0,1.3,2.2,1.2,1.4,1.3,0,0,0,0,0,13.0,22.0,12.0,14.0,13.0,0
287,30337,1.0,3.0,0.0,3.0,3.0,2.0,0.0,0.0,0.0,1.0,2.0,2.0,3.0,0.0,0.0,2.0,3.0,0.0,0.0,0.0,0.0,3.0,2.0,2.0,3.0,3.0,1.0,2.0,0.0,2.0,0.0,1.0,0.0,1.0,0.0,3.0,0.0,3.0,3.0,0.0,0.0,0.0,0.0,3.0,3.0,1.0,3.0,3.0,1.0,1.0,3.0,17.0,23.0,5.0,14.0,10.0,1.7,2.3,0.5,1.4,1.0,0,0,0,0,0,17.0,23.0,5.0,14.0,10.0,0
288,30338,2.0,0.0,0.0,2.0,3.0,3.0,1.0,1.0,0.0,1.0,3.0,2.0,2.0,2.0,2.0,3.0,2.0,2.0,2.0,1.0,0.0,2.0,2.0,0.0,2.0,3.0,1.0,2.0,0.0,1.0,1.0,1.0,3.0,1.0,2.0,3.0,2.0,1.0,3.0,2.0,2.0,1.0,0.0,3.0,1.0,1.0,3.0,2.0,3.0,1.0,2.0,20.0,17.0,9.0,16.0,20.0,2.0,1.7,0.9,1.6,2.0,0,0,0,0,0,20.0,17.0,9.0,16.0,20.0,0
289,30339,1.0,2.0,0.0,3.0,2.0,0.0,1.0,0.0,0.0,1.0,0.0,0.0,0.0,0.0,1.0,1.0,1.0,1.0,0.0,0.0,3.0,0.0,0.0,0.0,1.0,1.0,0.0,2.0,2.0,2.0,0.0,2.0,0.0,1.0,0.0,3.0,0.0,0.0,1.0,0.0,1.0,0.0,0.0,2.0,0.0,0.0,0.0,0.0,0.0,0.0,0.0,2.0,13.0,4.0,8.0,5.0,0.2,1.3,0.4,0.8,0.5,0,0,0,0,0,2.0,13.0,4.0,8.0,5.0,0
290,30340,1.0,1.0,2.0,2.0,3.0,2.0,1.0,2.0,1.0,1.0,2.0,,0.0,2.0,1.0,3.0,0.0,3.0,3.0,1.0,1.0,3.0,3.0,2.0,2.0,0.0,2.0,2.0,2.0,2.0,1.0,2.0,3.0,3.0,2.0,3.0,1.0,2.0,2.0,2.0,3.0,1.0,3.0,3.0,1.0,2.0,2.0,1.0,1.0,2.0,1.0,13.0,21.0,18.0,20.0,16.0,1.3,2.1,1.8,2.2222222222222223,1.6,0,0,0,1,0,13.0,21.0,18.0,22.22222222222222,16.0,1
291,30341,3.0,1.0,0.0,2.0,1.0,0.0,1.0,1.0,0.0,1.0,1.0,1.0,2.0,1.0,2.0,1.0,2.0,0.0,0.0,0.0,0.0,2.0,1.0,1.0,2.0,0.0,1.0,2.0,1.0,1.0,1.0,2.0,1.0,1.0,1.0,3.0,2.0,1.0,2.0,1.0,1.0,1.0,0.0,1.0,1.0,1.0,1.0,1.0,0.0,1.0,1.0,15.0,13.0,6.0,8.0,10.0,1.5,1.3,0.6,0.8,1.0,0,0,0,0,0,15.0,13.0,6.0,8.0,10.0,0
292,30342,3.0,0.0,0.0,0.0,0.0,2.0,0.0,0.0,2.0,1.0,0.0,0.0,0.0,1.0,0.0,0.0,0.0,0.0,2.0,0.0,0.0,0.0,0.0,2.0,0.0,0.0,0.0,1.0,3.0,3.0,0.0,1.0,0.0,3.0,0.0,3.0,1.0,0.0,0.0,0.0,1.0,2.0,0.0,2.0,0.0,0.0,0.0,0.0,0.0,2.0,0.0,4.0,7.0,6.0,15.0,0.0,0.4,0.7,0.6,1.5,0.0,0,0,0,0,0,4.0,7.0,6.0,15.0,0.0,0
293,30343,3.0,2.0,1.0,2.0,3.0,1.0,3.0,0.0,1.0,1.0,2.0,3.0,0.0,2.0,3.0,3.0,2.0,0.0,0.0,1.0,1.0,3.0,2.0,0.0,1.0,2.0,0.0,1.0,2.0,3.0,0.0,1.0,1.0,1.0,0.0,3.0,0.0,1.0,1.0,0.0,1.0,2.0,2.0,3.0,2.0,2.0,2.0,3.0,2.0,2.0,1.0,20.0,17.0,11.0,18.0,9.0,2.0,1.7,1.1,1.8,0.9,0,0,0,0,0,20.0,17.0,11.0,18.0,9.0,0
294,30344,3.0,0.0,1.0,2.0,3.0,2.0,0.0,3.0,0.0,3.0,2.0,3.0,3.0,1.0,3.0,2.0,2.0,3.0,2.0,2.0,3.0,3.0,3.0,3.0,2.0,2.0,3.0,2.0,2.0,2.0,1.0,2.0,2.0,1.0,0.0,3.0,3.0,2.0,3.0,0.0,1.0,2.0,1.0,2.0,2.0,2.0,2.0,3.0,3.0,1.0,2.0,27.0,18.0,19.0,20.0,16.0,2.7,1.8,1.9,2.0,1.6,0,0,0,0,0,27.0,18.0,19.0,20.0,16.0,0
295,30345,3.0,0.0,0.0,2.0,3.0,2.0,0.0,0.0,0.0,1.0,1.0,3.0,3.0,2.0,3.0,3.0,1.0,0.0,0.0,0.0,0.0,2.0,2.0,1.0,3.0,0.0,0.0,1.0,1.0,0.0,0.0,1.0,0.0,1.0,1.0,3.0,0.0,0.0,1.0,2.0,0.0,3.0,0.0,3.0,1.0,0.0,0.0,1.0,1.0,1.0,0.0,15.0,14.0,6.0,13.0,5.0,1.5,1.4,0.6,1.3,0.5,0,0,0,0,0,15.0,14.0,6.0,13.0,5.0,0
296,30346,1.0,1.0,1.0,3.0,0.0,0.0,1.0,1.0,0.0,2.0,2.0,2.0,2.0,3.0,0.0,3.0,1.0,0.0,1.0,0.0,0.0,3.0,1.0,0.0,3.0,0.0,3.0,3.0,3.0,3.0,1.0,3.0,0.0,3.0,1.0,3.0,2.0,1.0,1.0,0.0,0.0,2.0,0.0,3.0,0.0,1.0,3.0,2.0,3.0,3.0,0.0,16.0,25.0,7.0,16.0,8.0,1.6,2.5,0.7,1.6,0.8,0,0,0,0,0,16.0,25.0,7.0,16.0,8.0,0
298,30348,1.0,1.0,0.0,0.0,0.0,0.0,0.0,1.0,0.0,0.0,0.0,0.0,1.0,0.0,3.0,0.0,0.0,0.0,0.0,0.0,1.0,0.0,0.0,1.0,3.0,0.0,2.0,3.0,3.0,3.0,0.0,0.0,0.0,1.0,0.0,3.0,1.0,0.0,0.0,0.0,1.0,0.0,0.0,2.0,0.0,0.0,0.0,0.0,2.0,2.0,0.0,8.0,7.0,4.0,11.0,2.0,0.8,0.7,0.4,1.1,0.2,0,0,0,0,0,8.0,7.0,4.0,11.0,2.0,0
302,30352,1.0,3.0,0.0,0.0,0.0,0.0,0.0,3.0,0.0,0.0,0.0,0.0,3.0,0.0,0.0,0.0,0.0,0.0,0.0,1.0,0.0,0.0,0.0,2.0,0.0,0.0,3.0,3.0,3.0,3.0,0.0,0.0,0.0,0.0,0.0,3.0,2.0,0.0,1.0,0.0,1.0,0.0,0.0,3.0,0.0,0.0,0.0,1.0,1.0,3.0,0.0,8.0,6.0,7.0,12.0,4.0,0.8,0.6,0.7,1.2,0.4,0,0,0,0,0,8.0,6.0,7.0,12.0,4.0,0
