ParticipantID,1_ffi_qn0,1_ffi_qn1,1_ffi_qn2,1_ffi_qn3,1_ffi_qn4,1_ffi_qn5,1_ffi_qn6,1_ffi_qn7,1_ffi_qn8,1_ffi_qn9,1_ffi_qn10,2_ffi_qn11,2_ffi_qn12,2_ffi_qn13,2_ffi_qn14,2_ffi_qn15,2_ffi_qn16,2_ffi_qn17,2_ffi_qn18,2_ffi_qn19,2_ffi_qn20,3_ffi_qn21,3_ffi_qn22,3_ffi_qn23,3_ffi_qn24,3_ffi_qn25,3_ffi_qn26,3_ffi_qn27,3_ffi_qn28,3_ffi_qn29,3_ffi_qn30,4_ffi_qn31,4_ffi_qn32,4_ffi_qn33,4_ffi_qn34,4_ffi_qn35,4_ffi_qn36,4_ffi_qn37,4_ffi_qn38,4_ffi_qn39,4_ffi_qn40,5_ffi_qn41,5_ffi_qn42,5_ffi_qn43,5_ffi_qn44,5_ffi_qn45,5_ffi_qn46,5_ffi_qn47,5_ffi_qn48,5_ffi_qn49,5_ffi_qn50,6_ffi_qn51,6_ffi_qn52,6_ffi_qn53,6_ffi_qn54,6_ffi_qn55,6_ffi_qn56,6_ffi_qn57,6_ffi_qn58,6_ffi_qn59,6_ffi_qn60,neuroticism,extraversion,openness,agreeableness,conscientiousness,total,neuroticism_nanMean,extraversion_nanMean,openness_nanMean,agreeableness_nanMean,conscientiousness_nanMean,neuroticism_numMissResp,extraversion_numMissResp,openness_numMissResp,agreeableness_numMissResp,conscientiousness_numMissResp,neuroticism_reweigh,extraversion_reweigh,openness_reweigh,agreeableness_reweigh,conscientiousness_reweigh,Total_numMissResp,total_reweigh
30050,5.0,1.0,3.0,3.0,5.0,3.0,3.0,1.0,2.0,5.0,4.0,2.0,3.0,4.0,4.0,1.0,1.0,4.0,5.0,5.0,2.0,2.0,5.0,2.0,4.0,4.0,2.0,4.0,3.0,5.0,4.0,2.0,4.0,3.0,3.0,4.0,2.0,4.0,3.0,5.0,3.0,4.0,2.0,5.0,2.0,4.0,1.0,1.0,5.0,5.0,5.0,1.0,3.0,4.0,4.0,5.0,4.0,2.0,4.0,3.0,4.0,37.0,23.0,46.0,40.0,54.0,200.0,3.0833333333333335,1.9166666666666667,3.8333333333333335,3.3333333333333335,4.5,0,0,0,0,0,37.0,23.0,46.0,40.0,54.0,0,200.0
30051,4.0,2.0,4.0,4.0,4.0,1.0,4.0,2.0,5.0,4.0,2.0,3.0,2.0,5.0,4.0,2.0,4.0,4.0,3.0,5.0,2.0,2.0,3.0,4.0,4.0,2.0,4.0,1.0,4.0,4.0,2.0,2.0,5.0,4.0,3.0,2.0,,4.0,5.0,3.0,3.0,2.0,2.0,2.0,4.0,5.0,2.0,2.0,4.0,5.0,4.0,2.0,2.0,4.0,2.0,5.0,1.0,2.0,3.0,1.0,4.0,24.0,29.0,38.0,43.0,49.0,183.0,2.0,2.6363636363636362,3.1666666666666665,3.5833333333333335,4.083333333333333,0,1,0,0,0,24.0,31.636363636363637,38.0,43.0,49.0,1,185.63636363636363
30053,4.0,3.0,2.0,4.0,4.0,2.0,3.0,2.0,4.0,4.0,2.0,3.0,3.0,4.0,4.0,2.0,3.0,4.0,2.0,5.0,2.0,4.0,2.0,2.0,4.0,2.0,2.0,3.0,2.0,4.0,2.0,3.0,2.0,3.0,4.0,2.0,3.0,4.0,2.0,4.0,3.0,2.0,3.0,2.0,3.0,4.0,2.0,3.0,4.0,4.0,4.0,2.0,3.0,4.0,3.0,4.0,2.0,4.0,4.0,3.0,5.0,26.0,37.0,36.0,37.0,50.0,186.0,2.1666666666666665,3.0833333333333335,3.0,3.0833333333333335,4.166666666666667,0,0,0,0,0,26.0,37.0,36.0,37.0,50.0,0,186.0
30054,2.0,4.0,2.0,5.0,4.0,2.0,4.0,2.0,4.0,4.0,4.0,4.0,3.0,4.0,4.0,3.0,4.0,2.0,4.0,4.0,4.0,4.0,2.0,2.0,4.0,2.0,4.0,4.0,2.0,4.0,2.0,3.0,2.0,4.0,4.0,5.0,4.0,2.0,2.0,4.0,3.0,4.0,4.0,2.0,4.0,4.0,4.0,3.0,4.0,4.0,4.0,2.0,4.0,4.0,3.0,4.0,2.0,4.0,4.0,1.0,5.0,36.0,46.0,33.0,41.0,49.0,205.0,3.0,3.8333333333333335,2.75,3.4166666666666665,4.083333333333333,0,0,0,0,0,36.0,46.0,33.0,41.0,49.0,0,205.0
30055,1.0,4.0,5.0,5.0,4.0,2.0,4.0,1.0,5.0,5.0,3.0,4.0,1.0,5.0,5.0,2.0,4.0,4.0,4.0,5.0,2.0,3.0,2.0,4.0,4.0,2.0,5.0,5.0,3.0,4.0,1.0,4.0,4.0,4.0,5.0,2.0,4.0,5.0,5.0,4.0,3.0,2.0,2.0,1.0,2.0,2.0,1.0,3.0,5.0,4.0,4.0,2.0,4.0,5.0,2.0,5.0,1.0,2.0,3.0,1.0,4.0,21.0,43.0,41.0,46.0,51.0,202.0,1.75,3.5833333333333335,3.4166666666666665,3.8333333333333335,4.25,0,0,0,0,0,21.0,43.0,41.0,46.0,51.0,0,202.0
30056,3.0,1.0,1.0,5.0,2.0,5.0,1.0,1.0,5.0,5.0,1.0,1.0,3.0,5.0,3.0,1.0,1.0,5.0,4.0,5.0,4.0,4.0,1.0,1.0,2.0,4.0,1.0,1.0,1.0,1.0,5.0,3.0,3.0,5.0,5.0,4.0,2.0,5.0,4.0,3.0,3.0,5.0,1.0,1.0,1.0,2.0,3.0,3.0,4.0,5.0,5.0,4.0,5.0,4.0,3.0,1.0,2.0,5.0,4.0,2.0,5.0,41.0,28.0,33.0,41.0,39.0,182.0,3.4166666666666665,2.3333333333333335,2.75,3.4166666666666665,3.25,0,0,0,0,0,41.0,28.0,33.0,41.0,39.0,0,182.0
30057,2.0,1.0,4.0,4.0,3.0,4.0,2.0,2.0,4.0,4.0,4.0,2.0,2.0,4.0,2.0,4.0,2.0,4.0,4.0,4.0,2.0,2.0,2.0,2.0,3.0,4.0,2.0,2.0,2.0,2.0,4.0,2.0,4.0,3.0,2.0,2.0,2.0,5.0,4.0,2.0,3.0,4.0,2.0,2.0,4.0,2.0,4.0,2.0,4.0,4.0,4.0,2.0,2.0,4.0,2.0,4.0,4.0,2.0,3.0,2.0,2.0,40.0,23.0,38.0,39.0,34.0,174.0,3.3333333333333335,1.9166666666666667,3.1666666666666665,3.25,2.8333333333333335,0,0,0,0,0,40.0,23.0,38.0,39.0,34.0,0,174.0
30059,4.0,1.0,4.0,5.0,4.0,4.0,4.0,1.0,2.0,2.0,4.0,2.0,5.0,4.0,5.0,4.0,2.0,5.0,4.0,5.0,4.0,2.0,2.0,1.0,4.0,4.0,1.0,5.0,2.0,2.0,2.0,2.0,4.0,4.0,5.0,4.0,3.0,4.0,4.0,4.0,3.0,4.0,4.0,2.0,2.0,5.0,4.0,4.0,4.0,4.0,4.0,2.0,4.0,4.0,4.0,5.0,4.0,4.0,4.0,4.0,4.0,44.0,33.0,44.0,43.0,49.0,213.0,3.6666666666666665,2.75,3.6666666666666665,3.5833333333333335,4.083333333333333,0,0,0,0,0,44.0,33.0,44.0,43.0,49.0,0,213.0
30061,2.0,2.0,4.0,5.0,4.0,3.0,4.0,2.0,4.0,2.0,4.0,4.0,4.0,4.0,4.0,3.0,3.0,4.0,4.0,4.0,2.0,3.0,2.0,4.0,4.0,1.0,2.0,4.0,4.0,3.0,1.0,3.0,3.0,4.0,4.0,1.0,4.0,5.0,5.0,4.0,3.0,2.0,4.0,2.0,4.0,4.0,1.0,3.0,2.0,5.0,4.0,4.0,4.0,4.0,1.0,3.0,1.0,2.0,3.0,3.0,4.0,25.0,38.0,39.0,47.0,44.0,193.0,2.0833333333333335,3.1666666666666665,3.25,3.9166666666666665,3.6666666666666665,0,0,0,0,0,25.0,38.0,39.0,47.0,44.0,0,193.0
30062,4.0,1.0,3.0,5.0,5.0,2.0,4.0,3.0,5.0,5.0,2.0,4.0,3.0,4.0,5.0,2.0,3.0,4.0,3.0,5.0,2.0,3.0,4.0,3.0,5.0,1.0,2.0,3.0,2.0,5.0,2.0,3.0,4.0,4.0,5.0,2.0,3.0,5.0,4.0,4.0,3.0,2.0,4.0,3.0,3.0,5.0,2.0,3.0,4.0,5.0,5.0,1.0,4.0,5.0,3.0,5.0,2.0,3.0,4.0,2.0,5.0,24.0,37.0,45.0,44.0,59.0,209.0,2.0,3.0833333333333335,3.75,3.6666666666666665,4.916666666666667,0,0,0,0,0,24.0,37.0,45.0,44.0,59.0,0,209.0
30063,5.0,2.0,4.0,4.0,4.0,2.0,3.0,2.0,4.0,3.0,4.0,4.0,4.0,4.0,5.0,4.0,3.0,4.0,3.0,4.0,5.0,3.0,1.0,1.0,4.0,2.0,3.0,4.0,2.0,4.0,4.0,2.0,2.0,3.0,3.0,3.0,2.0,5.0,5.0,4.0,3.0,4.0,2.0,1.0,3.0,4.0,5.0,5.0,5.0,5.0,4.0,2.0,3.0,5.0,3.0,4.0,2.0,3.0,5.0,2.0,4.0,42.0,35.0,42.0,41.0,47.0,207.0,3.5,2.9166666666666665,3.5,3.4166666666666665,3.9166666666666665,0,0,0,0,0,42.0,35.0,42.0,41.0,47.0,0,207.0
30064,3.0,4.0,4.0,5.0,4.0,2.0,4.0,2.0,5.0,5.0,2.0,2.0,1.0,5.0,4.0,3.0,4.0,4.0,5.0,4.0,1.0,4.0,4.0,3.0,5.0,1.0,4.0,4.0,5.0,5.0,1.0,3.0,5.0,4.0,5.0,1.0,5.0,4.0,5.0,4.0,3.0,2.0,5.0,3.0,5.0,5.0,2.0,2.0,5.0,5.0,5.0,2.0,4.0,3.0,1.0,5.0,1.0,2.0,4.0,2.0,3.0,21.0,43.0,43.0,49.0,54.0,210.0,1.75,3.5833333333333335,3.5833333333333335,4.083333333333333,4.5,0,0,0,0,0,21.0,43.0,43.0,49.0,54.0,0,210.0
30065,4.0,5.0,2.0,4.0,5.0,1.0,4.0,3.0,5.0,5.0,4.0,3.0,4.0,5.0,3.0,2.0,5.0,4.0,5.0,5.0,1.0,4.0,4.0,4.0,5.0,1.0,4.0,3.0,3.0,5.0,5.0,5.0,3.0,5.0,5.0,3.0,5.0,5.0,5.0,3.0,3.0,1.0,5.0,4.0,2.0,4.0,5.0,4.0,4.0,5.0,5.0,2.0,5.0,5.0,4.0,5.0,2.0,4.0,4.0,1.0,5.0,31.0,53.0,45.0,48.0,55.0,232.0,2.5833333333333335,4.416666666666667,3.75,4.0,4.583333333333333,0,0,0,0,0,31.0,53.0,45.0,48.0,55.0,0,232.0
30066,4.0,3.0,,3.0,2.0,4.0,3.0,4.0,5.0,3.0,4.0,4.0,4.0,5.0,2.0,4.0,3.0,5.0,,5.0,1.0,2.0,4.0,4.0,,1.0,4.0,2.0,4.0,1.0,4.0,1.0,5.0,3.0,,2.0,2.0,5.0,4.0,3.0,3.0,4.0,3.0,2.0,4.0,4.0,4.0,4.0,4.0,5.0,4.0,5.0,2.0,4.0,,4.0,2.0,3.0,1.0,1.0,2.0,39.0,34.0,40.0,36.0,30.0,179.0,3.25,2.8333333333333335,3.6363636363636362,3.6,3.0,0,0,1,2,2,39.0,34.0,43.63636363636363,43.2,36.0,5,195.83636363636361
30067,5.0,1.0,1.0,5.0,5.0,2.0,2.0,2.0,4.0,1.0,1.0,4.0,5.0,5.0,5.0,5.0,1.0,4.0,5.0,5.0,1.0,2.0,4.0,2.0,2.0,5.0,1.0,4.0,1.0,1.0,5.0,2.0,4.0,5.0,5.0,5.0,5.0,5.0,4.0,5.0,3.0,4.0,4.0,5.0,2.0,5.0,4.0,4.0,4.0,5.0,5.0,4.0,5.0,5.0,4.0,4.0,4.0,5.0,5.0,1.0,2.0,45.0,36.0,48.0,46.0,45.0,220.0,3.75,3.0,4.0,3.8333333333333335,3.75,0,0,0,0,0,45.0,36.0,48.0,46.0,45.0,0,220.0
30068,3.0,2.0,3.0,4.0,4.0,3.0,4.0,2.0,4.0,4.0,4.0,3.0,,4.0,3.0,4.0,4.0,2.0,3.0,3.0,3.0,4.0,2.0,3.0,4.0,4.0,2.0,4.0,2.0,3.0,2.0,3.0,3.0,4.0,4.0,4.0,3.0,2.0,3.0,4.0,3.0,2.0,3.0,3.0,2.0,2.0,3.0,4.0,2.0,3.0,4.0,4.0,3.0,4.0,4.0,3.0,4.0,3.0,3.0,4.0,3.0,40.0,38.0,30.0,42.0,41.0,191.0,3.3333333333333335,3.1666666666666665,2.727272727272727,3.5,3.4166666666666665,0,0,1,0,0,40.0,38.0,32.72727272727273,42.0,41.0,1,193.72727272727272
30069,3.0,3.0,3.0,4.0,4.0,3.0,4.0,2.0,4.0,4.0,3.0,3.0,3.0,4.0,3.0,3.0,4.0,3.0,3.0,3.0,3.0,3.0,3.0,3.0,3.0,2.0,3.0,4.0,3.0,4.0,3.0,3.0,3.0,4.0,4.0,3.0,4.0,3.0,4.0,3.0,3.0,3.0,3.0,3.0,3.0,3.0,4.0,4.0,3.0,4.0,4.0,2.0,4.0,4.0,3.0,3.0,3.0,3.0,3.0,3.0,4.0,35.0,41.0,37.0,43.0,42.0,198.0,2.9166666666666665,3.4166666666666665,3.0833333333333335,3.5833333333333335,3.5,0,0,0,0,0,35.0,41.0,37.0,43.0,42.0,0,198.0
30070,5.0,1.0,2.0,4.0,4.0,5.0,3.0,2.0,1.0,1.0,5.0,5.0,4.0,1.0,5.0,3.0,2.0,5.0,2.0,5.0,5.0,1.0,1.0,2.0,2.0,5.0,1.0,2.0,2.0,1.0,5.0,1.0,3.0,4.0,1.0,1.0,1.0,2.0,1.0,4.0,3.0,5.0,1.0,1.0,1.0,1.0,5.0,2.0,4.0,4.0,5.0,5.0,2.0,5.0,1.0,2.0,3.0,4.0,3.0,4.0,5.0,52.0,24.0,34.0,27.0,36.0,173.0,4.333333333333333,2.0,2.8333333333333335,2.25,3.0,0,0,0,0,0,52.0,24.0,34.0,27.0,36.0,0,173.0
30071,4.0,2.0,4.0,4.0,4.0,4.0,4.0,2.0,5.0,2.0,5.0,4.0,4.0,4.0,4.0,5.0,4.0,4.0,4.0,3.0,2.0,2.0,4.0,2.0,4.0,4.0,2.0,4.0,4.0,2.0,4.0,2.0,4.0,4.0,4.0,4.0,4.0,5.0,3.0,4.0,3.0,2.0,4.0,3.0,2.0,2.0,4.0,4.0,3.0,4.0,4.0,4.0,4.0,4.0,2.0,4.0,4.0,2.0,4.0,3.0,4.0,46.0,38.0,45.0,41.0,41.0,211.0,3.8333333333333335,3.1666666666666665,3.75,3.4166666666666665,3.4166666666666665,0,0,0,0,0,46.0,38.0,45.0,41.0,41.0,0,211.0
30072,4.0,4.0,4.0,5.0,4.0,4.0,2.0,1.0,4.0,4.0,2.0,2.0,3.0,4.0,4.0,2.0,2.0,2.0,2.0,4.0,3.0,2.0,2.0,2.0,2.0,2.0,2.0,2.0,2.0,1.0,3.0,2.0,2.0,4.0,3.0,4.0,3.0,4.0,4.0,4.0,3.0,4.0,4.0,2.0,2.0,2.0,3.0,2.0,2.0,4.0,4.0,2.0,3.0,4.0,2.0,4.0,2.0,2.0,4.0,4.0,3.0,35.0,30.0,32.0,39.0,39.0,175.0,2.9166666666666665,2.5,2.6666666666666665,3.25,3.25,0,0,0,0,0,35.0,30.0,32.0,39.0,39.0,0,175.0
30073,2.0,4.0,5.0,5.0,3.0,2.0,5.0,2.0,4.0,4.0,2.0,4.0,4.0,4.0,4.0,1.0,4.0,3.0,4.0,4.0,3.0,4.0,4.0,5.0,2.0,3.0,1.0,5.0,3.0,3.0,3.0,2.0,4.0,5.0,4.0,3.0,5.0,5.0,2.0,4.0,3.0,2.0,4.0,4.0,2.0,4.0,2.0,3.0,5.0,4.0,4.0,2.0,4.0,4.0,3.0,4.0,3.0,2.0,4.0,2.0,4.0,28.0,42.0,49.0,45.0,44.0,208.0,2.3333333333333335,3.5,4.083333333333333,3.75,3.6666666666666665,0,0,0,0,0,28.0,42.0,49.0,45.0,44.0,0,208.0
30074,1.0,3.0,4.0,4.0,2.0,4.0,4.0,2.0,2.0,1.0,2.0,2.0,4.0,2.0,2.0,4.0,4.0,2.0,4.0,3.0,2.0,4.0,4.0,2.0,2.0,4.0,3.0,5.0,1.0,4.0,3.0,2.0,4.0,3.0,2.0,5.0,4.0,5.0,2.0,2.0,3.0,4.0,4.0,2.0,4.0,4.0,5.0,2.0,4.0,4.0,2.0,2.0,4.0,4.0,2.0,2.0,4.0,3.0,4.0,5.0,2.0,40.0,39.0,44.0,39.0,28.0,190.0,3.3333333333333335,3.25,3.6666666666666665,3.25,2.3333333333333335,0,0,0,0,0,40.0,39.0,44.0,39.0,28.0,0,190.0
30075,5.0,3.0,2.0,5.0,4.0,3.0,1.0,1.0,5.0,5.0,4.0,4.0,3.0,2.0,5.0,4.0,3.0,5.0,3.0,5.0,1.0,4.0,2.0,2.0,5.0,4.0,3.0,1.0,3.0,3.0,4.0,3.0,4.0,5.0,4.0,2.0,4.0,5.0,5.0,4.0,3.0,5.0,4.0,1.0,2.0,5.0,4.0,2.0,3.0,5.0,4.0,1.0,5.0,4.0,1.0,5.0,5.0,5.0,1.0,4.0,3.0,42.0,41.0,32.0,40.0,52.0,207.0,3.5,3.4166666666666665,2.6666666666666665,3.3333333333333335,4.333333333333333,0,0,0,0,0,42.0,41.0,32.0,40.0,52.0,0,207.0
30076,4.0,2.0,4.0,4.0,3.0,3.0,2.0,3.0,3.0,2.0,5.0,4.0,4.0,4.0,4.0,4.0,3.0,4.0,4.0,4.0,4.0,2.0,2.0,2.0,3.0,4.0,2.0,3.0,3.0,2.0,5.0,1.0,4.0,4.0,3.0,4.0,3.0,5.0,4.0,3.0,3.0,4.0,2.0,2.0,3.0,3.0,5.0,3.0,4.0,4.0,3.0,4.0,2.0,5.0,3.0,3.0,4.0,3.0,3.0,3.0,4.0,50.0,29.0,43.0,41.0,37.0,200.0,4.166666666666667,2.4166666666666665,3.5833333333333335,3.4166666666666665,3.0833333333333335,0,0,0,0,0,50.0,29.0,43.0,41.0,37.0,0,200.0
30077,3.0,1.0,2.0,4.0,4.0,3.0,2.0,1.0,2.0,4.0,4.0,3.0,3.0,4.0,5.0,4.0,1.0,3.0,3.0,4.0,3.0,2.0,3.0,3.0,4.0,2.0,1.0,3.0,2.0,5.0,3.0,1.0,3.0,3.0,4.0,4.0,2.0,5.0,3.0,4.0,3.0,3.0,3.0,2.0,2.0,5.0,4.0,2.0,2.0,3.0,5.0,2.0,2.0,4.0,,5.0,1.0,1.0,2.0,3.0,4.0,36.0,21.0,33.0,33.0,53.0,176.0,3.0,1.75,2.75,3.0,4.416666666666667,0,0,0,1,0,36.0,21.0,33.0,36.0,53.0,1,179.0
30078,1.0,4.0,1.0,5.0,5.0,4.0,4.0,1.0,5.0,5.0,4.0,2.0,3.0,5.0,5.0,2.0,4.0,2.0,5.0,5.0,2.0,4.0,2.0,2.0,4.0,2.0,4.0,3.0,2.0,4.0,2.0,3.0,3.0,5.0,5.0,2.0,4.0,3.0,5.0,5.0,3.0,1.0,4.0,1.0,4.0,5.0,4.0,4.0,3.0,5.0,5.0,1.0,4.0,3.0,2.0,5.0,1.0,4.0,3.0,1.0,4.0,26.0,45.0,28.0,47.0,57.0,203.0,2.1666666666666665,3.75,2.3333333333333335,3.9166666666666665,4.75,0,0,0,0,0,26.0,45.0,28.0,47.0,57.0,0,203.0
30079,2.0,4.0,3.0,4.0,2.0,4.0,4.0,1.0,5.0,4.0,4.0,4.0,4.0,4.0,3.0,3.0,4.0,3.0,4.0,4.0,3.0,4.0,2.0,4.0,4.0,4.0,4.0,2.0,2.0,2.0,4.0,2.0,4.0,4.0,3.0,3.0,4.0,4.0,5.0,3.0,3.0,4.0,3.0,2.0,2.0,4.0,4.0,3.0,2.0,5.0,3.0,4.0,3.0,4.0,2.0,2.0,5.0,4.0,4.0,2.0,3.0,44.0,43.0,35.0,43.0,37.0,202.0,3.6666666666666665,3.5833333333333335,2.9166666666666665,3.5833333333333335,3.0833333333333335,0,0,0,0,0,44.0,43.0,35.0,43.0,37.0,0,202.0
30080,2.0,1.0,2.0,4.0,4.0,1.0,3.0,1.0,4.0,5.0,2.0,3.0,1.0,2.0,4.0,1.0,2.0,2.0,4.0,5.0,1.0,1.0,3.0,5.0,3.0,1.0,1.0,2.0,5.0,3.0,2.0,4.0,2.0,4.0,5.0,1.0,3.0,3.0,5.0,5.0,3.0,1.0,4.0,1.0,4.0,4.0,1.0,2.0,2.0,3.0,5.0,1.0,4.0,1.0,1.0,4.0,1.0,1.0,1.0,1.0,4.0,15.0,29.0,21.0,39.0,51.0,155.0,1.25,2.4166666666666665,1.75,3.25,4.25,0,0,0,0,0,15.0,29.0,21.0,39.0,51.0,0,155.0
30081,5.0,1.0,4.0,5.0,4.0,4.0,3.0,2.0,5.0,3.0,5.0,3.0,4.0,5.0,4.0,4.0,2.0,3.0,5.0,4.0,5.0,2.0,4.0,4.0,2.0,5.0,4.0,3.0,4.0,4.0,5.0,2.0,5.0,3.0,2.0,2.0,3.0,4.0,5.0,2.0,3.0,4.0,2.0,3.0,5.0,2.0,5.0,4.0,3.0,5.0,2.0,5.0,4.0,4.0,1.0,2.0,4.0,2.0,2.0,1.0,2.0,53.0,32.0,41.0,47.0,33.0,206.0,4.416666666666667,2.6666666666666665,3.4166666666666665,3.9166666666666665,2.75,0,0,0,0,0,53.0,32.0,41.0,47.0,33.0,0,206.0
30083,5.0,2.0,5.0,5.0,1.0,4.0,3.0,1.0,2.0,2.0,4.0,2.0,4.0,3.0,3.0,4.0,3.0,5.0,5.0,5.0,5.0,2.0,3.0,2.0,4.0,5.0,1.0,4.0,2.0,1.0,5.0,2.0,4.0,3.0,5.0,4.0,2.0,3.0,3.0,3.0,3.0,2.0,3.0,5.0,2.0,1.0,5.0,3.0,4.0,5.0,4.0,2.0,2.0,5.0,1.0,2.0,5.0,2.0,4.0,2.0,4.0,50.0,27.0,47.0,37.0,35.0,196.0,4.166666666666667,2.25,3.9166666666666665,3.0833333333333335,2.9166666666666665,0,0,0,0,0,50.0,27.0,47.0,37.0,35.0,0,196.0
30084,5.0,2.0,4.0,5.0,2.0,5.0,3.0,2.0,5.0,4.0,5.0,3.0,2.0,4.0,3.0,5.0,3.0,2.0,4.0,4.0,5.0,2.0,2.0,2.0,4.0,5.0,2.0,5.0,3.0,3.0,5.0,2.0,3.0,4.0,4.0,3.0,2.0,5.0,4.0,2.0,3.0,4.0,2.0,2.0,4.0,4.0,5.0,2.0,2.0,5.0,3.0,3.0,2.0,3.0,2.0,3.0,5.0,1.0,2.0,1.0,3.0,55.0,26.0,34.0,45.0,39.0,199.0,4.583333333333333,2.1666666666666665,2.8333333333333335,3.75,3.25,0,0,0,0,0,55.0,26.0,34.0,45.0,39.0,0,199.0
30085,4.0,2.0,2.0,5.0,4.0,2.0,5.0,2.0,5.0,4.0,4.0,2.0,4.0,4.0,5.0,4.0,3.0,5.0,4.0,5.0,3.0,4.0,3.0,2.0,4.0,2.0,2.0,5.0,3.0,3.0,4.0,2.0,2.0,4.0,4.0,2.0,4.0,5.0,5.0,3.0,3.0,4.0,3.0,4.0,1.0,4.0,4.0,4.0,4.0,5.0,4.0,2.0,5.0,4.0,3.0,4.0,2.0,4.0,4.0,1.0,4.0,37.0,40.0,44.0,44.0,48.0,213.0,3.0833333333333335,3.3333333333333335,3.6666666666666665,3.6666666666666665,4.0,0,0,0,0,0,37.0,40.0,44.0,44.0,48.0,0,213.0
30086,4.0,1.0,2.0,5.0,4.0,3.0,4.0,1.0,5.0,5.0,2.0,3.0,4.0,5.0,5.0,4.0,3.0,4.0,4.0,5.0,2.0,3.0,4.0,2.0,4.0,3.0,2.0,5.0,4.0,3.0,4.0,3.0,5.0,3.0,5.0,2.0,2.0,4.0,3.0,4.0,3.0,3.0,1.0,1.0,2.0,4.0,4.0,2.0,5.0,5.0,4.0,2.0,2.0,5.0,1.0,5.0,1.0,4.0,5.0,1.0,4.0,34.0,30.0,45.0,41.0,52.0,202.0,2.8333333333333335,2.5,3.75,3.4166666666666665,4.333333333333333,0,0,0,0,0,34.0,30.0,45.0,41.0,52.0,0,202.0
30087,1.0,3.0,3.0,5.0,5.0,1.0,3.0,2.0,4.0,5.0,1.0,2.0,4.0,5.0,3.0,2.0,3.0,5.0,5.0,5.0,1.0,4.0,1.0,5.0,4.0,1.0,2.0,3.0,5.0,5.0,1.0,3.0,5.0,4.0,5.0,3.0,4.0,5.0,5.0,5.0,3.0,1.0,5.0,2.0,2.0,5.0,1.0,2.0,5.0,5.0,5.0,1.0,3.0,5.0,2.0,5.0,1.0,5.0,3.0,1.0,4.0,15.0,39.0,43.0,46.0,56.0,199.0,1.25,3.25,3.5833333333333335,3.8333333333333335,4.666666666666667,0,0,0,0,0,15.0,39.0,43.0,46.0,56.0,0,199.0
30088,1.0,5.0,1.0,5.0,4.0,2.0,4.0,1.0,5.0,5.0,5.0,2.0,4.0,2.0,1.0,2.0,5.0,1.0,5.0,5.0,4.0,4.0,4.0,2.0,4.0,2.0,4.0,2.0,1.0,2.0,2.0,5.0,2.0,4.0,4.0,4.0,,2.0,2.0,4.0,3.0,1.0,2.0,4.0,2.0,3.0,2.0,4.0,2.0,4.0,4.0,1.0,5.0,4.0,4.0,4.0,2.0,2.0,4.0,4.0,5.0,28.0,42.0,31.0,41.0,45.0,187.0,2.3333333333333335,3.8181818181818183,2.5833333333333335,3.4166666666666665,3.75,0,1,0,0,0,28.0,45.81818181818182,31.0,41.0,45.0,1,190.8181818181818
30089,5.0,1.0,4.0,5.0,3.0,4.0,2.0,2.0,4.0,4.0,5.0,2.0,4.0,4.0,4.0,4.0,1.0,4.0,4.0,4.0,4.0,1.0,3.0,2.0,4.0,5.0,1.0,2.0,2.0,3.0,5.0,2.0,4.0,2.0,3.0,4.0,1.0,4.0,4.0,4.0,3.0,4.0,1.0,2.0,4.0,4.0,4.0,1.0,4.0,5.0,4.0,4.0,3.0,5.0,1.0,4.0,4.0,1.0,4.0,1.0,3.0,52.0,17.0,42.0,38.0,44.0,193.0,4.333333333333333,1.4166666666666667,3.5,3.1666666666666665,3.6666666666666665,0,0,0,0,0,52.0,17.0,42.0,38.0,44.0,0,193.0
30090,2.0,2.0,4.0,4.0,3.0,2.0,4.0,2.0,4.0,3.0,3.0,2.0,3.0,4.0,3.0,2.0,3.0,4.0,3.0,4.0,3.0,3.0,4.0,2.0,4.0,2.0,4.0,5.0,4.0,3.0,3.0,3.0,4.0,4.0,4.0,2.0,3.0,5.0,4.0,3.0,3.0,2.0,3.0,3.0,4.0,3.0,2.0,4.0,4.0,4.0,4.0,2.0,4.0,4.0,2.0,3.0,1.0,4.0,3.0,3.0,3.0,26.0,39.0,45.0,43.0,40.0,193.0,2.1666666666666665,3.25,3.75,3.5833333333333335,3.3333333333333335,0,0,0,0,0,26.0,39.0,45.0,43.0,40.0,0,193.0
30091,3.0,2.0,2.0,5.0,3.0,2.0,5.0,2.0,4.0,2.0,4.0,4.0,4.0,5.0,4.0,4.0,4.0,4.0,4.0,4.0,3.0,2.0,4.0,3.0,2.0,2.0,1.0,4.0,3.0,2.0,3.0,2.0,4.0,4.0,4.0,3.0,2.0,5.0,4.0,3.0,3.0,3.0,2.0,4.0,4.0,2.0,4.0,2.0,4.0,4.0,3.0,3.0,2.0,4.0,3.0,3.0,4.0,3.0,4.0,3.0,4.0,38.0,31.0,45.0,47.0,36.0,197.0,3.1666666666666665,2.5833333333333335,3.75,3.9166666666666665,3.0,0,0,0,0,0,38.0,31.0,45.0,47.0,36.0,0,197.0
30093,2.0,2.0,3.0,5.0,4.0,3.0,4.0,2.0,5.0,4.0,2.0,5.0,4.0,5.0,4.0,2.0,3.0,3.0,5.0,4.0,2.0,2.0,3.0,4.0,4.0,2.0,2.0,3.0,4.0,4.0,3.0,3.0,4.0,4.0,,2.0,4.0,4.0,4.0,4.0,3.0,2.0,5.0,4.0,2.0,4.0,2.0,2.0,4.0,5.0,4.0,2.0,4.0,4.0,1.0,4.0,2.0,2.0,4.0,2.0,3.0,26.0,38.0,42.0,45.0,43.0,194.0,2.1666666666666665,3.1666666666666665,3.5,3.75,3.909090909090909,0,0,0,0,1,26.0,38.0,42.0,45.0,46.90909090909091,1,197.9090909090909
30094,2.0,3.0,1.0,4.0,5.0,4.0,3.0,2.0,2.0,5.0,4.0,2.0,4.0,3.0,1.0,2.0,5.0,2.0,3.0,3.0,4.0,3.0,2.0,1.0,4.0,4.0,3.0,3.0,3.0,4.0,4.0,2.0,4.0,3.0,2.0,4.0,4.0,3.0,3.0,3.0,3.0,4.0,2.0,3.0,1.0,2.0,3.0,4.0,1.0,4.0,4.0,3.0,3.0,4.0,3.0,1.0,3.0,4.0,2.0,3.0,3.0,41.0,38.0,31.0,33.0,37.0,180.0,3.4166666666666665,3.1666666666666665,2.5833333333333335,2.75,3.0833333333333335,0,0,0,0,0,41.0,38.0,31.0,33.0,37.0,0,180.0
30095,3.0,2.0,2.0,4.0,4.0,2.0,4.0,2.0,4.0,4.0,4.0,3.0,5.0,4.0,4.0,4.0,3.0,5.0,4.0,4.0,3.0,4.0,5.0,2.0,4.0,4.0,2.0,4.0,2.0,3.0,4.0,4.0,4.0,3.0,4.0,4.0,2.0,5.0,2.0,3.0,3.0,4.0,2.0,4.0,3.0,3.0,4.0,2.0,4.0,5.0,4.0,2.0,5.0,5.0,4.0,4.0,5.0,2.0,4.0,2.0,5.0,43.0,35.0,49.0,41.0,46.0,214.0,3.5833333333333335,2.9166666666666665,4.083333333333333,3.4166666666666665,3.8333333333333335,0,0,0,0,0,43.0,35.0,49.0,41.0,46.0,0,214.0
30096,4.0,2.0,5.0,5.0,4.0,4.0,4.0,1.0,5.0,4.0,4.0,4.0,4.0,4.0,4.0,4.0,4.0,4.0,4.0,4.0,4.0,3.0,2.0,3.0,4.0,3.0,2.0,5.0,3.0,1.0,4.0,2.0,5.0,4.0,4.0,2.0,4.0,5.0,3.0,3.0,3.0,3.0,3.0,2.0,4.0,2.0,4.0,1.0,3.0,5.0,4.0,4.0,3.0,5.0,1.0,4.0,4.0,2.0,4.0,3.0,4.0,44.0,34.0,45.0,46.0,42.0,211.0,3.6666666666666665,2.8333333333333335,3.75,3.8333333333333335,3.5,0,0,0,0,0,44.0,34.0,45.0,46.0,42.0,0,211.0
30097,5.0,4.0,3.0,5.0,3.0,4.0,5.0,2.0,3.0,4.0,4.0,5.0,3.0,5.0,4.0,4.0,4.0,4.0,4.0,4.0,3.0,3.0,2.0,4.0,3.0,4.0,4.0,2.0,4.0,5.0,4.0,2.0,3.0,4.0,4.0,2.0,3.0,5.0,5.0,4.0,3.0,4.0,2.0,2.0,2.0,2.0,5.0,2.0,4.0,4.0,4.0,4.0,3.0,4.0,2.0,3.0,4.0,3.0,2.0,1.0,4.0,47.0,40.0,36.0,41.0,44.0,208.0,3.9166666666666665,3.3333333333333335,3.0,3.4166666666666665,3.6666666666666665,0,0,0,0,0,47.0,40.0,36.0,41.0,44.0,0,208.0
30098,2.0,5.0,2.0,4.0,3.0,2.0,5.0,2.0,4.0,4.0,1.0,4.0,1.0,4.0,4.0,2.0,5.0,2.0,5.0,4.0,2.0,4.0,1.0,4.0,4.0,1.0,3.0,2.0,5.0,4.0,2.0,4.0,4.0,4.0,5.0,2.0,4.0,5.0,4.0,4.0,3.0,2.0,4.0,1.0,2.0,3.0,4.0,4.0,4.0,4.0,4.0,2.0,4.0,5.0,3.0,4.0,1.0,3.0,4.0,2.0,4.0,23.0,49.0,33.0,42.0,47.0,194.0,1.9166666666666667,4.083333333333333,2.75,3.5,3.9166666666666665,0,0,0,0,0,23.0,49.0,33.0,42.0,47.0,0,194.0
30099,2.0,1.0,5.0,4.0,2.0,2.0,4.0,2.0,5.0,2.0,2.0,4.0,4.0,2.0,4.0,2.0,2.0,5.0,4.0,4.0,1.0,2.0,2.0,2.0,2.0,1.0,2.0,4.0,2.0,2.0,2.0,2.0,4.0,4.0,2.0,2.0,4.0,5.0,2.0,2.0,3.0,2.0,4.0,1.0,4.0,1.0,2.0,1.0,4.0,4.0,2.0,2.0,2.0,5.0,2.0,4.0,2.0,2.0,5.0,4.0,4.0,22.0,30.0,46.0,41.0,31.0,170.0,1.8333333333333333,2.5,3.8333333333333335,3.4166666666666665,2.5833333333333335,0,0,0,0,0,22.0,30.0,46.0,41.0,31.0,0,170.0
30101,2.0,2.0,4.0,4.0,4.0,4.0,3.0,1.0,3.0,2.0,4.0,4.0,5.0,4.0,5.0,5.0,1.0,4.0,3.0,4.0,4.0,2.0,2.0,4.0,4.0,5.0,1.0,4.0,4.0,2.0,4.0,5.0,1.0,4.0,4.0,4.0,3.0,5.0,2.0,4.0,3.0,4.0,2.0,1.0,2.0,4.0,5.0,,4.0,5.0,4.0,2.0,4.0,4.0,1.0,2.0,5.0,1.0,5.0,2.0,4.0,48.0,28.0,40.0,38.0,43.0,197.0,4.0,2.5454545454545454,3.3333333333333335,3.1666666666666665,3.5833333333333335,0,1,0,0,0,48.0,30.545454545454547,40.0,38.0,43.0,1,199.54545454545456
30102,2.0,2.0,1.0,4.0,5.0,1.0,5.0,2.0,5.0,5.0,2.0,4.0,5.0,5.0,3.0,2.0,5.0,4.0,5.0,5.0,2.0,5.0,4.0,2.0,4.0,2.0,2.0,5.0,2.0,5.0,2.0,5.0,4.0,5.0,5.0,2.0,4.0,2.0,2.0,5.0,3.0,2.0,4.0,5.0,1.0,5.0,1.0,4.0,5.0,4.0,4.0,1.0,4.0,5.0,4.0,5.0,2.0,4.0,5.0,1.0,5.0,21.0,48.0,47.0,43.0,56.0,215.0,1.75,4.0,3.9166666666666665,3.5833333333333335,4.666666666666667,0,0,0,0,0,21.0,48.0,47.0,43.0,56.0,0,215.0
30103,1.0,3.0,5.0,3.0,5.0,1.0,5.0,1.0,5.0,5.0,1.0,4.0,3.0,1.0,5.0,1.0,4.0,1.0,4.0,5.0,1.0,1.0,3.0,5.0,5.0,1.0,1.0,1.0,5.0,5.0,1.0,5.0,1.0,5.0,5.0,1.0,5.0,5.0,5.0,5.0,3.0,1.0,5.0,3.0,1.0,4.0,1.0,5.0,1.0,3.0,5.0,1.0,5.0,2.0,3.0,5.0,1.0,3.0,3.0,5.0,5.0,12.0,46.0,29.0,41.0,59.0,187.0,1.0,3.8333333333333335,2.4166666666666665,3.4166666666666665,4.916666666666667,0,0,0,0,0,12.0,46.0,29.0,41.0,59.0,0,187.0
30104,4.0,2.0,4.0,4.0,3.0,2.0,3.0,2.0,4.0,3.0,4.0,4.0,4.0,4.0,4.0,4.0,4.0,4.0,4.0,4.0,4.0,4.0,2.0,3.0,4.0,2.0,3.0,5.0,1.0,2.0,4.0,3.0,4.0,4.0,4.0,2.0,4.0,4.0,4.0,3.0,3.0,2.0,4.0,3.0,2.0,2.0,3.0,4.0,4.0,4.0,3.0,2.0,4.0,4.0,3.0,4.0,2.0,2.0,4.0,3.0,4.0,35.0,41.0,44.0,44.0,40.0,204.0,2.9166666666666665,3.4166666666666665,3.6666666666666665,3.6666666666666665,3.3333333333333335,0,0,0,0,0,35.0,41.0,44.0,44.0,40.0,0,204.0
30105,3.0,2.0,4.0,4.0,4.0,3.0,4.0,2.0,5.0,2.0,3.0,5.0,4.0,4.0,4.0,3.0,2.0,4.0,5.0,4.0,3.0,1.0,4.0,2.0,2.0,4.0,2.0,3.0,4.0,2.0,3.0,1.0,4.0,4.0,3.0,3.0,4.0,5.0,3.0,2.0,3.0,2.0,4.0,4.0,2.0,2.0,4.0,1.0,4.0,5.0,2.0,2.0,2.0,4.0,3.0,4.0,4.0,1.0,5.0,4.0,2.0,37.0,29.0,47.0,44.0,33.0,190.0,3.0833333333333335,2.4166666666666665,3.9166666666666665,3.6666666666666665,2.75,0,0,0,0,0,37.0,29.0,47.0,44.0,33.0,0,190.0
30106,1.0,1.0,4.0,4.0,3.0,2.0,1.0,2.0,5.0,4.0,2.0,2.0,4.0,5.0,4.0,3.0,1.0,5.0,4.0,4.0,1.0,3.0,5.0,3.0,4.0,2.0,1.0,5.0,3.0,4.0,1.0,3.0,4.0,4.0,4.0,1.0,3.0,5.0,4.0,4.0,3.0,2.0,3.0,5.0,4.0,5.0,3.0,2.0,5.0,4.0,4.0,1.0,3.0,5.0,4.0,4.0,3.0,1.0,5.0,4.0,3.0,22.0,24.0,54.0,50.0,47.0,197.0,1.8333333333333333,2.0,4.5,4.166666666666667,3.9166666666666665,0,0,0,0,0,22.0,24.0,54.0,50.0,47.0,0,197.0
30109,4.0,2.0,2.0,5.0,5.0,5.0,5.0,1.0,5.0,5.0,1.0,5.0,3.0,5.0,5.0,4.0,4.0,4.0,5.0,5.0,3.0,3.0,4.0,2.0,4.0,4.0,3.0,4.0,2.0,5.0,4.0,3.0,4.0,3.0,5.0,1.0,4.0,5.0,5.0,5.0,3.0,2.0,4.0,3.0,2.0,5.0,2.0,4.0,4.0,5.0,5.0,2.0,3.0,3.0,2.0,5.0,1.0,4.0,2.0,1.0,2.0,33.0,44.0,39.0,44.0,56.0,216.0,2.75,3.6666666666666665,3.25,3.6666666666666665,4.666666666666667,0,0,0,0,0,33.0,44.0,39.0,44.0,56.0,0,216.0
30110,4.0,4.0,5.0,4.0,4.0,3.0,2.0,3.0,4.0,5.0,3.0,2.0,2.0,4.0,2.0,,3.0,2.0,5.0,4.0,2.0,2.0,2.0,3.0,4.0,2.0,3.0,5.0,3.0,2.0,2.0,2.0,3.0,4.0,4.0,2.0,3.0,5.0,3.0,2.0,3.0,4.0,3.0,2.0,5.0,2.0,2.0,2.0,3.0,4.0,4.0,2.0,2.0,5.0,3.0,4.0,1.0,2.0,3.0,2.0,2.0,27.0,30.0,40.0,46.0,39.0,182.0,2.4545454545454546,2.5,3.3333333333333335,3.8333333333333335,3.25,1,0,0,0,0,29.454545454545453,30.0,40.0,46.0,39.0,1,184.45454545454544
30111,4.0,1.0,3.0,5.0,5.0,2.0,4.0,1.0,2.0,5.0,1.0,4.0,1.0,5.0,5.0,4.0,3.0,5.0,3.0,5.0,1.0,2.0,4.0,4.0,5.0,3.0,2.0,1.0,3.0,4.0,5.0,4.0,4.0,4.0,5.0,2.0,4.0,4.0,5.0,5.0,3.0,1.0,5.0,3.0,2.0,4.0,4.0,2.0,3.0,5.0,5.0,1.0,5.0,4.0,4.0,5.0,1.0,4.0,1.0,1.0,5.0,29.0,40.0,34.0,41.0,58.0,202.0,2.4166666666666665,3.3333333333333335,2.8333333333333335,3.4166666666666665,4.833333333333333,0,0,0,0,0,29.0,40.0,34.0,41.0,58.0,0,202.0
30112,4.0,2.0,4.0,4.0,5.0,3.0,4.0,2.0,5.0,3.0,4.0,4.0,4.0,5.0,3.0,4.0,3.0,4.0,4.0,4.0,1.0,4.0,4.0,3.0,4.0,4.0,2.0,5.0,3.0,2.0,4.0,2.0,4.0,4.0,4.0,3.0,4.0,2.0,5.0,2.0,3.0,4.0,4.0,2.0,2.0,2.0,2.0,1.0,4.0,5.0,2.0,4.0,2.0,4.0,3.0,4.0,4.0,1.0,2.0,1.0,3.0,41.0,33.0,41.0,46.0,38.0,199.0,3.4166666666666665,2.75,3.4166666666666665,3.8333333333333335,3.1666666666666665,0,0,0,0,0,41.0,33.0,41.0,46.0,38.0,0,199.0
30113,1.0,2.0,2.0,4.0,4.0,1.0,3.0,2.0,4.0,4.0,1.0,3.0,4.0,5.0,4.0,2.0,3.0,5.0,4.0,4.0,1.0,4.0,2.0,4.0,4.0,1.0,3.0,2.0,4.0,4.0,1.0,4.0,4.0,4.0,4.0,1.0,2.0,5.0,5.0,4.0,3.0,1.0,3.0,2.0,4.0,4.0,1.0,3.0,5.0,4.0,4.0,1.0,4.0,4.0,3.0,5.0,1.0,3.0,3.0,1.0,4.0,13.0,37.0,40.0,44.0,49.0,183.0,1.0833333333333333,3.0833333333333335,3.3333333333333335,3.6666666666666665,4.083333333333333,0,0,0,0,0,13.0,37.0,40.0,44.0,49.0,0,183.0
30114,3.0,1.0,2.0,5.0,5.0,2.0,4.0,1.0,5.0,4.0,2.0,2.0,4.0,5.0,3.0,4.0,4.0,4.0,2.0,4.0,2.0,1.0,4.0,3.0,4.0,1.0,3.0,5.0,1.0,5.0,4.0,4.0,2.0,5.0,4.0,1.0,5.0,5.0,5.0,4.0,3.0,2.0,5.0,4.0,5.0,5.0,5.0,3.0,5.0,5.0,4.0,1.0,4.0,5.0,2.0,5.0,1.0,5.0,4.0,1.0,3.0,28.0,41.0,45.0,48.0,50.0,212.0,2.3333333333333335,3.4166666666666665,3.75,4.0,4.166666666666667,0,0,0,0,0,28.0,41.0,45.0,48.0,50.0,0,212.0
30116,5.0,3.0,1.0,4.0,5.0,2.0,4.0,1.0,4.0,4.0,4.0,4.0,4.0,5.0,4.0,5.0,3.0,4.0,4.0,4.0,4.0,3.0,4.0,2.0,4.0,1.0,5.0,4.0,2.0,5.0,5.0,3.0,4.0,5.0,4.0,2.0,4.0,2.0,5.0,4.0,3.0,3.0,4.0,4.0,4.0,5.0,5.0,2.0,4.0,5.0,4.0,1.0,4.0,4.0,3.0,5.0,4.0,2.0,4.0,1.0,4.0,41.0,41.0,40.0,46.0,52.0,220.0,3.4166666666666665,3.4166666666666665,3.3333333333333335,3.8333333333333335,4.333333333333333,0,0,0,0,0,41.0,41.0,40.0,46.0,52.0,0,220.0
30118,5.0,3.0,3.0,4.0,4.0,5.0,4.0,1.0,4.0,4.0,5.0,3.0,4.0,3.0,4.0,5.0,3.0,3.0,5.0,5.0,3.0,3.0,4.0,2.0,3.0,5.0,2.0,1.0,2.0,2.0,5.0,3.0,5.0,3.0,4.0,4.0,3.0,5.0,3.0,4.0,3.0,5.0,3.0,4.0,3.0,4.0,4.0,2.0,5.0,4.0,4.0,3.0,2.0,4.0,3.0,3.0,1.0,2.0,4.0,2.0,3.0,50.0,33.0,43.0,37.0,44.0,207.0,4.166666666666667,2.75,3.5833333333333335,3.0833333333333335,3.6666666666666665,0,0,0,0,0,50.0,33.0,43.0,37.0,44.0,0,207.0
30119,4.0,1.0,4.0,4.0,3.0,2.0,4.0,2.0,4.0,4.0,2.0,5.0,4.0,4.0,3.0,2.0,4.0,4.0,4.0,4.0,1.0,3.0,2.0,4.0,3.0,1.0,1.0,2.0,4.0,4.0,2.0,4.0,2.0,4.0,4.0,3.0,4.0,5.0,5.0,4.0,3.0,2.0,5.0,4.0,4.0,4.0,2.0,2.0,5.0,4.0,4.0,1.0,3.0,5.0,1.0,4.0,1.0,2.0,4.0,1.0,4.0,23.0,38.0,43.0,41.0,45.0,190.0,1.9166666666666667,3.1666666666666665,3.5833333333333335,3.4166666666666665,3.75,0,0,0,0,0,23.0,38.0,43.0,41.0,45.0,0,190.0
30120,5.0,2.0,4.0,5.0,5.0,4.0,1.0,1.0,5.0,5.0,2.0,2.0,3.0,4.0,5.0,4.0,1.0,5.0,4.0,5.0,4.0,2.0,4.0,2.0,4.0,4.0,2.0,4.0,2.0,4.0,4.0,3.0,4.0,3.0,5.0,4.0,2.0,4.0,4.0,4.0,3.0,2.0,2.0,2.0,2.0,4.0,4.0,4.0,4.0,5.0,5.0,2.0,5.0,4.0,3.0,5.0,3.0,1.0,2.0,2.0,5.0,42.0,27.0,41.0,43.0,56.0,209.0,3.5,2.25,3.4166666666666665,3.5833333333333335,4.666666666666667,0,0,0,0,0,42.0,27.0,41.0,43.0,56.0,0,209.0
30121,1.0,3.0,3.0,5.0,4.0,1.0,3.0,1.0,5.0,4.0,3.0,3.0,5.0,5.0,3.0,1.0,5.0,5.0,4.0,5.0,2.0,5.0,5.0,3.0,3.0,2.0,2.0,5.0,3.0,4.0,2.0,3.0,2.0,5.0,4.0,1.0,4.0,3.0,5.0,5.0,3.0,3.0,4.0,5.0,4.0,3.0,4.0,3.0,5.0,5.0,5.0,2.0,4.0,5.0,3.0,4.0,2.0,3.0,5.0,1.0,5.0,24.0,42.0,49.0,50.0,49.0,214.0,2.0,3.5,4.083333333333333,4.166666666666667,4.083333333333333,0,0,0,0,0,24.0,42.0,49.0,50.0,49.0,0,214.0
30123,4.0,3.0,5.0,4.0,4.0,4.0,5.0,1.0,4.0,3.0,4.0,2.0,4.0,3.0,2.0,3.0,,2.0,2.0,4.0,1.0,5.0,1.0,2.0,3.0,3.0,2.0,2.0,2.0,2.0,4.0,4.0,2.0,5.0,2.0,4.0,4.0,2.0,2.0,5.0,3.0,3.0,4.0,4.0,3.0,2.0,4.0,4.0,2.0,4.0,2.0,2.0,3.0,4.0,4.0,2.0,1.0,2.0,5.0,2.0,2.0,37.0,38.0,34.0,37.0,33.0,179.0,3.0833333333333335,3.4545454545454546,2.8333333333333335,3.0833333333333335,2.75,0,1,0,0,0,37.0,41.45454545454545,34.0,37.0,33.0,1,182.45454545454544
30124,4.0,2.0,5.0,4.0,2.0,5.0,2.0,2.0,5.0,2.0,5.0,4.0,4.0,3.0,4.0,4.0,2.0,5.0,5.0,4.0,4.0,2.0,3.0,4.0,1.0,5.0,2.0,4.0,4.0,1.0,5.0,2.0,2.0,3.0,2.0,1.0,2.0,5.0,4.0,4.0,3.0,4.0,3.0,4.0,4.0,2.0,5.0,2.0,2.0,4.0,2.0,4.0,2.0,4.0,1.0,1.0,4.0,1.0,4.0,1.0,4.0,50.0,26.0,44.0,42.0,29.0,191.0,4.166666666666667,2.1666666666666665,3.6666666666666665,3.5,2.4166666666666665,0,0,0,0,0,50.0,26.0,44.0,42.0,29.0,0,191.0
30127,2.0,2.0,2.0,4.0,2.0,2.0,4.0,2.0,2.0,2.0,2.0,3.0,5.0,4.0,4.0,4.0,3.0,4.0,4.0,4.0,2.0,4.0,4.0,4.0,2.0,2.0,4.0,4.0,2.0,2.0,2.0,4.0,4.0,2.0,4.0,2.0,4.0,3.0,2.0,4.0,3.0,2.0,4.0,3.0,2.0,2.0,2.0,4.0,4.0,4.0,2.0,2.0,4.0,4.0,4.0,3.0,2.0,4.0,4.0,3.0,4.0,26.0,44.0,43.0,39.0,35.0,187.0,2.1666666666666665,3.6666666666666665,3.5833333333333335,3.25,2.9166666666666665,0,0,0,0,0,26.0,44.0,43.0,39.0,35.0,0,187.0
30128,4.0,3.0,5.0,4.0,5.0,4.0,3.0,1.0,4.0,5.0,1.0,2.0,3.0,5.0,5.0,4.0,5.0,5.0,2.0,5.0,1.0,4.0,1.0,1.0,4.0,2.0,3.0,5.0,3.0,5.0,1.0,4.0,5.0,3.0,5.0,3.0,4.0,1.0,2.0,5.0,3.0,1.0,2.0,2.0,1.0,5.0,4.0,4.0,4.0,5.0,5.0,1.0,4.0,5.0,3.0,5.0,1.0,5.0,4.0,3.0,5.0,27.0,43.0,41.0,38.0,59.0,208.0,2.25,3.5833333333333335,3.4166666666666665,3.1666666666666665,4.916666666666667,0,0,0,0,0,27.0,43.0,41.0,38.0,59.0,0,208.0
30129,5.0,1.0,2.0,4.0,4.0,3.0,4.0,1.0,3.0,3.0,4.0,3.0,2.0,2.0,3.0,3.0,1.0,4.0,3.0,4.0,3.0,2.0,1.0,2.0,2.0,2.0,3.0,3.0,2.0,2.0,4.0,2.0,3.0,3.0,3.0,2.0,2.0,4.0,2.0,4.0,3.0,4.0,2.0,1.0,4.0,4.0,2.0,2.0,2.0,4.0,3.0,3.0,2.0,2.0,2.0,4.0,2.0,4.0,3.0,3.0,2.0,37.0,28.0,28.0,35.0,38.0,166.0,3.0833333333333335,2.3333333333333335,2.3333333333333335,2.9166666666666665,3.1666666666666665,0,0,0,0,0,37.0,28.0,28.0,35.0,38.0,0,166.0
30130,3.0,4.0,2.0,4.0,4.0,2.0,4.0,2.0,4.0,4.0,4.0,2.0,4.0,5.0,3.0,4.0,4.0,2.0,4.0,4.0,4.0,4.0,2.0,2.0,4.0,4.0,2.0,4.0,2.0,2.0,2.0,4.0,2.0,4.0,4.0,4.0,4.0,2.0,2.0,4.0,3.0,4.0,2.0,4.0,2.0,2.0,4.0,4.0,2.0,4.0,4.0,4.0,4.0,4.0,4.0,2.0,4.0,2.0,4.0,4.0,4.0,43.0,40.0,34.0,43.0,41.0,201.0,3.5833333333333335,3.3333333333333335,2.8333333333333335,3.5833333333333335,3.4166666666666665,0,0,0,0,0,43.0,40.0,34.0,43.0,41.0,0,201.0
30131,2.0,1.0,4.0,5.0,5.0,1.0,5.0,2.0,5.0,3.0,2.0,5.0,4.0,5.0,4.0,2.0,4.0,5.0,5.0,5.0,2.0,3.0,4.0,4.0,4.0,4.0,3.0,4.0,2.0,2.0,2.0,4.0,5.0,5.0,4.0,1.0,4.0,2.0,4.0,4.0,3.0,2.0,5.0,4.0,4.0,4.0,5.0,4.0,4.0,5.0,4.0,1.0,4.0,5.0,2.0,5.0,2.0,5.0,4.0,2.0,5.0,26.0,47.0,47.0,50.0,49.0,219.0,2.1666666666666665,3.9166666666666665,3.9166666666666665,4.166666666666667,4.083333333333333,0,0,0,0,0,26.0,47.0,47.0,50.0,49.0,0,219.0
30133,1.0,4.0,3.0,4.0,3.0,3.0,5.0,1.0,4.0,3.0,4.0,5.0,4.0,4.0,2.0,4.0,4.0,4.0,5.0,3.0,3.0,5.0,4.0,2.0,2.0,4.0,3.0,5.0,4.0,,4.0,4.0,4.0,5.0,3.0,1.0,5.0,3.0,2.0,2.0,3.0,5.0,4.0,4.0,3.0,4.0,4.0,5.0,4.0,4.0,1.0,4.0,5.0,4.0,2.0,2.0,1.0,5.0,3.0,2.0,4.0,38.0,54.0,43.0,42.0,29.0,206.0,3.1666666666666665,4.5,3.5833333333333335,3.5,2.6363636363636362,0,0,0,0,1,38.0,54.0,43.0,42.0,31.636363636363637,1,208.63636363636363
30134,5.0,2.0,5.0,5.0,4.0,5.0,3.0,2.0,5.0,3.0,4.0,3.0,4.0,5.0,4.0,5.0,3.0,4.0,4.0,4.0,4.0,3.0,3.0,2.0,4.0,4.0,1.0,4.0,2.0,3.0,5.0,3.0,5.0,3.0,4.0,3.0,2.0,3.0,5.0,3.0,3.0,5.0,2.0,3.0,4.0,2.0,5.0,2.0,4.0,5.0,4.0,4.0,3.0,4.0,1.0,4.0,4.0,2.0,4.0,1.0,5.0,53.0,29.0,45.0,44.0,44.0,215.0,4.416666666666667,2.4166666666666665,3.75,3.6666666666666665,3.6666666666666665,0,0,0,0,0,53.0,29.0,45.0,44.0,44.0,0,215.0
30135,4.0,2.0,4.0,4.0,3.0,5.0,4.0,1.0,2.0,3.0,4.0,2.0,1.0,3.0,2.0,4.0,4.0,3.0,4.0,4.0,2.0,1.0,1.0,2.0,4.0,4.0,1.0,1.0,3.0,2.0,4.0,2.0,4.0,4.0,3.0,4.0,2.0,5.0,4.0,4.0,3.0,4.0,2.0,2.0,2.0,3.0,4.0,2.0,4.0,4.0,3.0,4.0,1.0,4.0,2.0,2.0,5.0,1.0,1.0,2.0,2.0,48.0,24.0,31.0,34.0,35.0,172.0,4.0,2.0,2.5833333333333335,2.8333333333333335,2.9166666666666665,0,0,0,0,0,48.0,24.0,31.0,34.0,35.0,0,172.0
30136,4.0,4.0,2.0,5.0,5.0,2.0,4.0,1.0,5.0,4.0,4.0,4.0,4.0,4.0,4.0,,5.0,4.0,4.0,5.0,1.0,4.0,4.0,4.0,5.0,2.0,3.0,4.0,3.0,5.0,2.0,4.0,4.0,4.0,4.0,3.0,5.0,2.0,4.0,4.0,3.0,2.0,4.0,4.0,4.0,5.0,4.0,4.0,2.0,5.0,5.0,2.0,5.0,4.0,4.0,5.0,4.0,4.0,4.0,4.0,5.0,30.0,50.0,39.0,51.0,56.0,226.0,2.727272727272727,4.166666666666667,3.25,4.25,4.666666666666667,1,0,0,0,0,32.72727272727273,50.0,39.0,51.0,56.0,1,228.72727272727272
30138,4.0,3.0,4.0,5.0,4.0,2.0,4.0,2.0,4.0,5.0,2.0,5.0,5.0,4.0,5.0,1.0,3.0,1.0,5.0,4.0,1.0,3.0,2.0,1.0,4.0,2.0,1.0,4.0,1.0,4.0,1.0,5.0,2.0,5.0,5.0,3.0,5.0,2.0,5.0,4.0,3.0,2.0,5.0,1.0,1.0,5.0,5.0,2.0,5.0,5.0,5.0,3.0,4.0,5.0,2.0,5.0,1.0,1.0,3.0,1.0,5.0,27.0,41.0,36.0,42.0,55.0,201.0,2.25,3.4166666666666665,3.0,3.5,4.583333333333333,0,0,0,0,0,27.0,41.0,36.0,42.0,55.0,0,201.0
30139,2.0,4.0,2.0,4.0,5.0,4.0,4.0,1.0,4.0,5.0,4.0,4.0,4.0,4.0,4.0,4.0,2.0,2.0,4.0,4.0,4.0,2.0,4.0,4.0,4.0,3.0,2.0,2.0,1.0,4.0,4.0,4.0,2.0,4.0,4.0,4.0,4.0,3.0,2.0,4.0,3.0,4.0,2.0,4.0,2.0,2.0,4.0,2.0,4.0,4.0,4.0,4.0,4.0,4.0,2.0,4.0,4.0,2.0,4.0,2.0,4.0,45.0,36.0,36.0,38.0,48.0,203.0,3.75,3.0,3.0,3.1666666666666665,4.0,0,0,0,0,0,45.0,36.0,36.0,38.0,48.0,0,203.0
30140,4.0,4.0,2.0,4.0,4.0,2.0,4.0,2.0,4.0,4.0,2.0,3.0,2.0,4.0,4.0,2.0,2.0,3.0,2.0,4.0,2.0,4.0,2.0,2.0,4.0,2.0,2.0,2.0,2.0,4.0,4.0,4.0,2.0,4.0,4.0,2.0,4.0,3.0,4.0,4.0,3.0,2.0,4.0,2.0,2.0,3.0,4.0,2.0,3.0,4.0,4.0,2.0,4.0,4.0,4.0,4.0,2.0,4.0,2.0,4.0,4.0,30.0,41.0,29.0,40.0,47.0,187.0,2.5,3.4166666666666665,2.4166666666666665,3.3333333333333335,3.9166666666666665,0,0,0,0,0,30.0,41.0,29.0,40.0,47.0,0,187.0
30142,5.0,2.0,5.0,5.0,2.0,5.0,4.0,1.0,4.0,4.0,2.0,2.0,3.0,4.0,4.0,5.0,3.0,4.0,5.0,4.0,4.0,2.0,4.0,1.0,4.0,5.0,3.0,4.0,2.0,2.0,4.0,2.0,4.0,3.0,4.0,4.0,2.0,5.0,4.0,4.0,3.0,4.0,2.0,2.0,2.0,4.0,4.0,2.0,4.0,4.0,4.0,4.0,1.0,5.0,2.0,2.0,5.0,3.0,4.0,4.0,4.0,51.0,28.0,45.0,42.0,42.0,208.0,4.25,2.3333333333333335,3.75,3.5,3.5,0,0,0,0,0,51.0,28.0,45.0,42.0,42.0,0,208.0
30143,5.0,2.0,4.0,4.0,4.0,3.0,3.0,3.0,4.0,1.0,5.0,2.0,5.0,4.0,4.0,4.0,4.0,5.0,4.0,4.0,3.0,2.0,5.0,3.0,2.0,3.0,2.0,3.0,3.0,1.0,5.0,2.0,4.0,3.0,2.0,3.0,2.0,5.0,4.0,2.0,3.0,4.0,2.0,5.0,3.0,2.0,5.0,2.0,5.0,4.0,2.0,3.0,2.0,4.0,2.0,3.0,3.0,2.0,4.0,3.0,2.0,46.0,27.0,52.0,41.0,29.0,195.0,3.8333333333333335,2.25,4.333333333333333,3.4166666666666665,2.4166666666666665,0,0,0,0,0,46.0,27.0,52.0,41.0,29.0,0,195.0
30144,2.0,1.0,5.0,4.0,5.0,4.0,2.0,2.0,3.0,2.0,4.0,2.0,4.0,4.0,4.0,4.0,2.0,5.0,4.0,5.0,3.0,2.0,4.0,3.0,4.0,3.0,2.0,4.0,2.0,5.0,4.0,3.0,4.0,4.0,5.0,3.0,2.0,5.0,4.0,5.0,3.0,4.0,2.0,3.0,1.0,2.0,4.0,4.0,4.0,5.0,5.0,2.0,3.0,5.0,2.0,4.0,4.0,4.0,4.0,1.0,5.0,41.0,29.0,49.0,39.0,51.0,209.0,3.4166666666666665,2.4166666666666665,4.083333333333333,3.25,4.25,0,0,0,0,0,41.0,29.0,49.0,39.0,51.0,0,209.0
30145,4.0,1.0,5.0,5.0,4.0,2.0,4.0,2.0,5.0,4.0,4.0,4.0,4.0,5.0,5.0,4.0,1.0,5.0,5.0,5.0,4.0,4.0,4.0,2.0,4.0,4.0,1.0,4.0,2.0,4.0,4.0,2.0,5.0,4.0,2.0,2.0,2.0,5.0,4.0,4.0,3.0,2.0,2.0,4.0,4.0,4.0,5.0,2.0,5.0,5.0,4.0,2.0,4.0,5.0,2.0,4.0,4.0,1.0,4.0,2.0,4.0,41.0,28.0,52.0,47.0,48.0,216.0,3.4166666666666665,2.3333333333333335,4.333333333333333,3.9166666666666665,4.0,0,0,0,0,0,41.0,28.0,52.0,47.0,48.0,0,216.0
30147,2.0,5.0,3.0,5.0,3.0,1.0,4.0,2.0,5.0,4.0,2.0,4.0,2.0,5.0,5.0,2.0,5.0,5.0,2.0,4.0,1.0,3.0,5.0,4.0,3.0,1.0,2.0,4.0,5.0,4.0,2.0,4.0,2.0,4.0,3.0,1.0,4.0,5.0,5.0,4.0,3.0,1.0,4.0,2.0,3.0,4.0,4.0,3.0,4.0,4.0,4.0,1.0,4.0,5.0,1.0,4.0,1.0,4.0,4.0,5.0,4.0,19.0,46.0,43.0,47.0,46.0,201.0,1.5833333333333333,3.8333333333333335,3.5833333333333335,3.9166666666666665,3.8333333333333335,0,0,0,0,0,19.0,46.0,43.0,47.0,46.0,0,201.0
30148,1.0,3.0,1.0,5.0,5.0,1.0,4.0,2.0,5.0,5.0,1.0,2.0,4.0,4.0,4.0,1.0,5.0,5.0,4.0,5.0,1.0,5.0,4.0,3.0,,2.0,4.0,4.0,2.0,4.0,2.0,3.0,4.0,4.0,5.0,1.0,4.0,3.0,5.0,5.0,3.0,1.0,5.0,4.0,4.0,5.0,1.0,4.0,4.0,5.0,5.0,1.0,5.0,4.0,3.0,5.0,1.0,4.0,4.0,2.0,5.0,14.0,48.0,43.0,48.0,53.0,206.0,1.1666666666666667,4.0,3.5833333333333335,4.0,4.818181818181818,0,0,0,0,1,14.0,48.0,43.0,48.0,57.81818181818182,1,210.8181818181818
30149,4.0,4.0,3.0,5.0,4.0,3.0,5.0,1.0,5.0,5.0,4.0,5.0,5.0,5.0,4.0,1.0,5.0,3.0,5.0,5.0,1.0,4.0,5.0,3.0,5.0,1.0,3.0,5.0,1.0,4.0,4.0,4.0,5.0,5.0,5.0,3.0,5.0,3.0,5.0,5.0,3.0,3.0,5.0,5.0,5.0,2.0,3.0,1.0,3.0,5.0,5.0,3.0,4.0,5.0,1.0,5.0,4.0,1.0,5.0,1.0,5.0,34.0,46.0,48.0,50.0,54.0,232.0,2.8333333333333335,3.8333333333333335,4.0,4.166666666666667,4.5,0,0,0,0,0,34.0,46.0,48.0,50.0,54.0,0,232.0
30150,4.0,1.0,4.0,4.0,4.0,4.0,4.0,2.0,5.0,4.0,2.0,4.0,4.0,4.0,4.0,5.0,2.0,5.0,4.0,4.0,2.0,2.0,2.0,1.0,4.0,4.0,2.0,4.0,2.0,4.0,4.0,2.0,4.0,4.0,4.0,2.0,4.0,5.0,4.0,4.0,3.0,2.0,4.0,2.0,4.0,4.0,4.0,2.0,4.0,4.0,4.0,2.0,2.0,4.0,2.0,4.0,2.0,4.0,4.0,1.0,2.0,37.0,33.0,44.0,41.0,46.0,201.0,3.0833333333333335,2.75,3.6666666666666665,3.4166666666666665,3.8333333333333335,0,0,0,0,0,37.0,33.0,44.0,41.0,46.0,0,201.0
30151,5.0,1.0,4.0,4.0,4.0,2.0,3.0,1.0,4.0,4.0,5.0,3.0,4.0,2.0,5.0,5.0,2.0,5.0,2.0,5.0,5.0,4.0,4.0,1.0,3.0,4.0,1.0,5.0,1.0,1.0,5.0,2.0,5.0,3.0,2.0,4.0,2.0,5.0,2.0,3.0,3.0,4.0,1.0,4.0,2.0,1.0,2.0,2.0,5.0,4.0,3.0,5.0,2.0,4.0,2.0,4.0,5.0,1.0,5.0,5.0,3.0,51.0,24.0,51.0,36.0,38.0,200.0,4.25,2.0,4.25,3.0,3.1666666666666665,0,0,0,0,0,51.0,24.0,51.0,36.0,38.0,0,200.0
30152,2.0,3.0,4.0,4.0,4.0,2.0,4.0,2.0,4.0,4.0,2.0,4.0,4.0,4.0,4.0,4.0,4.0,4.0,4.0,4.0,1.0,3.0,4.0,4.0,4.0,2.0,4.0,4.0,3.0,4.0,2.0,4.0,2.0,4.0,4.0,3.0,4.0,3.0,4.0,4.0,3.0,2.0,4.0,4.0,4.0,4.0,2.0,4.0,4.0,4.0,4.0,2.0,4.0,3.0,3.0,4.0,2.0,4.0,4.0,2.0,4.0,26.0,46.0,42.0,45.0,48.0,207.0,2.1666666666666665,3.8333333333333335,3.5,3.75,4.0,0,0,0,0,0,26.0,46.0,42.0,45.0,48.0,0,207.0
30153,1.0,4.0,2.0,4.0,5.0,1.0,4.0,2.0,3.0,4.0,2.0,2.0,3.0,4.0,4.0,2.0,4.0,2.0,4.0,4.0,1.0,,,,,,,,,,,,2.0,4.0,4.0,4.0,4.0,3.0,2.0,3.0,3.0,4.0,4.0,4.0,2.0,3.0,4.0,4.0,2.0,4.0,4.0,2.0,4.0,4.0,3.0,4.0,2.0,2.0,4.0,2.0,5.0,23.0,32.0,28.0,32.0,40.0,155.0,2.3,3.5555555555555554,2.8,3.2,4.0,2,3,2,2,2,27.6,42.666666666666664,33.6,38.4,48.0,11,190.26666666666668
30156,5.0,4.0,4.0,3.0,4.0,2.0,4.0,3.0,4.0,2.0,4.0,2.0,4.0,4.0,4.0,2.0,4.0,4.0,3.0,3.0,2.0,4.0,5.0,3.0,3.0,4.0,4.0,4.0,4.0,4.0,4.0,4.0,3.0,3.0,4.0,5.0,3.0,3.0,4.0,4.0,3.0,4.0,3.0,5.0,3.0,2.0,3.0,3.0,4.0,,3.0,2.0,4.0,4.0,3.0,4.0,4.0,4.0,4.0,4.0,4.0,41.0,43.0,47.0,38.0,41.0,210.0,3.4166666666666665,3.5833333333333335,3.9166666666666665,3.4545454545454546,3.4166666666666665,0,0,0,1,0,41.0,43.0,47.0,41.45454545454545,41.0,1,213.45454545454544
30157,1.0,2.0,2.0,4.0,4.0,1.0,4.0,1.0,3.0,4.0,2.0,4.0,5.0,2.0,2.0,2.0,4.0,4.0,3.0,4.0,2.0,4.0,4.0,3.0,4.0,1.0,3.0,4.0,1.0,4.0,3.0,3.0,1.0,3.0,4.0,2.0,5.0,4.0,3.0,4.0,3.0,2.0,5.0,5.0,2.0,4.0,5.0,3.0,3.0,4.0,4.0,2.0,4.0,4.0,4.0,4.0,1.0,3.0,4.0,3.0,4.0,24.0,44.0,41.0,38.0,46.0,193.0,2.0,3.6666666666666665,3.4166666666666665,3.1666666666666665,3.8333333333333335,0,0,0,0,0,24.0,44.0,41.0,38.0,46.0,0,193.0
30158,4.0,3.0,2.0,5.0,4.0,3.0,4.0,2.0,4.0,4.0,3.0,3.0,4.0,5.0,4.0,4.0,3.0,4.0,4.0,5.0,2.0,3.0,2.0,3.0,4.0,3.0,2.0,2.0,3.0,4.0,4.0,3.0,4.0,4.0,4.0,2.0,3.0,3.0,4.0,3.0,3.0,4.0,4.0,4.0,2.0,4.0,3.0,2.0,4.0,5.0,4.0,2.0,4.0,4.0,2.0,4.0,3.0,1.0,4.0,1.0,4.0,37.0,35.0,39.0,41.0,48.0,200.0,3.0833333333333335,2.9166666666666665,3.25,3.4166666666666665,4.0,0,0,0,0,0,37.0,35.0,39.0,41.0,48.0,0,200.0
30160,3.0,2.0,5.0,3.0,4.0,3.0,4.0,1.0,5.0,4.0,5.0,5.0,5.0,4.0,3.0,5.0,3.0,3.0,3.0,4.0,2.0,3.0,5.0,2.0,3.0,4.0,3.0,4.0,1.0,3.0,5.0,3.0,5.0,3.0,3.0,4.0,5.0,3.0,5.0,3.0,3.0,4.0,3.0,4.0,3.0,3.0,4.0,2.0,5.0,5.0,3.0,1.0,3.0,5.0,3.0,4.0,4.0,1.0,5.0,2.0,4.0,44.0,37.0,50.0,42.0,41.0,214.0,3.6666666666666665,3.0833333333333335,4.166666666666667,3.5,3.4166666666666665,0,0,0,0,0,44.0,37.0,50.0,42.0,41.0,0,214.0
30161,2.0,1.0,5.0,4.0,4.0,2.0,2.0,2.0,5.0,5.0,1.0,3.0,4.0,4.0,4.0,2.0,2.0,4.0,4.0,5.0,1.0,2.0,4.0,2.0,4.0,2.0,2.0,2.0,2.0,5.0,2.0,2.0,5.0,4.0,4.0,2.0,2.0,3.0,4.0,5.0,3.0,2.0,2.0,3.0,1.0,5.0,2.0,2.0,5.0,4.0,5.0,1.0,4.0,5.0,2.0,4.0,2.0,1.0,4.0,2.0,5.0,21.0,25.0,46.0,38.0,55.0,185.0,1.75,2.0833333333333335,3.8333333333333335,3.1666666666666665,4.583333333333333,0,0,0,0,0,21.0,25.0,46.0,38.0,55.0,0,185.0
30162,4.0,2.0,4.0,5.0,5.0,4.0,2.0,2.0,5.0,4.0,2.0,4.0,2.0,5.0,5.0,4.0,3.0,4.0,5.0,5.0,1.0,3.0,1.0,5.0,5.0,3.0,2.0,2.0,3.0,4.0,4.0,3.0,4.0,4.0,5.0,1.0,3.0,5.0,5.0,4.0,3.0,2.0,2.0,1.0,5.0,4.0,4.0,3.0,2.0,5.0,5.0,2.0,4.0,2.0,2.0,4.0,4.0,2.0,3.0,2.0,4.0,35.0,33.0,32.0,50.0,54.0,204.0,2.9166666666666665,2.75,2.6666666666666665,4.166666666666667,4.5,0,0,0,0,0,35.0,33.0,32.0,50.0,54.0,0,204.0
30163,5.0,2.0,4.0,4.0,3.0,2.0,3.0,3.0,3.0,2.0,4.0,3.0,4.0,4.0,4.0,5.0,3.0,3.0,4.0,4.0,4.0,3.0,2.0,2.0,3.0,4.0,2.0,5.0,2.0,2.0,5.0,3.0,4.0,3.0,4.0,4.0,3.0,5.0,3.0,4.0,3.0,3.0,3.0,2.0,3.0,4.0,4.0,3.0,3.0,4.0,3.0,3.0,3.0,3.0,2.0,4.0,3.0,3.0,3.0,3.0,4.0,46.0,34.0,41.0,40.0,41.0,202.0,3.8333333333333335,2.8333333333333335,3.4166666666666665,3.3333333333333335,3.4166666666666665,0,0,0,0,0,46.0,34.0,41.0,40.0,41.0,0,202.0
30164,4.0,1.0,2.0,4.0,4.0,4.0,4.0,2.0,5.0,4.0,2.0,4.0,5.0,5.0,5.0,4.0,1.0,5.0,4.0,4.0,2.0,2.0,2.0,2.0,5.0,4.0,2.0,2.0,2.0,5.0,2.0,2.0,4.0,4.0,5.0,2.0,2.0,5.0,5.0,5.0,3.0,2.0,2.0,1.0,2.0,5.0,2.0,2.0,2.0,4.0,5.0,2.0,2.0,4.0,1.0,5.0,4.0,2.0,1.0,1.0,5.0,34.0,26.0,35.0,39.0,57.0,191.0,2.8333333333333335,2.1666666666666665,2.9166666666666665,3.25,4.75,0,0,0,0,0,34.0,26.0,35.0,39.0,57.0,0,191.0
30165,1.0,1.0,4.0,4.0,3.0,2.0,3.0,1.0,4.0,5.0,4.0,3.0,3.0,4.0,5.0,2.0,1.0,4.0,4.0,5.0,4.0,2.0,1.0,1.0,5.0,2.0,2.0,4.0,1.0,3.0,5.0,2.0,4.0,3.0,4.0,3.0,3.0,5.0,3.0,4.0,3.0,3.0,2.0,1.0,2.0,4.0,4.0,2.0,2.0,4.0,4.0,2.0,3.0,3.0,2.0,5.0,2.0,2.0,2.0,2.0,4.0,34.0,26.0,34.0,37.0,51.0,182.0,2.8333333333333335,2.1666666666666665,2.8333333333333335,3.0833333333333335,4.25,0,0,0,0,0,34.0,26.0,34.0,37.0,51.0,0,182.0
30166,3.0,3.0,3.0,4.0,4.0,2.0,4.0,3.0,5.0,4.0,2.0,4.0,5.0,5.0,3.0,2.0,4.0,3.0,5.0,5.0,2.0,2.0,4.0,4.0,3.0,2.0,4.0,3.0,4.0,4.0,2.0,4.0,4.0,3.0,4.0,1.0,3.0,3.0,4.0,3.0,3.0,2.0,4.0,4.0,4.0,4.0,2.0,2.0,3.0,4.0,4.0,1.0,4.0,4.0,2.0,4.0,3.0,2.0,4.0,1.0,4.0,24.0,40.0,43.0,44.0,46.0,197.0,2.0,3.3333333333333335,3.5833333333333335,3.6666666666666665,3.8333333333333335,0,0,0,0,0,24.0,40.0,43.0,44.0,46.0,0,197.0
30169,2.0,2.0,5.0,4.0,4.0,3.0,5.0,1.0,5.0,5.0,3.0,5.0,5.0,5.0,5.0,5.0,1.0,3.0,3.0,5.0,2.0,3.0,5.0,4.0,3.0,4.0,1.0,4.0,2.0,5.0,1.0,3.0,3.0,5.0,4.0,3.0,4.0,2.0,4.0,4.0,3.0,2.0,5.0,4.0,2.0,5.0,5.0,4.0,2.0,4.0,4.0,5.0,4.0,5.0,1.0,1.0,4.0,2.0,5.0,5.0,5.0,39.0,39.0,44.0,46.0,50.0,218.0,3.25,3.25,3.6666666666666665,3.8333333333333335,4.166666666666667,0,0,0,0,0,39.0,39.0,44.0,46.0,50.0,0,218.0
30170,4.0,2.0,4.0,4.0,4.0,4.0,4.0,2.0,5.0,2.0,4.0,4.0,4.0,4.0,3.0,4.0,4.0,4.0,4.0,3.0,4.0,3.0,3.0,2.0,3.0,3.0,2.0,4.0,2.0,2.0,4.0,3.0,2.0,3.0,3.0,2.0,3.0,5.0,4.0,4.0,3.0,3.0,2.0,4.0,4.0,2.0,3.0,4.0,3.0,4.0,3.0,3.0,3.0,4.0,4.0,4.0,4.0,2.0,4.0,2.0,3.0,42.0,36.0,43.0,44.0,36.0,201.0,3.5,3.0,3.5833333333333335,3.6666666666666665,3.0,0,0,0,0,0,42.0,36.0,43.0,44.0,36.0,0,201.0
30171,3.0,4.0,1.0,4.0,5.0,4.0,5.0,1.0,3.0,5.0,4.0,3.0,2.0,4.0,3.0,2.0,5.0,2.0,5.0,4.0,3.0,5.0,4.0,2.0,4.0,3.0,2.0,5.0,2.0,5.0,3.0,4.0,3.0,5.0,5.0,2.0,4.0,3.0,1.0,4.0,3.0,2.0,3.0,5.0,2.0,2.0,5.0,4.0,5.0,5.0,4.0,1.0,5.0,4.0,3.0,4.0,2.0,4.0,4.0,1.0,5.0,34.0,48.0,39.0,40.0,50.0,211.0,2.8333333333333335,4.0,3.25,3.3333333333333335,4.166666666666667,0,0,0,0,0,34.0,48.0,39.0,40.0,50.0,0,211.0
30172,2.0,3.0,3.0,5.0,4.0,2.0,4.0,3.0,5.0,3.0,2.0,5.0,1.0,5.0,3.0,2.0,3.0,5.0,3.0,4.0,1.0,3.0,4.0,3.0,2.0,2.0,4.0,5.0,4.0,4.0,2.0,2.0,5.0,4.0,4.0,1.0,3.0,3.0,5.0,4.0,3.0,2.0,2.0,4.0,4.0,4.0,4.0,2.0,4.0,4.0,4.0,3.0,3.0,4.0,1.0,4.0,2.0,3.0,3.0,1.0,3.0,25.0,37.0,44.0,45.0,43.0,194.0,2.0833333333333335,3.0833333333333335,3.6666666666666665,3.75,3.5833333333333335,0,0,0,0,0,25.0,37.0,44.0,45.0,43.0,0,194.0
30173,4.0,2.0,4.0,4.0,4.0,3.0,3.0,2.0,4.0,4.0,3.0,2.0,3.0,4.0,2.0,4.0,2.0,4.0,4.0,4.0,3.0,2.0,2.0,3.0,4.0,3.0,2.0,3.0,3.0,4.0,3.0,2.0,4.0,4.0,4.0,3.0,3.0,3.0,4.0,3.0,3.0,4.0,3.0,2.0,3.0,4.0,4.0,2.0,4.0,4.0,4.0,2.0,3.0,4.0,3.0,4.0,2.0,2.0,3.0,2.0,3.0,38.0,28.0,38.0,42.0,44.0,190.0,3.1666666666666665,2.3333333333333335,3.1666666666666665,3.5,3.6666666666666665,0,0,0,0,0,38.0,28.0,38.0,42.0,44.0,0,190.0
30174,2.0,3.0,2.0,4.0,4.0,1.0,3.0,2.0,5.0,4.0,2.0,4.0,4.0,5.0,5.0,3.0,4.0,3.0,4.0,4.0,1.0,3.0,2.0,2.0,4.0,2.0,2.0,5.0,1.0,3.0,2.0,4.0,2.0,4.0,5.0,3.0,4.0,4.0,5.0,4.0,3.0,2.0,5.0,3.0,5.0,5.0,5.0,4.0,4.0,4.0,4.0,1.0,4.0,4.0,4.0,5.0,1.0,5.0,1.0,1.0,4.0,25.0,45.0,36.0,48.0,51.0,205.0,2.0833333333333335,3.75,3.0,4.0,4.25,0,0,0,0,0,25.0,45.0,36.0,48.0,51.0,0,205.0
30176,2.0,1.0,3.0,4.0,5.0,3.0,4.0,1.0,5.0,5.0,4.0,1.0,5.0,5.0,4.0,2.0,5.0,5.0,5.0,5.0,1.0,5.0,3.0,2.0,5.0,4.0,3.0,5.0,1.0,5.0,1.0,4.0,2.0,3.0,5.0,3.0,4.0,5.0,3.0,4.0,3.0,1.0,4.0,4.0,2.0,5.0,2.0,3.0,4.0,4.0,5.0,1.0,5.0,5.0,3.0,5.0,1.0,4.0,5.0,1.0,5.0,25.0,43.0,47.0,42.0,58.0,215.0,2.0833333333333335,3.5833333333333335,3.9166666666666665,3.5,4.833333333333333,0,0,0,0,0,25.0,43.0,47.0,42.0,58.0,0,215.0
30177,4.0,3.0,4.0,4.0,3.0,,5.0,,3.0,4.0,3.0,4.0,3.0,4.0,4.0,3.0,4.0,2.0,4.0,4.0,3.0,5.0,4.0,3.0,4.0,3.0,2.0,5.0,,4.0,3.0,4.0,1.0,4.0,,4.0,5.0,3.0,3.0,3.0,3.0,2.0,4.0,4.0,2.0,4.0,4.0,3.0,2.0,4.0,3.0,2.0,4.0,5.0,5.0,3.0,3.0,4.0,3.0,3.0,4.0,34.0,47.0,36.0,44.0,40.0,201.0,3.090909090909091,3.9166666666666665,3.272727272727273,3.6666666666666665,3.6363636363636362,1,0,1,0,1,37.09090909090909,47.0,39.27272727272727,44.0,43.63636363636363,4,211.0
30178,1.0,1.0,3.0,3.0,1.0,1.0,3.0,2.0,4.0,4.0,2.0,2.0,4.0,3.0,4.0,2.0,1.0,5.0,5.0,4.0,1.0,2.0,1.0,2.0,4.0,2.0,1.0,2.0,3.0,1.0,3.0,1.0,3.0,3.0,4.0,3.0,1.0,5.0,4.0,4.0,3.0,2.0,1.0,2.0,3.0,2.0,3.0,2.0,4.0,4.0,4.0,1.0,1.0,5.0,2.0,1.0,1.0,1.0,4.0,3.0,4.0,22.0,17.0,40.0,38.0,37.0,154.0,1.8333333333333333,1.4166666666666667,3.3333333333333335,3.1666666666666665,3.0833333333333335,0,0,0,0,0,22.0,17.0,40.0,38.0,37.0,0,154.0
30179,5.0,3.0,4.0,5.0,5.0,2.0,4.0,1.0,5.0,5.0,2.0,1.0,4.0,5.0,3.0,4.0,4.0,3.0,4.0,4.0,3.0,5.0,1.0,3.0,5.0,4.0,4.0,5.0,3.0,4.0,5.0,3.0,3.0,5.0,5.0,3.0,4.0,5.0,5.0,4.0,3.0,2.0,2.0,1.0,3.0,2.0,4.0,3.0,3.0,5.0,5.0,2.0,3.0,5.0,2.0,4.0,2.0,3.0,2.0,1.0,5.0,38.0,39.0,37.0,48.0,51.0,213.0,3.1666666666666665,3.25,3.0833333333333335,4.0,4.25,0,0,0,0,0,38.0,39.0,37.0,48.0,51.0,0,213.0
30180,4.0,4.0,4.0,4.0,3.0,2.0,4.0,2.0,5.0,5.0,3.0,2.0,3.0,4.0,4.0,2.0,4.0,3.0,5.0,5.0,4.0,4.0,4.0,4.0,4.0,2.0,3.0,4.0,4.0,4.0,2.0,3.0,5.0,4.0,5.0,2.0,4.0,4.0,5.0,4.0,3.0,4.0,4.0,5.0,4.0,4.0,2.0,5.0,4.0,5.0,4.0,2.0,4.0,5.0,2.0,5.0,2.0,3.0,2.0,2.0,5.0,31.0,44.0,45.0,48.0,52.0,220.0,2.5833333333333335,3.6666666666666665,3.75,4.0,4.333333333333333,0,0,0,0,0,31.0,44.0,45.0,48.0,52.0,0,220.0
30181,4.0,4.0,5.0,4.0,4.0,2.0,3.0,2.0,5.0,4.0,5.0,2.0,4.0,4.0,4.0,4.0,3.0,4.0,5.0,4.0,2.0,4.0,4.0,4.0,4.0,3.0,2.0,4.0,3.0,2.0,3.0,2.0,4.0,5.0,5.0,3.0,3.0,5.0,5.0,4.0,3.0,4.0,2.0,4.0,4.0,2.0,3.0,4.0,4.0,5.0,4.0,4.0,3.0,4.0,2.0,3.0,4.0,2.0,4.0,2.0,5.0,41.0,34.0,48.0,49.0,45.0,217.0,3.4166666666666665,2.8333333333333335,4.0,4.083333333333333,3.75,0,0,0,0,0,41.0,34.0,48.0,49.0,45.0,0,217.0
30183,4.0,2.0,3.0,4.0,3.0,3.0,2.0,2.0,4.0,2.0,5.0,3.0,3.0,4.0,2.0,3.0,2.0,3.0,4.0,4.0,3.0,3.0,3.0,3.0,2.0,4.0,3.0,4.0,4.0,3.0,4.0,2.0,4.0,3.0,2.0,2.0,3.0,5.0,4.0,3.0,3.0,4.0,2.0,2.0,4.0,2.0,4.0,2.0,3.0,4.0,3.0,4.0,2.0,4.0,3.0,2.0,3.0,2.0,3.0,2.0,3.0,43.0,28.0,39.0,43.0,31.0,184.0,3.5833333333333335,2.3333333333333335,3.25,3.5833333333333335,2.5833333333333335,0,0,0,0,0,43.0,28.0,39.0,43.0,31.0,0,184.0
30184,4.0,5.0,4.0,5.0,5.0,1.0,5.0,2.0,5.0,4.0,3.0,5.0,3.0,5.0,3.0,1.0,5.0,4.0,5.0,5.0,1.0,3.0,2.0,3.0,4.0,1.0,5.0,5.0,5.0,5.0,1.0,3.0,5.0,5.0,5.0,1.0,4.0,5.0,5.0,5.0,3.0,2.0,5.0,2.0,5.0,5.0,1.0,1.0,4.0,5.0,5.0,1.0,2.0,3.0,2.0,5.0,1.0,3.0,3.0,1.0,4.0,18.0,46.0,42.0,51.0,55.0,212.0,1.5,3.8333333333333335,3.5,4.25,4.583333333333333,0,0,0,0,0,18.0,46.0,42.0,51.0,55.0,0,212.0
30187,2.0,2.0,3.0,5.0,5.0,2.0,5.0,2.0,4.0,5.0,3.0,4.0,4.0,4.0,4.0,2.0,3.0,3.0,4.0,5.0,1.0,3.0,3.0,4.0,4.0,1.0,3.0,4.0,3.0,5.0,2.0,4.0,4.0,5.0,5.0,2.0,5.0,4.0,4.0,3.0,3.0,2.0,5.0,4.0,4.0,4.0,1.0,4.0,4.0,5.0,5.0,1.0,5.0,5.0,1.0,5.0,1.0,3.0,4.0,3.0,5.0,20.0,46.0,44.0,47.0,55.0,212.0,1.6666666666666667,3.8333333333333335,3.6666666666666665,3.9166666666666665,4.583333333333333,0,0,0,0,0,20.0,46.0,44.0,47.0,55.0,0,212.0
30188,5.0,1.0,3.0,5.0,4.0,5.0,,,5.0,5.0,3.0,3.0,3.0,5.0,5.0,5.0,2.0,3.0,4.0,3.0,4.0,3.0,3.0,3.0,3.0,4.0,3.0,5.0,4.0,3.0,4.0,1.0,4.0,3.0,3.0,2.0,3.0,4.0,3.0,4.0,3.0,3.0,3.0,2.0,4.0,4.0,5.0,2.0,3.0,4.0,4.0,4.0,4.0,3.0,1.0,5.0,4.0,2.0,3.0,2.0,4.0,48.0,27.0,36.0,44.0,47.0,202.0,4.0,2.4545454545454546,3.272727272727273,3.6666666666666665,3.9166666666666665,0,1,1,0,0,48.0,29.454545454545453,39.27272727272727,44.0,47.0,2,207.72727272727272
30189,3.0,4.0,2.0,4.0,3.0,2.0,4.0,2.0,4.0,4.0,2.0,4.0,2.0,,2.0,2.0,4.0,4.0,4.0,4.0,2.0,3.0,4.0,4.0,4.0,2.0,4.0,3.0,4.0,4.0,2.0,4.0,2.0,4.0,4.0,2.0,4.0,2.0,4.0,4.0,3.0,4.0,4.0,2.0,2.0,4.0,2.0,4.0,3.0,4.0,4.0,4.0,4.0,4.0,2.0,4.0,2.0,3.0,4.0,2.0,4.0,29.0,46.0,34.0,37.0,45.0,191.0,2.4166666666666665,3.8333333333333335,2.8333333333333335,3.3636363636363638,3.75,0,0,0,1,0,29.0,46.0,34.0,40.36363636363637,45.0,1,194.36363636363637
30190,5.0,4.0,4.0,5.0,4.0,2.0,5.0,2.0,5.0,5.0,4.0,4.0,3.0,4.0,2.0,4.0,2.0,4.0,5.0,5.0,2.0,2.0,3.0,4.0,4.0,4.0,2.0,5.0,4.0,2.0,4.0,2.0,3.0,4.0,4.0,3.0,4.0,4.0,5.0,4.0,3.0,4.0,3.0,2.0,5.0,4.0,3.0,4.0,3.0,5.0,4.0,2.0,3.0,2.0,2.0,2.0,3.0,2.0,2.0,1.0,3.0,40.0,37.0,37.0,50.0,43.0,207.0,3.3333333333333335,3.0833333333333335,3.0833333333333335,4.166666666666667,3.5833333333333335,0,0,0,0,0,40.0,37.0,37.0,50.0,43.0,0,207.0
30192,5.0,2.0,2.0,5.0,4.0,3.0,4.0,3.0,5.0,4.0,3.0,4.0,4.0,5.0,5.0,3.0,3.0,4.0,4.0,4.0,3.0,2.0,4.0,4.0,4.0,3.0,2.0,5.0,4.0,4.0,3.0,1.0,4.0,4.0,4.0,4.0,3.0,5.0,5.0,5.0,3.0,2.0,3.0,4.0,3.0,5.0,2.0,2.0,4.0,5.0,5.0,2.0,2.0,4.0,1.0,4.0,2.0,2.0,4.0,1.0,4.0,35.0,30.0,47.0,47.0,52.0,211.0,2.9166666666666665,2.5,3.9166666666666665,3.9166666666666665,4.333333333333333,0,0,0,0,0,35.0,30.0,47.0,47.0,52.0,0,211.0
30193,5.0,1.0,2.0,5.0,2.0,5.0,3.0,2.0,4.0,4.0,5.0,1.0,1.0,4.0,3.0,4.0,1.0,3.0,4.0,5.0,4.0,1.0,1.0,2.0,4.0,5.0,1.0,1.0,2.0,4.0,5.0,2.0,3.0,3.0,4.0,2.0,1.0,5.0,2.0,4.0,3.0,4.0,2.0,1.0,2.0,5.0,5.0,1.0,4.0,5.0,5.0,4.0,4.0,4.0,2.0,4.0,5.0,2.0,2.0,3.0,4.0,53.0,20.0,29.0,37.0,48.0,187.0,4.416666666666667,1.6666666666666667,2.4166666666666665,3.0833333333333335,4.0,0,0,0,0,0,53.0,20.0,29.0,37.0,48.0,0,187.0
30194,4.0,4.0,5.0,5.0,4.0,3.0,5.0,2.0,4.0,5.0,4.0,4.0,4.0,5.0,4.0,4.0,5.0,4.0,4.0,5.0,2.0,4.0,4.0,2.0,5.0,3.0,4.0,4.0,4.0,5.0,4.0,3.0,5.0,4.0,5.0,2.0,4.0,5.0,4.0,5.0,3.0,2.0,3.0,4.0,2.0,5.0,3.0,4.0,4.0,5.0,5.0,2.0,4.0,4.0,4.0,5.0,2.0,4.0,4.0,4.0,5.0,35.0,48.0,49.0,47.0,58.0,237.0,2.9166666666666665,4.0,4.083333333333333,3.9166666666666665,4.833333333333333,0,0,0,0,0,35.0,48.0,49.0,47.0,58.0,0,237.0
30195,4.0,1.0,3.0,5.0,4.0,4.0,2.0,1.0,1.0,5.0,4.0,4.0,4.0,2.0,4.0,5.0,2.0,3.0,3.0,5.0,3.0,4.0,4.0,1.0,1.0,5.0,1.0,4.0,1.0,2.0,4.0,2.0,2.0,1.0,3.0,2.0,5.0,1.0,2.0,4.0,3.0,5.0,2.0,2.0,2.0,2.0,1.0,2.0,2.0,5.0,5.0,2.0,3.0,5.0,4.0,4.0,4.0,4.0,3.0,4.0,5.0,43.0,32.0,34.0,34.0,44.0,187.0,3.5833333333333335,2.6666666666666665,2.8333333333333335,2.8333333333333335,3.6666666666666665,0,0,0,0,0,43.0,32.0,34.0,34.0,44.0,0,187.0
30197,2.0,1.0,3.0,4.0,2.0,2.0,4.0,1.0,5.0,4.0,1.0,5.0,1.0,5.0,5.0,3.0,1.0,4.0,5.0,5.0,1.0,1.0,3.0,3.0,4.0,1.0,2.0,5.0,5.0,5.0,2.0,2.0,5.0,4.0,5.0,3.0,2.0,5.0,4.0,5.0,3.0,1.0,1.0,1.0,3.0,4.0,4.0,2.0,4.0,5.0,5.0,1.0,5.0,5.0,2.0,4.0,1.0,3.0,4.0,1.0,5.0,22.0,29.0,41.0,46.0,53.0,191.0,1.8333333333333333,2.4166666666666665,3.4166666666666665,3.8333333333333335,4.416666666666667,0,0,0,0,0,22.0,29.0,41.0,46.0,53.0,0,191.0
30199,4.0,4.0,5.0,4.0,2.0,2.0,2.0,2.0,4.0,1.0,4.0,4.0,4.0,2.0,4.0,4.0,1.0,2.0,4.0,2.0,4.0,4.0,2.0,3.0,3.0,4.0,2.0,4.0,4.0,2.0,4.0,2.0,4.0,4.0,2.0,4.0,4.0,4.0,4.0,4.0,3.0,4.0,4.0,2.0,2.0,2.0,5.0,2.0,4.0,4.0,1.0,4.0,4.0,4.0,3.0,2.0,4.0,4.0,2.0,5.0,4.0,47.0,37.0,39.0,43.0,29.0,195.0,3.9166666666666665,3.0833333333333335,3.25,3.5833333333333335,2.4166666666666665,0,0,0,0,0,47.0,37.0,39.0,43.0,29.0,0,195.0
30201,3.0,4.0,3.0,5.0,5.0,2.0,4.0,1.0,5.0,5.0,3.0,4.0,4.0,4.0,4.0,3.0,5.0,2.0,3.0,5.0,2.0,4.0,5.0,2.0,5.0,2.0,1.0,4.0,1.0,4.0,2.0,3.0,5.0,4.0,4.0,2.0,4.0,4.0,4.0,4.0,3.0,2.0,4.0,5.0,2.0,4.0,4.0,4.0,2.0,5.0,5.0,1.0,2.0,4.0,3.0,5.0,1.0,4.0,4.0,4.0,4.0,27.0,43.0,43.0,45.0,54.0,212.0,2.25,3.5833333333333335,3.5833333333333335,3.75,4.5,0,0,0,0,0,27.0,43.0,43.0,45.0,54.0,0,212.0
30202,4.0,1.0,2.0,5.0,5.0,2.0,5.0,2.0,4.0,5.0,1.0,5.0,4.0,5.0,4.0,2.0,4.0,4.0,4.0,5.0,1.0,4.0,1.0,4.0,2.0,4.0,4.0,5.0,2.0,5.0,2.0,4.0,4.0,5.0,5.0,1.0,4.0,2.0,5.0,5.0,3.0,2.0,2.0,2.0,4.0,1.0,4.0,1.0,5.0,5.0,5.0,3.0,1.0,5.0,1.0,4.0,1.0,4.0,4.0,4.0,5.0,27.0,39.0,40.0,51.0,51.0,208.0,2.25,3.25,3.3333333333333335,4.25,4.25,0,0,0,0,0,27.0,39.0,40.0,51.0,51.0,0,208.0
30204,4.0,3.0,3.0,2.0,4.0,4.0,5.0,2.0,3.0,3.0,3.0,4.0,3.0,4.0,4.0,4.0,2.0,5.0,2.0,2.0,2.0,3.0,2.0,3.0,3.0,2.0,4.0,3.0,3.0,4.0,4.0,2.0,2.0,2.0,3.0,2.0,3.0,4.0,,3.0,3.0,2.0,3.0,3.0,4.0,4.0,2.0,4.0,2.0,4.0,3.0,2.0,2.0,3.0,3.0,2.0,4.0,3.0,2.0,1.0,3.0,35.0,38.0,34.0,31.0,38.0,176.0,2.9166666666666665,3.1666666666666665,2.8333333333333335,2.8181818181818183,3.1666666666666665,0,0,0,1,0,35.0,38.0,34.0,33.81818181818182,38.0,1,178.8181818181818
30205,1.0,3.0,1.0,5.0,4.0,1.0,4.0,2.0,5.0,4.0,1.0,2.0,4.0,4.0,4.0,2.0,4.0,3.0,4.0,4.0,1.0,4.0,3.0,2.0,4.0,1.0,3.0,4.0,4.0,4.0,2.0,4.0,3.0,4.0,4.0,3.0,5.0,3.0,5.0,4.0,3.0,2.0,4.0,4.0,4.0,4.0,2.0,4.0,2.0,4.0,4.0,1.0,4.0,4.0,4.0,4.0,2.0,3.0,4.0,2.0,4.0,19.0,44.0,37.0,47.0,48.0,195.0,1.5833333333333333,3.6666666666666665,3.0833333333333335,3.9166666666666665,4.0,0,0,0,0,0,19.0,44.0,37.0,47.0,48.0,0,195.0
30206,2.0,4.0,2.0,4.0,5.0,1.0,4.0,1.0,4.0,5.0,3.0,4.0,4.0,4.0,5.0,4.0,4.0,2.0,2.0,5.0,2.0,4.0,4.0,2.0,5.0,1.0,2.0,5.0,1.0,4.0,2.0,5.0,2.0,4.0,4.0,4.0,5.0,1.0,4.0,5.0,3.0,2.0,4.0,4.0,4.0,4.0,5.0,4.0,4.0,5.0,5.0,1.0,5.0,5.0,4.0,5.0,2.0,4.0,4.0,2.0,4.0,29.0,49.0,38.0,44.0,56.0,216.0,2.4166666666666665,4.083333333333333,3.1666666666666665,3.6666666666666665,4.666666666666667,0,0,0,0,0,29.0,49.0,38.0,44.0,56.0,0,216.0
30207,5.0,3.0,4.0,4.0,3.0,5.0,4.0,3.0,4.0,1.0,4.0,2.0,3.0,5.0,3.0,2.0,3.0,2.0,2.0,3.0,3.0,4.0,3.0,3.0,3.0,5.0,3.0,1.0,2.0,5.0,4.0,2.0,3.0,3.0,5.0,4.0,5.0,5.0,3.0,3.0,3.0,4.0,3.0,2.0,3.0,2.0,2.0,4.0,3.0,5.0,3.0,2.0,4.0,4.0,3.0,3.0,4.0,3.0,4.0,1.0,5.0,44.0,40.0,37.0,37.0,39.0,197.0,3.6666666666666665,3.3333333333333335,3.0833333333333335,3.0833333333333335,3.25,0,0,0,0,0,44.0,40.0,37.0,37.0,39.0,0,197.0
30208,4.0,4.0,2.0,4.0,4.0,4.0,4.0,2.0,3.0,4.0,3.0,4.0,4.0,4.0,4.0,3.0,4.0,2.0,4.0,4.0,2.0,4.0,4.0,4.0,4.0,1.0,2.0,4.0,2.0,4.0,4.0,4.0,4.0,4.0,4.0,2.0,4.0,4.0,4.0,4.0,3.0,2.0,4.0,4.0,2.0,4.0,4.0,4.0,4.0,4.0,4.0,1.0,4.0,4.0,1.0,4.0,1.0,4.0,4.0,2.0,5.0,31.0,46.0,42.0,40.0,49.0,208.0,2.5833333333333335,3.8333333333333335,3.5,3.3333333333333335,4.083333333333333,0,0,0,0,0,31.0,46.0,42.0,40.0,49.0,0,208.0
30209,3.0,2.0,5.0,5.0,4.0,4.0,4.0,2.0,4.0,4.0,4.0,4.0,2.0,5.0,4.0,2.0,2.0,3.0,5.0,4.0,3.0,2.0,2.0,2.0,4.0,4.0,2.0,4.0,3.0,2.0,3.0,2.0,3.0,3.0,3.0,4.0,4.0,2.0,3.0,4.0,3.0,4.0,3.0,3.0,3.0,3.0,3.0,3.0,3.0,5.0,4.0,4.0,3.0,3.0,1.0,3.0,4.0,1.0,3.0,1.0,3.0,42.0,32.0,35.0,41.0,42.0,192.0,3.5,2.6666666666666665,2.9166666666666665,3.4166666666666665,3.5,0,0,0,0,0,42.0,32.0,35.0,41.0,42.0,0,192.0
30210,3.0,4.0,5.0,5.0,4.0,1.0,5.0,4.0,4.0,4.0,1.0,4.0,4.0,5.0,1.0,5.0,5.0,5.0,5.0,5.0,3.0,5.0,3.0,2.0,4.0,1.0,4.0,5.0,4.0,2.0,2.0,4.0,5.0,5.0,4.0,4.0,4.0,5.0,5.0,3.0,3.0,1.0,5.0,5.0,1.0,5.0,2.0,4.0,5.0,4.0,4.0,2.0,1.0,5.0,5.0,5.0,1.0,3.0,5.0,5.0,5.0,26.0,48.0,56.0,51.0,46.0,227.0,2.1666666666666665,4.0,4.666666666666667,4.25,3.8333333333333335,0,0,0,0,0,26.0,48.0,56.0,51.0,46.0,0,227.0
30212,2.0,3.0,3.0,4.0,2.0,2.0,4.0,2.0,4.0,2.0,4.0,4.0,4.0,4.0,3.0,3.0,3.0,4.0,4.0,4.0,2.0,4.0,4.0,4.0,3.0,2.0,3.0,4.0,4.0,3.0,2.0,3.0,4.0,4.0,4.0,2.0,4.0,4.0,4.0,4.0,3.0,2.0,4.0,4.0,4.0,3.0,3.0,3.0,4.0,4.0,4.0,2.0,3.0,4.0,2.0,3.0,2.0,4.0,4.0,3.0,3.0,28.0,42.0,45.0,45.0,38.0,198.0,2.3333333333333335,3.5,3.75,3.75,3.1666666666666665,0,0,0,0,0,28.0,42.0,45.0,45.0,38.0,0,198.0
30213,2.0,2.0,3.0,5.0,5.0,4.0,2.0,2.0,2.0,1.0,5.0,4.0,4.0,4.0,4.0,4.0,2.0,4.0,4.0,4.0,5.0,2.0,1.0,2.0,2.0,5.0,2.0,2.0,2.0,4.0,5.0,2.0,4.0,3.0,4.0,4.0,2.0,3.0,4.0,4.0,3.0,5.0,2.0,1.0,2.0,2.0,5.0,4.0,4.0,5.0,2.0,4.0,2.0,4.0,2.0,2.0,5.0,1.0,3.0,2.0,4.0,53.0,27.0,35.0,37.0,38.0,190.0,4.416666666666667,2.25,2.9166666666666665,3.0833333333333335,3.1666666666666665,0,0,0,0,0,53.0,27.0,35.0,37.0,38.0,0,190.0
30214,4.0,2.0,4.0,4.0,3.0,2.0,4.0,2.0,4.0,4.0,4.0,4.0,4.0,5.0,4.0,2.0,4.0,4.0,4.0,4.0,4.0,4.0,4.0,4.0,4.0,2.0,2.0,4.0,4.0,3.0,4.0,2.0,4.0,4.0,4.0,2.0,4.0,4.0,4.0,4.0,3.0,4.0,4.0,4.0,4.0,4.0,3.0,2.0,4.0,4.0,4.0,2.0,2.0,4.0,2.0,3.0,2.0,3.0,4.0,2.0,4.0,35.0,37.0,46.0,45.0,45.0,208.0,2.9166666666666665,3.0833333333333335,3.8333333333333335,3.75,3.75,0,0,0,0,0,35.0,37.0,46.0,45.0,45.0,0,208.0
30215,5.0,4.0,4.0,4.0,5.0,5.0,4.0,1.0,5.0,4.0,1.0,5.0,4.0,5.0,5.0,2.0,5.0,5.0,1.0,5.0,1.0,4.0,5.0,2.0,4.0,1.0,5.0,4.0,5.0,5.0,1.0,5.0,5.0,5.0,4.0,1.0,5.0,4.0,5.0,5.0,3.0,1.0,5.0,5.0,2.0,5.0,2.0,2.0,5.0,5.0,5.0,1.0,5.0,4.0,4.0,5.0,1.0,5.0,4.0,1.0,4.0,22.0,54.0,50.0,43.0,56.0,225.0,1.8333333333333333,4.5,4.166666666666667,3.5833333333333335,4.666666666666667,0,0,0,0,0,22.0,54.0,50.0,43.0,56.0,0,225.0
30216,4.0,2.0,5.0,3.0,3.0,4.0,2.0,1.0,5.0,1.0,5.0,3.0,5.0,4.0,3.0,4.0,3.0,3.0,4.0,2.0,3.0,2.0,4.0,1.0,1.0,4.0,1.0,1.0,2.0,1.0,4.0,1.0,4.0,3.0,2.0,4.0,2.0,5.0,4.0,2.0,3.0,5.0,3.0,3.0,4.0,1.0,5.0,2.0,4.0,4.0,1.0,4.0,1.0,5.0,2.0,2.0,5.0,2.0,5.0,1.0,3.0,51.0,24.0,45.0,36.0,22.0,178.0,4.25,2.0,3.75,3.0,1.8333333333333333,0,0,0,0,0,51.0,24.0,45.0,36.0,22.0,0,178.0
30217,4.0,4.0,3.0,4.0,5.0,3.0,4.0,1.0,3.0,5.0,3.0,4.0,2.0,4.0,4.0,5.0,5.0,4.0,4.0,5.0,1.0,3.0,5.0,2.0,2.0,1.0,3.0,4.0,3.0,2.0,4.0,2.0,4.0,3.0,4.0,4.0,3.0,4.0,4.0,2.0,3.0,2.0,2.0,4.0,4.0,3.0,5.0,2.0,4.0,5.0,3.0,3.0,4.0,4.0,1.0,5.0,4.0,2.0,4.0,2.0,5.0,39.0,38.0,43.0,40.0,45.0,205.0,3.25,3.1666666666666665,3.5833333333333335,3.3333333333333335,3.75,0,0,0,0,0,39.0,38.0,43.0,40.0,45.0,0,205.0
30218,5.0,1.0,4.0,5.0,5.0,5.0,4.0,1.0,5.0,5.0,5.0,2.0,4.0,5.0,5.0,4.0,2.0,5.0,5.0,5.0,4.0,2.0,2.0,4.0,4.0,4.0,3.0,2.0,4.0,4.0,5.0,2.0,4.0,4.0,5.0,1.0,3.0,5.0,5.0,4.0,3.0,4.0,2.0,2.0,4.0,5.0,4.0,3.0,5.0,5.0,4.0,2.0,4.0,3.0,1.0,5.0,4.0,1.0,2.0,1.0,4.0,47.0,29.0,39.0,46.0,55.0,216.0,3.9166666666666665,2.4166666666666665,3.25,3.8333333333333335,4.583333333333333,0,0,0,0,0,47.0,29.0,39.0,46.0,55.0,0,216.0
30219,4.0,2.0,4.0,5.0,3.0,3.0,4.0,1.0,4.0,4.0,2.0,4.0,3.0,5.0,3.0,2.0,3.0,3.0,4.0,4.0,1.0,3.0,4.0,3.0,5.0,2.0,2.0,2.0,4.0,4.0,2.0,3.0,4.0,4.0,5.0,2.0,3.0,2.0,5.0,4.0,3.0,2.0,4.0,4.0,4.0,4.0,2.0,2.0,4.0,4.0,4.0,1.0,3.0,4.0,2.0,5.0,3.0,2.0,4.0,1.0,4.0,26.0,35.0,39.0,43.0,49.0,192.0,2.1666666666666665,2.9166666666666665,3.25,3.5833333333333335,4.083333333333333,0,0,0,0,0,26.0,35.0,39.0,43.0,49.0,0,192.0
30220,1.0,4.0,3.0,4.0,5.0,1.0,4.0,1.0,5.0,4.0,2.0,2.0,4.0,4.0,3.0,4.0,5.0,3.0,2.0,5.0,1.0,4.0,4.0,3.0,5.0,1.0,2.0,4.0,1.0,4.0,5.0,4.0,2.0,5.0,5.0,1.0,5.0,2.0,2.0,4.0,3.0,2.0,4.0,4.0,3.0,4.0,1.0,3.0,2.0,4.0,5.0,2.0,5.0,4.0,3.0,5.0,1.0,5.0,4.0,4.0,5.0,22.0,47.0,37.0,43.0,54.0,203.0,1.8333333333333333,3.9166666666666665,3.0833333333333335,3.5833333333333335,4.5,0,0,0,0,0,22.0,47.0,37.0,43.0,54.0,0,203.0
30221,5.0,1.0,4.0,4.0,5.0,4.0,4.0,2.0,3.0,4.0,4.0,2.0,4.0,4.0,4.0,5.0,3.0,4.0,5.0,4.0,5.0,2.0,2.0,2.0,4.0,5.0,2.0,5.0,3.0,2.0,1.0,2.0,4.0,3.0,4.0,4.0,2.0,3.0,4.0,2.0,3.0,4.0,1.0,4.0,4.0,2.0,5.0,4.0,3.0,4.0,4.0,4.0,2.0,4.0,3.0,4.0,4.0,2.0,3.0,2.0,4.0,50.0,27.0,42.0,43.0,43.0,205.0,4.166666666666667,2.25,3.5,3.5833333333333335,3.5833333333333335,0,0,0,0,0,50.0,27.0,42.0,43.0,43.0,0,205.0
30222,4.0,2.0,4.0,3.0,4.0,3.0,3.0,2.0,3.0,3.0,4.0,2.0,4.0,3.0,4.0,4.0,3.0,4.0,4.0,4.0,4.0,3.0,4.0,2.0,3.0,4.0,2.0,2.0,2.0,3.0,4.0,3.0,4.0,3.0,4.0,3.0,2.0,3.0,4.0,3.0,3.0,3.0,3.0,4.0,2.0,3.0,4.0,3.0,3.0,4.0,4.0,3.0,3.0,4.0,3.0,3.0,4.0,3.0,3.0,2.0,4.0,44.0,32.0,41.0,35.0,42.0,194.0,3.6666666666666665,2.6666666666666665,3.4166666666666665,2.9166666666666665,3.5,0,0,0,0,0,44.0,32.0,41.0,35.0,42.0,0,194.0
30223,5.0,1.0,5.0,4.0,2.0,5.0,2.0,2.0,2.0,1.0,5.0,2.0,4.0,3.0,5.0,5.0,2.0,4.0,2.0,4.0,4.0,1.0,4.0,1.0,2.0,5.0,2.0,2.0,2.0,2.0,5.0,2.0,4.0,2.0,4.0,4.0,1.0,4.0,3.0,3.0,3.0,4.0,2.0,4.0,2.0,2.0,5.0,4.0,5.0,5.0,3.0,4.0,1.0,4.0,2.0,1.0,5.0,1.0,4.0,4.0,4.0,56.0,21.0,46.0,32.0,33.0,188.0,4.666666666666667,1.75,3.8333333333333335,2.6666666666666665,2.75,0,0,0,0,0,56.0,21.0,46.0,32.0,33.0,0,188.0
30224,1.0,1.0,5.0,4.0,3.0,2.0,4.0,2.0,4.0,4.0,1.0,4.0,5.0,5.0,4.0,4.0,1.0,5.0,1.0,3.0,1.0,3.0,5.0,1.0,3.0,3.0,1.0,3.0,1.0,3.0,3.0,2.0,4.0,4.0,4.0,3.0,4.0,5.0,2.0,4.0,3.0,1.0,2.0,5.0,1.0,4.0,4.0,1.0,5.0,4.0,3.0,1.0,3.0,5.0,1.0,2.0,4.0,3.0,5.0,5.0,3.0,28.0,29.0,54.0,35.0,40.0,186.0,2.3333333333333335,2.4166666666666665,4.5,2.9166666666666665,3.3333333333333335,0,0,0,0,0,28.0,29.0,54.0,35.0,40.0,0,186.0
30227,5.0,3.0,5.0,4.0,3.0,5.0,5.0,2.0,4.0,2.0,5.0,2.0,5.0,4.0,4.0,5.0,3.0,5.0,5.0,4.0,5.0,2.0,5.0,2.0,2.0,5.0,2.0,4.0,2.0,1.0,5.0,2.0,4.0,3.0,3.0,5.0,2.0,5.0,3.0,2.0,3.0,5.0,1.0,5.0,2.0,2.0,5.0,2.0,5.0,5.0,2.0,5.0,2.0,5.0,2.0,2.0,5.0,1.0,5.0,3.0,1.0,60.0,27.0,55.0,41.0,28.0,211.0,5.0,2.25,4.583333333333333,3.4166666666666665,2.3333333333333335,0,0,0,0,0,60.0,27.0,55.0,41.0,28.0,0,211.0
30228,5.0,4.0,5.0,5.0,4.0,2.0,4.0,2.0,5.0,5.0,2.0,4.0,4.0,5.0,5.0,4.0,4.0,5.0,2.0,5.0,2.0,4.0,2.0,4.0,4.0,1.0,4.0,5.0,2.0,4.0,4.0,2.0,4.0,5.0,5.0,1.0,5.0,1.0,5.0,5.0,3.0,4.0,3.0,4.0,2.0,2.0,4.0,4.0,4.0,5.0,5.0,5.0,4.0,4.0,5.0,1.0,2.0,2.0,2.0,2.0,5.0,36.0,44.0,42.0,50.0,50.0,222.0,3.0,3.6666666666666665,3.5,4.166666666666667,4.166666666666667,0,0,0,0,0,36.0,44.0,42.0,50.0,50.0,0,222.0
30229,4.0,2.0,4.0,3.0,2.0,3.0,4.0,3.0,2.0,3.0,2.0,2.0,5.0,2.0,4.0,3.0,1.0,4.0,3.0,4.0,2.0,2.0,2.0,3.0,3.0,4.0,1.0,2.0,4.0,2.0,3.0,2.0,3.0,4.0,3.0,3.0,2.0,4.0,3.0,4.0,3.0,2.0,3.0,5.0,2.0,4.0,3.0,2.0,5.0,3.0,4.0,2.0,1.0,5.0,4.0,4.0,2.0,3.0,4.0,2.0,4.0,33.0,25.0,46.0,33.0,41.0,178.0,2.75,2.0833333333333335,3.8333333333333335,2.75,3.4166666666666665,0,0,0,0,0,33.0,25.0,46.0,33.0,41.0,0,178.0
30230,4.0,1.0,2.0,5.0,4.0,5.0,1.0,3.0,3.0,2.0,3.0,3.0,2.0,4.0,2.0,5.0,3.0,5.0,5.0,4.0,4.0,1.0,4.0,3.0,1.0,4.0,2.0,5.0,3.0,1.0,4.0,4.0,5.0,3.0,3.0,2.0,1.0,5.0,5.0,4.0,3.0,4.0,2.0,4.0,2.0,4.0,4.0,2.0,5.0,5.0,4.0,2.0,4.0,4.0,2.0,3.0,4.0,3.0,3.0,1.0,2.0,45.0,27.0,47.0,43.0,34.0,196.0,3.75,2.25,3.9166666666666665,3.5833333333333335,2.8333333333333335,0,0,0,0,0,45.0,27.0,47.0,43.0,34.0,0,196.0
30231,3.0,4.0,1.0,5.0,5.0,3.0,5.0,1.0,5.0,5.0,3.0,4.0,4.0,5.0,3.0,3.0,4.0,4.0,3.0,5.0,3.0,5.0,3.0,2.0,5.0,1.0,4.0,5.0,3.0,5.0,3.0,3.0,3.0,5.0,5.0,1.0,5.0,2.0,4.0,4.0,3.0,1.0,5.0,4.0,3.0,5.0,4.0,3.0,3.0,5.0,5.0,2.0,5.0,4.0,3.0,5.0,2.0,4.0,4.0,1.0,5.0,29.0,51.0,38.0,46.0,57.0,221.0,2.4166666666666665,4.25,3.1666666666666665,3.8333333333333335,4.75,0,0,0,0,0,29.0,51.0,38.0,46.0,57.0,0,221.0
30232,4.0,3.0,4.0,5.0,2.0,4.0,4.0,1.0,4.0,3.0,4.0,2.0,3.0,4.0,4.0,5.0,2.0,4.0,5.0,5.0,4.0,2.0,3.0,4.0,4.0,4.0,2.0,5.0,2.0,2.0,4.0,2.0,4.0,3.0,4.0,2.0,3.0,3.0,5.0,4.0,3.0,2.0,4.0,2.0,4.0,4.0,4.0,5.0,3.0,4.0,4.0,2.0,2.0,4.0,2.0,4.0,3.0,2.0,2.0,1.0,4.0,42.0,33.0,38.0,46.0,44.0,203.0,3.5,2.75,3.1666666666666665,3.8333333333333335,3.6666666666666665,0,0,0,0,0,42.0,33.0,38.0,46.0,44.0,0,203.0
30234,5.0,1.0,5.0,5.0,1.0,5.0,5.0,1.0,4.0,2.0,4.0,5.0,4.0,5.0,3.0,4.0,3.0,5.0,2.0,4.0,4.0,1.0,5.0,1.0,3.0,5.0,1.0,2.0,1.0,2.0,4.0,2.0,1.0,5.0,4.0,3.0,4.0,1.0,5.0,2.0,3.0,4.0,3.0,5.0,1.0,1.0,5.0,2.0,4.0,5.0,2.0,4.0,4.0,4.0,1.0,1.0,4.0,1.0,5.0,1.0,5.0,51.0,32.0,42.0,37.0,30.0,192.0,4.25,2.6666666666666665,3.5,3.0833333333333335,2.5,0,0,0,0,0,51.0,32.0,42.0,37.0,30.0,0,192.0
30235,4.0,2.0,4.0,4.0,2.0,5.0,2.0,1.0,4.0,2.0,4.0,1.0,4.0,4.0,2.0,4.0,2.0,4.0,2.0,5.0,2.0,2.0,1.0,1.0,4.0,4.0,2.0,5.0,2.0,2.0,4.0,4.0,5.0,2.0,4.0,5.0,2.0,4.0,5.0,2.0,3.0,4.0,2.0,1.0,2.0,2.0,4.0,4.0,5.0,4.0,4.0,1.0,2.0,4.0,1.0,1.0,4.0,1.0,2.0,2.0,4.0,45.0,26.0,40.0,36.0,34.0,181.0,3.75,2.1666666666666665,3.3333333333333335,3.0,2.8333333333333335,0,0,0,0,0,45.0,26.0,40.0,36.0,34.0,0,181.0
30236,2.0,4.0,2.0,4.0,5.0,4.0,3.0,2.0,4.0,4.0,2.0,5.0,4.0,5.0,5.0,2.0,3.0,2.0,4.0,4.0,2.0,4.0,4.0,4.0,4.0,2.0,2.0,2.0,2.0,4.0,2.0,2.0,4.0,4.0,4.0,2.0,4.0,2.0,4.0,4.0,3.0,2.0,4.0,4.0,4.0,2.0,2.0,4.0,4.0,4.0,4.0,2.0,4.0,4.0,3.0,4.0,2.0,2.0,4.0,2.0,4.0,26.0,41.0,38.0,44.0,48.0,197.0,2.1666666666666665,3.4166666666666665,3.1666666666666665,3.6666666666666665,4.0,0,0,0,0,0,26.0,41.0,38.0,44.0,48.0,0,197.0
30237,5.0,2.0,4.0,5.0,4.0,2.0,5.0,1.0,5.0,5.0,4.0,4.0,5.0,4.0,4.0,5.0,4.0,4.0,5.0,5.0,3.0,1.0,4.0,2.0,4.0,2.0,4.0,5.0,4.0,4.0,4.0,2.0,5.0,4.0,4.0,1.0,4.0,5.0,5.0,5.0,3.0,2.0,4.0,4.0,2.0,5.0,4.0,2.0,4.0,5.0,4.0,2.0,3.0,5.0,2.0,4.0,1.0,2.0,4.0,1.0,4.0,35.0,37.0,50.0,45.0,52.0,219.0,2.9166666666666665,3.0833333333333335,4.166666666666667,3.75,4.333333333333333,0,0,0,0,0,35.0,37.0,50.0,45.0,52.0,0,219.0
30239,5.0,1.0,5.0,5.0,4.0,4.0,5.0,2.0,3.0,4.0,4.0,4.0,5.0,2.0,4.0,5.0,2.0,5.0,5.0,4.0,5.0,2.0,4.0,2.0,3.0,5.0,1.0,3.0,2.0,2.0,5.0,2.0,3.0,4.0,3.0,5.0,3.0,5.0,2.0,3.0,3.0,3.0,3.0,5.0,2.0,2.0,5.0,1.0,5.0,5.0,3.0,4.0,2.0,5.0,2.0,2.0,5.0,2.0,5.0,2.0,4.0,55.0,28.0,52.0,37.0,38.0,210.0,4.583333333333333,2.3333333333333335,4.333333333333333,3.0833333333333335,3.1666666666666665,0,0,0,0,0,55.0,28.0,52.0,37.0,38.0,0,210.0
30240,2.0,5.0,2.0,4.0,4.0,2.0,4.0,2.0,5.0,4.0,2.0,2.0,4.0,5.0,5.0,2.0,4.0,3.0,5.0,4.0,1.0,4.0,4.0,2.0,4.0,1.0,2.0,4.0,2.0,5.0,2.0,3.0,3.0,5.0,4.0,1.0,4.0,,5.0,4.0,3.0,2.0,5.0,2.0,2.0,4.0,2.0,4.0,4.0,4.0,5.0,1.0,5.0,4.0,4.0,4.0,1.0,4.0,4.0,3.0,5.0,19.0,46.0,36.0,48.0,52.0,201.0,1.5833333333333333,3.8333333333333335,3.272727272727273,4.0,4.333333333333333,0,0,1,0,0,19.0,46.0,39.27272727272727,48.0,52.0,1,204.27272727272728
30241,4.0,4.0,2.0,4.0,4.0,3.0,3.0,2.0,2.0,4.0,3.0,4.0,3.0,2.0,3.0,3.0,4.0,3.0,3.0,4.0,3.0,4.0,2.0,3.0,4.0,2.0,2.0,4.0,2.0,3.0,2.0,3.0,3.0,3.0,3.0,3.0,3.0,2.0,2.0,4.0,3.0,4.0,3.0,3.0,3.0,3.0,2.0,4.0,2.0,3.0,4.0,3.0,4.0,4.0,3.0,3.0,4.0,3.0,4.0,4.0,3.0,36.0,41.0,34.0,36.0,42.0,189.0,3.0,3.4166666666666665,2.8333333333333335,3.0,3.5,0,0,0,0,0,36.0,41.0,34.0,36.0,42.0,0,189.0
30243,2.0,3.0,3.0,4.0,4.0,4.0,3.0,1.0,4.0,5.0,3.0,4.0,3.0,5.0,3.0,3.0,5.0,3.0,3.0,5.0,3.0,5.0,3.0,3.0,5.0,3.0,3.0,4.0,2.0,4.0,3.0,3.0,3.0,4.0,4.0,3.0,4.0,2.0,4.0,4.0,3.0,5.0,3.0,3.0,2.0,2.0,4.0,3.0,3.0,4.0,5.0,3.0,4.0,4.0,4.0,4.0,2.0,3.0,3.0,2.0,4.0,38.0,43.0,35.0,43.0,49.0,208.0,3.1666666666666665,3.5833333333333335,2.9166666666666665,3.5833333333333335,4.083333333333333,0,0,0,0,0,38.0,43.0,35.0,43.0,49.0,0,208.0
30244,5.0,1.0,2.0,4.0,5.0,2.0,3.0,1.0,2.0,3.0,4.0,2.0,5.0,2.0,5.0,3.0,2.0,5.0,3.0,4.0,4.0,2.0,3.0,2.0,5.0,2.0,1.0,4.0,2.0,2.0,4.0,3.0,4.0,3.0,5.0,3.0,3.0,4.0,2.0,4.0,3.0,4.0,3.0,4.0,1.0,4.0,2.0,4.0,4.0,4.0,4.0,2.0,3.0,5.0,4.0,4.0,2.0,2.0,4.0,4.0,5.0,37.0,29.0,45.0,35.0,50.0,196.0,3.0833333333333335,2.4166666666666665,3.75,2.9166666666666665,4.166666666666667,0,0,0,0,0,37.0,29.0,45.0,35.0,50.0,0,196.0
30245,2.0,4.0,2.0,4.0,4.0,2.0,4.0,2.0,5.0,4.0,1.0,2.0,4.0,5.0,2.0,2.0,4.0,4.0,4.0,4.0,2.0,4.0,5.0,4.0,4.0,1.0,4.0,3.0,2.0,4.0,2.0,2.0,4.0,4.0,,1.0,4.0,2.0,5.0,4.0,3.0,2.0,4.0,4.0,4.0,5.0,2.0,4.0,4.0,4.0,4.0,1.0,4.0,4.0,3.0,5.0,1.0,2.0,4.0,2.0,4.0,19.0,42.0,42.0,47.0,44.0,194.0,1.5833333333333333,3.5,3.5,3.9166666666666665,4.0,0,0,0,0,1,19.0,42.0,42.0,47.0,48.0,1,198.0
30246,1.0,5.0,1.0,5.0,5.0,1.0,5.0,1.0,5.0,5.0,5.0,5.0,5.0,5.0,5.0,1.0,5.0,1.0,5.0,5.0,1.0,5.0,5.0,5.0,5.0,1.0,1.0,1.0,1.0,5.0,1.0,1.0,1.0,5.0,5.0,1.0,5.0,1.0,5.0,5.0,3.0,5.0,5.0,5.0,5.0,5.0,5.0,5.0,5.0,5.0,5.0,1.0,5.0,5.0,1.0,5.0,1.0,5.0,5.0,1.0,5.0,24.0,52.0,36.0,48.0,60.0,220.0,2.0,4.333333333333333,3.0,4.0,5.0,0,0,0,0,0,24.0,52.0,36.0,48.0,60.0,0,220.0
30248,2.0,2.0,2.0,4.0,5.0,1.0,4.0,1.0,5.0,4.0,2.0,3.0,4.0,3.0,3.0,3.0,2.0,2.0,3.0,5.0,3.0,4.0,1.0,3.0,3.0,3.0,2.0,2.0,3.0,3.0,5.0,3.0,3.0,3.0,3.0,4.0,3.0,2.0,3.0,3.0,3.0,2.0,2.0,3.0,3.0,3.0,5.0,3.0,2.0,4.0,4.0,2.0,3.0,3.0,3.0,3.0,4.0,3.0,4.0,3.0,4.0,36.0,34.0,29.0,39.0,43.0,181.0,3.0,2.8333333333333335,2.4166666666666665,3.25,3.5833333333333335,0,0,0,0,0,36.0,34.0,29.0,39.0,43.0,0,181.0
30249,1.0,1.0,5.0,4.0,5.0,3.0,4.0,3.0,4.0,4.0,4.0,4.0,2.0,3.0,4.0,1.0,1.0,4.0,4.0,4.0,4.0,1.0,2.0,2.0,3.0,4.0,1.0,2.0,2.0,2.0,4.0,2.0,3.0,2.0,3.0,3.0,2.0,5.0,2.0,4.0,3.0,3.0,2.0,2.0,2.0,4.0,1.0,2.0,4.0,3.0,3.0,4.0,2.0,1.0,4.0,4.0,4.0,2.0,3.0,4.0,2.0,36.0,24.0,36.0,36.0,42.0,174.0,3.0,2.0,3.0,3.0,3.5,0,0,0,0,0,36.0,24.0,36.0,36.0,42.0,0,174.0
30250,3.0,3.0,5.0,5.0,5.0,2.0,4.0,2.0,5.0,4.0,2.0,5.0,5.0,5.0,4.0,3.0,4.0,5.0,4.0,5.0,1.0,3.0,3.0,4.0,4.0,1.0,2.0,5.0,4.0,3.0,4.0,3.0,5.0,5.0,4.0,1.0,4.0,5.0,5.0,5.0,3.0,1.0,5.0,5.0,5.0,5.0,4.0,2.0,5.0,5.0,4.0,1.0,5.0,5.0,2.0,5.0,2.0,4.0,4.0,1.0,5.0,25.0,44.0,54.0,51.0,53.0,227.0,2.0833333333333335,3.6666666666666665,4.5,4.25,4.416666666666667,0,0,0,0,0,25.0,44.0,54.0,51.0,53.0,0,227.0
30251,2.0,4.0,1.0,4.0,5.0,3.0,4.0,2.0,4.0,3.0,4.0,2.0,3.0,4.0,4.0,2.0,4.0,2.0,4.0,4.0,3.0,4.0,3.0,2.0,4.0,4.0,2.0,3.0,2.0,2.0,3.0,4.0,3.0,4.0,4.0,3.0,4.0,2.0,3.0,3.0,3.0,4.0,3.0,4.0,3.0,2.0,2.0,3.0,2.0,3.0,4.0,4.0,3.0,4.0,4.0,3.0,4.0,2.0,3.0,4.0,4.0,38.0,39.0,32.0,42.0,42.0,193.0,3.1666666666666665,3.25,2.6666666666666665,3.5,3.5,0,0,0,0,0,38.0,39.0,32.0,42.0,42.0,0,193.0
30252,4.0,3.0,3.0,5.0,4.0,2.0,5.0,2.0,5.0,4.0,2.0,5.0,4.0,5.0,3.0,1.0,4.0,4.0,4.0,4.0,1.0,3.0,2.0,3.0,4.0,1.0,4.0,5.0,3.0,4.0,1.0,3.0,3.0,4.0,4.0,1.0,5.0,2.0,5.0,4.0,3.0,2.0,5.0,3.0,5.0,5.0,1.0,2.0,4.0,5.0,4.0,1.0,4.0,4.0,1.0,4.0,1.0,3.0,4.0,1.0,3.0,18.0,46.0,40.0,48.0,47.0,199.0,1.5,3.8333333333333335,3.3333333333333335,4.0,3.9166666666666665,0,0,0,0,0,18.0,46.0,40.0,48.0,47.0,0,199.0
30254,4.0,2.0,4.0,5.0,4.0,2.0,5.0,1.0,1.0,1.0,2.0,2.0,4.0,1.0,4.0,4.0,4.0,5.0,3.0,5.0,4.0,4.0,2.0,1.0,1.0,4.0,2.0,5.0,2.0,1.0,4.0,5.0,4.0,4.0,3.0,2.0,3.0,5.0,2.0,2.0,3.0,4.0,1.0,4.0,2.0,1.0,4.0,2.0,5.0,5.0,2.0,4.0,5.0,5.0,4.0,1.0,5.0,1.0,4.0,5.0,4.0,43.0,36.0,48.0,38.0,29.0,194.0,3.5833333333333335,3.0,4.0,3.1666666666666665,2.4166666666666665,0,0,0,0,0,43.0,36.0,48.0,38.0,29.0,0,194.0
30255,2.0,1.0,2.0,5.0,4.0,4.0,5.0,1.0,4.0,4.0,2.0,2.0,5.0,4.0,4.0,2.0,2.0,4.0,4.0,5.0,1.0,4.0,4.0,4.0,4.0,1.0,1.0,2.0,2.0,4.0,5.0,3.0,4.0,3.0,4.0,4.0,3.0,3.0,5.0,4.0,3.0,4.0,5.0,5.0,4.0,2.0,5.0,2.0,5.0,5.0,4.0,2.0,4.0,3.0,2.0,2.0,1.0,5.0,3.0,2.0,4.0,33.0,37.0,41.0,44.0,45.0,200.0,2.75,3.0833333333333335,3.4166666666666665,3.6666666666666665,3.75,0,0,0,0,0,33.0,37.0,41.0,44.0,45.0,0,200.0
30256,3.0,4.0,2.0,5.0,3.0,3.0,5.0,1.0,5.0,4.0,4.0,4.0,3.0,5.0,4.0,3.0,4.0,5.0,5.0,4.0,2.0,4.0,1.0,2.0,3.0,3.0,3.0,3.0,2.0,2.0,1.0,5.0,5.0,4.0,4.0,4.0,5.0,5.0,5.0,2.0,3.0,3.0,5.0,1.0,2.0,3.0,3.0,1.0,4.0,5.0,4.0,2.0,3.0,5.0,3.0,4.0,2.0,3.0,4.0,4.0,5.0,33.0,46.0,39.0,48.0,42.0,208.0,2.75,3.8333333333333335,3.25,4.0,3.5,0,0,0,0,0,33.0,46.0,39.0,48.0,42.0,0,208.0
30257,1.0,1.0,1.0,5.0,4.0,2.0,5.0,1.0,5.0,5.0,2.0,4.0,5.0,5.0,5.0,2.0,2.0,4.0,5.0,5.0,2.0,3.0,1.0,5.0,4.0,2.0,1.0,4.0,4.0,5.0,2.0,3.0,4.0,4.0,4.0,2.0,4.0,5.0,3.0,4.0,3.0,1.0,5.0,1.0,3.0,5.0,1.0,2.0,5.0,5.0,5.0,1.0,2.0,5.0,2.0,4.0,1.0,1.0,5.0,2.0,5.0,19.0,33.0,41.0,48.0,55.0,196.0,1.5833333333333333,2.75,3.4166666666666665,4.0,4.583333333333333,0,0,0,0,0,19.0,33.0,41.0,48.0,55.0,0,196.0
30259,1.0,2.0,3.0,5.0,3.0,2.0,4.0,2.0,5.0,4.0,1.0,4.0,5.0,5.0,2.0,3.0,4.0,3.0,4.0,4.0,2.0,3.0,4.0,4.0,3.0,1.0,2.0,5.0,4.0,4.0,2.0,3.0,5.0,5.0,4.0,1.0,4.0,1.0,4.0,4.0,3.0,1.0,5.0,4.0,3.0,3.0,1.0,2.0,5.0,5.0,4.0,2.0,4.0,5.0,2.0,4.0,1.0,2.0,4.0,1.0,4.0,18.0,39.0,46.0,48.0,43.0,194.0,1.5,3.25,3.8333333333333335,4.0,3.5833333333333335,0,0,0,0,0,18.0,39.0,46.0,48.0,43.0,0,194.0
30260,4.0,1.0,5.0,5.0,5.0,1.0,5.0,2.0,5.0,1.0,1.0,5.0,5.0,5.0,4.0,2.0,3.0,5.0,5.0,3.0,2.0,1.0,2.0,5.0,2.0,1.0,2.0,4.0,5.0,4.0,2.0,2.0,5.0,4.0,2.0,1.0,4.0,5.0,5.0,4.0,3.0,3.0,4.0,5.0,3.0,2.0,4.0,2.0,4.0,5.0,3.0,2.0,3.0,5.0,2.0,5.0,1.0,1.0,3.0,1.0,3.0,24.0,33.0,50.0,49.0,38.0,194.0,2.0,2.75,4.166666666666667,4.083333333333333,3.1666666666666665,0,0,0,0,0,24.0,33.0,50.0,49.0,38.0,0,194.0
30262,3.0,2.0,2.0,5.0,4.0,4.0,4.0,2.0,4.0,4.0,4.0,3.0,1.0,5.0,4.0,2.0,5.0,3.0,5.0,4.0,2.0,2.0,2.0,3.0,4.0,2.0,3.0,2.0,4.0,3.0,2.0,2.0,3.0,4.0,4.0,2.0,3.0,2.0,5.0,3.0,3.0,2.0,4.0,2.0,5.0,4.0,2.0,2.0,3.0,5.0,4.0,2.0,3.0,2.0,2.0,4.0,1.0,2.0,1.0,1.0,2.0,28.0,35.0,25.0,46.0,44.0,178.0,2.3333333333333335,2.9166666666666665,2.0833333333333335,3.8333333333333335,3.6666666666666665,0,0,0,0,0,28.0,35.0,25.0,46.0,44.0,0,178.0
30263,5.0,4.0,4.0,5.0,4.0,1.0,4.0,1.0,3.0,5.0,4.0,4.0,5.0,2.0,4.0,4.0,4.0,1.0,5.0,5.0,4.0,5.0,3.0,2.0,5.0,2.0,2.0,4.0,4.0,3.0,4.0,4.0,5.0,4.0,5.0,3.0,3.0,5.0,5.0,5.0,3.0,2.0,3.0,5.0,2.0,4.0,3.0,2.0,4.0,5.0,5.0,2.0,5.0,5.0,5.0,5.0,2.0,3.0,5.0,4.0,5.0,36.0,43.0,47.0,46.0,55.0,227.0,3.0,3.5833333333333335,3.9166666666666665,3.8333333333333335,4.583333333333333,0,0,0,0,0,36.0,43.0,47.0,46.0,55.0,0,227.0
30264,4.0,1.0,4.0,5.0,3.0,3.0,4.0,1.0,4.0,3.0,4.0,3.0,5.0,4.0,4.0,1.0,3.0,5.0,2.0,4.0,3.0,4.0,2.0,4.0,3.0,3.0,1.0,4.0,4.0,2.0,3.0,3.0,5.0,4.0,3.0,3.0,3.0,5.0,4.0,4.0,3.0,3.0,3.0,3.0,3.0,1.0,2.0,2.0,3.0,5.0,3.0,2.0,2.0,5.0,2.0,3.0,2.0,1.0,4.0,3.0,4.0,33.0,30.0,46.0,44.0,37.0,190.0,2.75,2.5,3.8333333333333335,3.6666666666666665,3.0833333333333335,0,0,0,0,0,33.0,30.0,46.0,44.0,37.0,0,190.0
30266,2.0,4.0,3.0,3.0,4.0,2.0,3.0,2.0,4.0,4.0,2.0,3.0,4.0,4.0,3.0,4.0,4.0,4.0,3.0,4.0,2.0,3.0,3.0,2.0,4.0,1.0,3.0,3.0,2.0,4.0,2.0,4.0,3.0,4.0,4.0,3.0,4.0,2.0,4.0,4.0,3.0,2.0,4.0,4.0,3.0,4.0,4.0,3.0,4.0,4.0,4.0,2.0,4.0,4.0,4.0,4.0,2.0,3.0,4.0,2.0,4.0,28.0,42.0,40.0,40.0,47.0,197.0,2.3333333333333335,3.5,3.3333333333333335,3.3333333333333335,3.9166666666666665,0,0,0,0,0,28.0,42.0,40.0,40.0,47.0,0,197.0
30270,5.0,2.0,1.0,5.0,5.0,1.0,3.0,2.0,5.0,5.0,2.0,5.0,4.0,4.0,5.0,1.0,4.0,4.0,1.0,5.0,1.0,4.0,2.0,2.0,5.0,1.0,3.0,4.0,1.0,5.0,2.0,4.0,4.0,4.0,5.0,1.0,5.0,4.0,5.0,4.0,3.0,2.0,5.0,4.0,1.0,5.0,5.0,3.0,4.0,5.0,5.0,1.0,5.0,5.0,4.0,5.0,1.0,4.0,4.0,3.0,5.0,23.0,47.0,42.0,43.0,59.0,214.0,1.9166666666666667,3.9166666666666665,3.5,3.5833333333333335,4.916666666666667,0,0,0,0,0,23.0,47.0,42.0,43.0,59.0,0,214.0
30273,4.0,1.0,5.0,1.0,3.0,1.0,5.0,1.0,2.0,5.0,5.0,3.0,5.0,1.0,2.0,3.0,4.0,4.0,4.0,3.0,2.0,5.0,5.0,2.0,5.0,4.0,1.0,5.0,2.0,2.0,4.0,4.0,1.0,2.0,5.0,5.0,4.0,1.0,2.0,2.0,3.0,4.0,2.0,5.0,1.0,2.0,2.0,2.0,2.0,4.0,5.0,4.0,5.0,4.0,4.0,2.0,5.0,4.0,5.0,5.0,5.0,43.0,40.0,43.0,33.0,41.0,200.0,3.5833333333333335,3.3333333333333335,3.5833333333333335,2.75,3.4166666666666665,0,0,0,0,0,43.0,40.0,43.0,33.0,41.0,0,200.0
30274,5.0,3.0,2.0,5.0,5.0,1.0,4.0,2.0,5.0,5.0,4.0,3.0,2.0,5.0,5.0,2.0,1.0,3.0,2.0,5.0,1.0,4.0,1.0,1.0,4.0,1.0,4.0,5.0,2.0,5.0,2.0,3.0,5.0,5.0,5.0,2.0,3.0,5.0,4.0,5.0,3.0,4.0,2.0,1.0,1.0,5.0,2.0,1.0,5.0,4.0,5.0,1.0,4.0,5.0,4.0,5.0,1.0,5.0,4.0,1.0,5.0,26.0,37.0,40.0,42.0,59.0,204.0,2.1666666666666665,3.0833333333333335,3.3333333333333335,3.5,4.916666666666667,0,0,0,0,0,26.0,37.0,40.0,42.0,59.0,0,204.0
30277,3.0,2.0,2.0,4.0,2.0,2.0,4.0,2.0,4.0,3.0,3.0,4.0,4.0,4.0,3.0,2.0,3.0,2.0,3.0,4.0,2.0,3.0,2.0,2.0,3.0,2.0,3.0,2.0,2.0,2.0,2.0,3.0,3.0,3.0,4.0,3.0,3.0,4.0,4.0,3.0,3.0,2.0,4.0,2.0,3.0,2.0,2.0,3.0,4.0,4.0,3.0,2.0,4.0,3.0,3.0,2.0,2.0,2.0,2.0,3.0,3.0,27.0,38.0,32.0,39.0,34.0,170.0,2.25,3.1666666666666665,2.6666666666666665,3.25,2.8333333333333335,0,0,0,0,0,27.0,38.0,32.0,39.0,34.0,0,170.0
30278,3.0,5.0,2.0,5.0,5.0,2.0,5.0,2.0,5.0,4.0,4.0,2.0,5.0,5.0,4.0,4.0,4.0,2.0,3.0,4.0,3.0,5.0,4.0,2.0,4.0,1.0,2.0,4.0,4.0,4.0,2.0,3.0,2.0,4.0,5.0,2.0,5.0,4.0,2.0,4.0,3.0,2.0,2.0,5.0,2.0,3.0,4.0,4.0,2.0,4.0,5.0,2.0,5.0,5.0,4.0,4.0,2.0,1.0,5.0,2.0,5.0,31.0,43.0,42.0,42.0,51.0,209.0,2.5833333333333335,3.5833333333333335,3.5,3.5,4.25,0,0,0,0,0,31.0,43.0,42.0,42.0,51.0,0,209.0
30279,2.0,1.0,4.0,5.0,4.0,2.0,3.0,2.0,5.0,4.0,2.0,2.0,3.0,4.0,4.0,4.0,2.0,3.0,4.0,4.0,2.0,2.0,4.0,2.0,3.0,4.0,1.0,4.0,1.0,4.0,2.0,2.0,3.0,3.0,3.0,2.0,1.0,5.0,4.0,4.0,3.0,3.0,2.0,3.0,4.0,4.0,4.0,2.0,4.0,4.0,4.0,2.0,2.0,4.0,4.0,4.0,2.0,2.0,3.0,2.0,2.0,31.0,22.0,42.0,45.0,44.0,184.0,2.5833333333333335,1.8333333333333333,3.5,3.75,3.6666666666666665,0,0,0,0,0,31.0,22.0,42.0,45.0,44.0,0,184.0
30281,2.0,2.0,4.0,3.0,3.0,4.0,4.0,3.0,4.0,2.0,4.0,4.0,4.0,4.0,3.0,4.0,4.0,3.0,3.0,4.0,2.0,4.0,4.0,3.0,2.0,4.0,3.0,3.0,4.0,1.0,2.0,5.0,5.0,3.0,4.0,2.0,4.0,4.0,4.0,3.0,3.0,3.0,4.0,2.0,3.0,2.0,3.0,2.0,4.0,4.0,2.0,2.0,3.0,4.0,2.0,1.0,5.0,3.0,4.0,2.0,3.0,37.0,42.0,44.0,38.0,30.0,191.0,3.0833333333333335,3.5,3.6666666666666665,3.1666666666666665,2.5,0,0,0,0,0,37.0,42.0,44.0,38.0,30.0,0,191.0
30282,3.0,3.0,5.0,5.0,5.0,2.0,4.0,2.0,4.0,4.0,4.0,5.0,5.0,4.0,2.0,3.0,4.0,5.0,4.0,4.0,3.0,4.0,5.0,3.0,4.0,2.0,2.0,4.0,2.0,4.0,4.0,4.0,4.0,4.0,4.0,4.0,4.0,5.0,4.0,4.0,3.0,2.0,4.0,5.0,4.0,4.0,3.0,2.0,4.0,4.0,4.0,2.0,2.0,4.0,2.0,4.0,4.0,4.0,4.0,3.0,4.0,36.0,42.0,52.0,45.0,47.0,222.0,3.0,3.5,4.333333333333333,3.75,3.9166666666666665,0,0,0,0,0,36.0,42.0,52.0,45.0,47.0,0,222.0
30284,5.0,2.0,5.0,5.0,5.0,5.0,4.0,2.0,5.0,2.0,1.0,4.0,1.0,5.0,5.0,3.0,2.0,4.0,4.0,4.0,2.0,1.0,3.0,1.0,5.0,5.0,2.0,1.0,2.0,2.0,4.0,2.0,4.0,4.0,5.0,2.0,3.0,5.0,5.0,4.0,3.0,4.0,4.0,2.0,1.0,5.0,4.0,4.0,4.0,5.0,5.0,1.0,1.0,5.0,3.0,4.0,2.0,2.0,4.0,4.0,5.0,38.0,31.0,40.0,43.0,51.0,203.0,3.1666666666666665,2.5833333333333335,3.3333333333333335,3.5833333333333335,4.25,0,0,0,0,0,38.0,31.0,40.0,43.0,51.0,0,203.0
30285,2.0,2.0,4.0,4.0,5.0,2.0,4.0,2.0,5.0,2.0,3.0,4.0,3.0,4.0,4.0,1.0,4.0,4.0,5.0,4.0,2.0,1.0,4.0,4.0,4.0,2.0,2.0,3.0,4.0,1.0,2.0,2.0,4.0,3.0,2.0,2.0,2.0,5.0,3.0,4.0,3.0,4.0,3.0,4.0,3.0,2.0,2.0,1.0,4.0,4.0,4.0,3.0,3.0,4.0,2.0,4.0,2.0,1.0,4.0,2.0,4.0,27.0,29.0,45.0,42.0,40.0,183.0,2.25,2.4166666666666665,3.75,3.5,3.3333333333333335,0,0,0,0,0,27.0,29.0,45.0,42.0,40.0,0,183.0
30286,4.0,3.0,4.0,5.0,4.0,2.0,3.0,2.0,5.0,4.0,3.0,2.0,3.0,5.0,4.0,2.0,4.0,3.0,4.0,4.0,3.0,3.0,2.0,3.0,4.0,1.0,4.0,3.0,4.0,4.0,3.0,1.0,4.0,4.0,5.0,2.0,3.0,4.0,4.0,5.0,3.0,2.0,2.0,2.0,3.0,4.0,2.0,2.0,4.0,5.0,5.0,1.0,4.0,5.0,2.0,4.0,1.0,4.0,4.0,2.0,5.0,26.0,35.0,40.0,45.0,52.0,198.0,2.1666666666666665,2.9166666666666665,3.3333333333333335,3.75,4.333333333333333,0,0,0,0,0,26.0,35.0,40.0,45.0,52.0,0,198.0
30287,4.0,3.0,2.0,5.0,5.0,1.0,5.0,2.0,5.0,5.0,3.0,3.0,5.0,5.0,1.0,4.0,4.0,3.0,2.0,5.0,2.0,3.0,5.0,3.0,4.0,1.0,2.0,4.0,1.0,3.0,4.0,4.0,5.0,4.0,4.0,4.0,5.0,3.0,5.0,4.0,3.0,1.0,5.0,5.0,2.0,5.0,4.0,2.0,5.0,5.0,5.0,1.0,4.0,4.0,4.0,5.0,1.0,1.0,3.0,1.0,3.0,30.0,41.0,46.0,45.0,49.0,211.0,2.5,3.4166666666666665,3.8333333333333335,3.75,4.083333333333333,0,0,0,0,0,30.0,41.0,46.0,45.0,49.0,0,211.0
30288,4.0,1.0,2.0,5.0,4.0,4.0,5.0,1.0,5.0,2.0,3.0,4.0,4.0,5.0,4.0,4.0,4.0,5.0,5.0,4.0,2.0,2.0,3.0,4.0,2.0,4.0,4.0,4.0,4.0,2.0,4.0,2.0,4.0,3.0,3.0,2.0,2.0,5.0,5.0,4.0,3.0,4.0,2.0,2.0,3.0,4.0,4.0,1.0,3.0,4.0,4.0,4.0,4.0,4.0,2.0,2.0,3.0,1.0,2.0,1.0,3.0,42.0,32.0,39.0,46.0,38.0,197.0,3.5,2.6666666666666665,3.25,3.8333333333333335,3.1666666666666665,0,0,0,0,0,42.0,32.0,39.0,46.0,38.0,0,197.0
30289,2.0,2.0,5.0,4.0,3.0,4.0,4.0,1.0,2.0,4.0,2.0,3.0,1.0,2.0,3.0,2.0,3.0,2.0,4.0,5.0,2.0,3.0,1.0,2.0,4.0,2.0,4.0,5.0,2.0,2.0,4.0,2.0,2.0,5.0,5.0,2.0,3.0,1.0,3.0,5.0,3.0,2.0,4.0,1.0,2.0,5.0,3.0,2.0,5.0,4.0,4.0,2.0,1.0,5.0,2.0,5.0,4.0,4.0,4.0,2.0,4.0,31.0,35.0,33.0,37.0,49.0,185.0,2.5833333333333335,2.9166666666666665,2.75,3.0833333333333335,4.083333333333333,0,0,0,0,0,31.0,35.0,33.0,37.0,49.0,0,185.0
30290,2.0,2.0,4.0,5.0,4.0,2.0,5.0,2.0,5.0,5.0,2.0,5.0,4.0,5.0,4.0,1.0,2.0,4.0,5.0,5.0,2.0,2.0,2.0,4.0,5.0,2.0,4.0,2.0,2.0,5.0,2.0,4.0,4.0,4.0,5.0,2.0,4.0,2.0,5.0,5.0,3.0,2.0,4.0,1.0,4.0,5.0,2.0,4.0,2.0,5.0,4.0,2.0,4.0,4.0,1.0,4.0,2.0,2.0,2.0,1.0,5.0,23.0,42.0,33.0,46.0,56.0,200.0,1.9166666666666667,3.5,2.75,3.8333333333333335,4.666666666666667,0,0,0,0,0,23.0,42.0,33.0,46.0,56.0,0,200.0
30291,5.0,1.0,5.0,5.0,2.0,5.0,4.0,1.0,5.0,3.0,5.0,2.0,4.0,3.0,4.0,4.0,1.0,2.0,5.0,5.0,4.0,1.0,5.0,2.0,2.0,5.0,1.0,1.0,3.0,2.0,4.0,4.0,3.0,4.0,4.0,3.0,2.0,5.0,5.0,4.0,3.0,2.0,4.0,5.0,4.0,1.0,3.0,4.0,4.0,5.0,3.0,1.0,3.0,5.0,1.0,2.0,3.0,3.0,5.0,1.0,4.0,44.0,30.0,45.0,41.0,36.0,196.0,3.6666666666666665,2.5,3.75,3.4166666666666665,3.0,0,0,0,0,0,44.0,30.0,45.0,41.0,36.0,0,196.0
30292,3.0,2.0,3.0,5.0,3.0,3.0,4.0,1.0,5.0,3.0,1.0,3.0,3.0,5.0,2.0,1.0,3.0,3.0,4.0,5.0,2.0,2.0,4.0,3.0,4.0,3.0,3.0,4.0,3.0,3.0,2.0,3.0,5.0,3.0,4.0,4.0,3.0,4.0,5.0,4.0,3.0,3.0,3.0,3.0,5.0,5.0,1.0,3.0,3.0,5.0,4.0,1.0,3.0,4.0,1.0,4.0,3.0,3.0,2.0,1.0,5.0,27.0,35.0,39.0,46.0,46.0,193.0,2.25,2.9166666666666665,3.25,3.8333333333333335,3.8333333333333335,0,0,0,0,0,27.0,35.0,39.0,46.0,46.0,0,193.0
30293,5.0,3.0,5.0,4.0,2.0,1.0,4.0,4.0,3.0,2.0,4.0,4.0,5.0,4.0,4.0,5.0,3.0,5.0,5.0,5.0,4.0,3.0,4.0,2.0,2.0,5.0,3.0,4.0,4.0,4.0,4.0,2.0,5.0,4.0,4.0,3.0,3.0,5.0,5.0,4.0,3.0,2.0,1.0,5.0,2.0,2.0,5.0,2.0,5.0,4.0,4.0,1.0,3.0,5.0,2.0,3.0,4.0,1.0,5.0,3.0,5.0,43.0,32.0,57.0,42.0,41.0,215.0,3.5833333333333335,2.6666666666666665,4.75,3.5,3.4166666666666665,0,0,0,0,0,43.0,32.0,57.0,42.0,41.0,0,215.0
30294,4.0,1.0,5.0,4.0,3.0,5.0,4.0,2.0,5.0,3.0,4.0,5.0,2.0,5.0,3.0,4.0,3.0,4.0,4.0,4.0,1.0,3.0,5.0,5.0,4.0,2.0,1.0,5.0,4.0,1.0,4.0,3.0,4.0,5.0,4.0,1.0,5.0,5.0,5.0,3.0,3.0,4.0,3.0,5.0,4.0,2.0,4.0,3.0,3.0,4.0,3.0,4.0,2.0,5.0,2.0,2.0,2.0,3.0,1.0,1.0,3.0,39.0,36.0,46.0,49.0,35.0,205.0,3.25,3.0,3.8333333333333335,4.083333333333333,2.9166666666666665,0,0,0,0,0,39.0,36.0,46.0,49.0,35.0,0,205.0
30295,4.0,2.0,1.0,4.0,5.0,1.0,3.0,2.0,5.0,5.0,2.0,2.0,5.0,3.0,5.0,1.0,3.0,3.0,3.0,5.0,2.0,1.0,2.0,2.0,5.0,1.0,1.0,5.0,1.0,4.0,2.0,2.0,5.0,3.0,5.0,2.0,4.0,4.0,1.0,5.0,3.0,1.0,3.0,3.0,3.0,5.0,1.0,4.0,5.0,5.0,5.0,1.0,4.0,5.0,5.0,5.0,2.0,2.0,4.0,3.0,5.0,20.0,31.0,44.0,42.0,59.0,196.0,1.6666666666666667,2.5833333333333335,3.6666666666666665,3.5,4.916666666666667,0,0,0,0,0,20.0,31.0,44.0,42.0,59.0,0,196.0
30296,4.0,2.0,2.0,4.0,4.0,2.0,3.0,4.0,4.0,4.0,2.0,3.0,2.0,4.0,3.0,2.0,4.0,4.0,4.0,4.0,1.0,2.0,2.0,3.0,3.0,1.0,2.0,4.0,1.0,4.0,2.0,3.0,2.0,3.0,4.0,2.0,3.0,5.0,4.0,4.0,3.0,2.0,4.0,3.0,2.0,4.0,2.0,2.0,3.0,4.0,4.0,2.0,4.0,4.0,3.0,4.0,2.0,3.0,2.0,2.0,4.0,24.0,35.0,37.0,41.0,46.0,183.0,2.0,2.9166666666666665,3.0833333333333335,3.4166666666666665,3.8333333333333335,0,0,0,0,0,24.0,35.0,37.0,41.0,46.0,0,183.0
30297,2.0,2.0,4.0,4.0,4.0,1.0,5.0,2.0,5.0,5.0,2.0,4.0,5.0,3.0,4.0,1.0,3.0,3.0,4.0,5.0,1.0,3.0,4.0,3.0,5.0,1.0,2.0,2.0,3.0,4.0,2.0,4.0,2.0,3.0,5.0,1.0,5.0,5.0,3.0,4.0,3.0,2.0,4.0,5.0,5.0,3.0,1.0,4.0,5.0,5.0,4.0,2.0,4.0,5.0,1.0,5.0,4.0,1.0,5.0,2.0,5.0,20.0,41.0,47.0,40.0,53.0,201.0,1.6666666666666667,3.4166666666666665,3.9166666666666665,3.3333333333333335,4.416666666666667,0,0,0,0,0,20.0,41.0,47.0,40.0,53.0,0,201.0
30298,1.0,3.0,3.0,5.0,4.0,2.0,4.0,2.0,5.0,4.0,1.0,5.0,3.0,5.0,4.0,2.0,4.0,4.0,4.0,4.0,1.0,4.0,2.0,4.0,4.0,1.0,3.0,5.0,4.0,3.0,3.0,3.0,4.0,5.0,4.0,2.0,4.0,4.0,5.0,4.0,3.0,2.0,5.0,2.0,2.0,5.0,3.0,3.0,4.0,5.0,4.0,1.0,4.0,5.0,2.0,4.0,2.0,3.0,5.0,2.0,4.0,21.0,45.0,43.0,49.0,48.0,206.0,1.75,3.75,3.5833333333333335,4.083333333333333,4.0,0,0,0,0,0,21.0,45.0,43.0,49.0,48.0,0,206.0
30299,5.0,3.0,4.0,4.0,5.0,1.0,4.0,2.0,5.0,4.0,4.0,4.0,3.0,5.0,2.0,4.0,3.0,4.0,3.0,4.0,2.0,3.0,2.0,2.0,4.0,3.0,4.0,3.0,1.0,3.0,3.0,2.0,4.0,4.0,4.0,3.0,4.0,4.0,5.0,4.0,3.0,4.0,3.0,2.0,2.0,4.0,4.0,2.0,3.0,4.0,4.0,2.0,3.0,4.0,4.0,4.0,1.0,4.0,2.0,1.0,4.0,36.0,39.0,37.0,42.0,46.0,200.0,3.0,3.25,3.0833333333333335,3.5,3.8333333333333335,0,0,0,0,0,36.0,39.0,37.0,42.0,46.0,0,200.0
30302,4.0,2.0,3.0,5.0,4.0,4.0,2.0,1.0,4.0,4.0,3.0,4.0,4.0,4.0,5.0,4.0,3.0,4.0,3.0,5.0,2.0,2.0,2.0,4.0,4.0,3.0,1.0,4.0,2.0,3.0,4.0,2.0,4.0,3.0,4.0,2.0,3.0,4.0,4.0,4.0,3.0,3.0,3.0,2.0,2.0,4.0,4.0,3.0,4.0,4.0,4.0,2.0,5.0,4.0,3.0,4.0,1.0,3.0,4.0,2.0,4.0,36.0,33.0,40.0,42.0,49.0,200.0,3.0,2.75,3.3333333333333335,3.5,4.083333333333333,0,0,0,0,0,36.0,33.0,40.0,42.0,49.0,0,200.0
30303,2.0,2.0,4.0,4.0,4.0,4.0,4.0,2.0,4.0,4.0,4.0,4.0,4.0,4.0,3.0,4.0,2.0,2.0,4.0,4.0,4.0,3.0,5.0,3.0,4.0,4.0,2.0,3.0,2.0,3.0,4.0,3.0,4.0,2.0,4.0,3.0,3.0,4.0,4.0,4.0,3.0,3.0,3.0,4.0,4.0,2.0,4.0,3.0,4.0,4.0,4.0,3.0,4.0,4.0,4.0,3.0,4.0,2.0,4.0,2.0,4.0,43.0,35.0,44.0,42.0,43.0,207.0,3.5833333333333335,2.9166666666666665,3.6666666666666665,3.5,3.5833333333333335,0,0,0,0,0,43.0,35.0,44.0,42.0,43.0,0,207.0
30304,2.0,3.0,1.0,5.0,5.0,3.0,4.0,2.0,5.0,4.0,1.0,4.0,1.0,5.0,5.0,1.0,3.0,1.0,4.0,4.0,2.0,4.0,1.0,2.0,4.0,1.0,3.0,1.0,2.0,5.0,2.0,5.0,5.0,4.0,5.0,2.0,5.0,2.0,5.0,4.0,3.0,1.0,5.0,1.0,5.0,5.0,1.0,4.0,1.0,5.0,4.0,1.0,5.0,5.0,1.0,5.0,4.0,3.0,1.0,4.0,4.0,21.0,48.0,22.0,46.0,54.0,191.0,1.75,4.0,1.8333333333333333,3.8333333333333335,4.5,0,0,0,0,0,21.0,48.0,22.0,46.0,54.0,0,191.0
30305,4.0,4.0,3.0,5.0,3.0,2.0,4.0,2.0,5.0,3.0,4.0,4.0,2.0,5.0,4.0,2.0,4.0,4.0,4.0,3.0,1.0,3.0,1.0,2.0,4.0,2.0,3.0,1.0,3.0,2.0,2.0,2.0,4.0,5.0,4.0,1.0,4.0,4.0,3.0,4.0,3.0,2.0,3.0,4.0,2.0,3.0,2.0,1.0,1.0,5.0,3.0,1.0,5.0,4.0,2.0,3.0,4.0,3.0,2.0,3.0,4.0,27.0,40.0,32.0,42.0,40.0,181.0,2.25,3.3333333333333335,2.6666666666666665,3.5,3.3333333333333335,0,0,0,0,0,27.0,40.0,32.0,42.0,40.0,0,181.0
30306,4.0,3.0,4.0,5.0,2.0,2.0,4.0,1.0,4.0,2.0,3.0,2.0,2.0,4.0,2.0,3.0,3.0,4.0,3.0,3.0,1.0,3.0,1.0,2.0,4.0,2.0,2.0,3.0,3.0,1.0,3.0,2.0,4.0,4.0,3.0,2.0,3.0,4.0,4.0,3.0,3.0,4.0,3.0,2.0,3.0,2.0,2.0,2.0,3.0,4.0,2.0,2.0,3.0,3.0,2.0,1.0,1.0,3.0,2.0,2.0,3.0,29.0,33.0,33.0,40.0,28.0,163.0,2.4166666666666665,2.75,2.75,3.3333333333333335,2.3333333333333335,0,0,0,0,0,29.0,33.0,33.0,40.0,28.0,0,163.0
30307,2.0,3.0,4.0,5.0,2.0,4.0,3.0,1.0,4.0,4.0,2.0,4.0,4.0,5.0,5.0,4.0,3.0,5.0,3.0,4.0,1.0,4.0,1.0,3.0,2.0,4.0,1.0,4.0,3.0,1.0,1.0,2.0,4.0,4.0,4.0,4.0,3.0,5.0,4.0,5.0,3.0,3.0,5.0,1.0,1.0,4.0,4.0,2.0,4.0,5.0,4.0,1.0,3.0,4.0,3.0,3.0,1.0,2.0,4.0,2.0,4.0,31.0,35.0,41.0,43.0,42.0,192.0,2.5833333333333335,2.9166666666666665,3.4166666666666665,3.5833333333333335,3.5,0,0,0,0,0,31.0,35.0,41.0,43.0,42.0,0,192.0
30308,4.0,3.0,2.0,5.0,4.0,2.0,4.0,2.0,5.0,4.0,3.0,4.0,4.0,5.0,2.0,2.0,2.0,5.0,4.0,5.0,2.0,3.0,4.0,5.0,4.0,1.0,3.0,2.0,4.0,4.0,2.0,4.0,4.0,4.0,4.0,1.0,4.0,4.0,5.0,4.0,3.0,1.0,5.0,4.0,5.0,4.0,2.0,2.0,4.0,5.0,4.0,1.0,2.0,5.0,3.0,4.0,1.0,3.0,4.0,1.0,4.0,22.0,39.0,44.0,49.0,47.0,201.0,1.8333333333333333,3.25,3.6666666666666665,4.083333333333333,3.9166666666666665,0,0,0,0,0,22.0,39.0,44.0,49.0,47.0,0,201.0
30309,3.0,2.0,2.0,5.0,3.0,2.0,4.0,2.0,5.0,4.0,4.0,5.0,2.0,5.0,3.0,4.0,4.0,4.0,5.0,4.0,3.0,3.0,2.0,3.0,2.0,2.0,4.0,2.0,4.0,5.0,4.0,2.0,2.0,5.0,4.0,4.0,4.0,3.0,5.0,4.0,3.0,4.0,4.0,1.0,4.0,4.0,4.0,3.0,2.0,5.0,4.0,3.0,1.0,3.0,2.0,3.0,4.0,1.0,2.0,1.0,2.0,41.0,37.0,27.0,47.0,42.0,194.0,3.4166666666666665,3.0833333333333335,2.25,3.9166666666666665,3.5,0,0,0,0,0,41.0,37.0,27.0,47.0,42.0,0,194.0
30310,4.0,3.0,2.0,4.0,4.0,1.0,4.0,2.0,2.0,5.0,2.0,2.0,2.0,2.0,5.0,2.0,2.0,3.0,1.0,3.0,1.0,1.0,4.0,1.0,4.0,2.0,1.0,2.0,2.0,4.0,4.0,2.0,4.0,4.0,5.0,4.0,2.0,5.0,2.0,4.0,3.0,4.0,2.0,3.0,2.0,4.0,2.0,1.0,5.0,4.0,4.0,4.0,2.0,5.0,2.0,5.0,1.0,4.0,4.0,3.0,5.0,31.0,26.0,41.0,29.0,52.0,179.0,2.5833333333333335,2.1666666666666665,3.4166666666666665,2.4166666666666665,4.333333333333333,0,0,0,0,0,31.0,26.0,41.0,29.0,52.0,0,179.0
30311,4.0,2.0,4.0,5.0,4.0,4.0,3.0,1.0,5.0,4.0,3.0,4.0,4.0,4.0,4.0,5.0,4.0,4.0,4.0,5.0,4.0,1.0,4.0,3.0,4.0,4.0,1.0,4.0,2.0,4.0,5.0,2.0,5.0,4.0,4.0,2.0,4.0,5.0,4.0,4.0,3.0,4.0,4.0,4.0,4.0,2.0,4.0,2.0,4.0,5.0,4.0,4.0,4.0,5.0,1.0,4.0,5.0,2.0,5.0,2.0,3.0,48.0,33.0,49.0,45.0,46.0,221.0,4.0,2.75,4.083333333333333,3.75,3.8333333333333335,0,0,0,0,0,48.0,33.0,49.0,45.0,46.0,0,221.0
30312,3.0,3.0,2.0,5.0,5.0,2.0,3.0,1.0,4.0,4.0,4.0,4.0,5.0,4.0,5.0,3.0,4.0,3.0,4.0,5.0,2.0,4.0,2.0,2.0,4.0,2.0,2.0,4.0,3.0,4.0,2.0,4.0,3.0,4.0,5.0,3.0,4.0,2.0,2.0,4.0,3.0,2.0,5.0,4.0,3.0,5.0,5.0,3.0,4.0,4.0,4.0,1.0,4.0,4.0,4.0,4.0,2.0,4.0,4.0,2.0,5.0,31.0,44.0,38.0,42.0,54.0,209.0,2.5833333333333335,3.6666666666666665,3.1666666666666665,3.5,4.5,0,0,0,0,0,31.0,44.0,38.0,42.0,54.0,0,209.0
30313,1.0,2.0,2.0,4.0,5.0,1.0,5.0,1.0,5.0,4.0,1.0,4.0,4.0,5.0,3.0,2.0,4.0,2.0,5.0,4.0,1.0,3.0,2.0,4.0,4.0,1.0,3.0,3.0,2.0,5.0,1.0,4.0,2.0,4.0,4.0,1.0,4.0,2.0,4.0,4.0,3.0,2.0,5.0,4.0,4.0,4.0,5.0,3.0,4.0,4.0,5.0,1.0,4.0,5.0,4.0,4.0,1.0,2.0,4.0,4.0,4.0,18.0,43.0,35.0,50.0,50.0,196.0,1.5,3.5833333333333335,2.9166666666666665,4.166666666666667,4.166666666666667,0,0,0,0,0,18.0,43.0,35.0,50.0,50.0,0,196.0
30314,5.0,1.0,1.0,5.0,4.0,5.0,1.0,1.0,5.0,4.0,5.0,4.0,4.0,5.0,5.0,5.0,1.0,4.0,4.0,4.0,5.0,1.0,5.0,1.0,4.0,5.0,1.0,1.0,1.0,4.0,5.0,1.0,5.0,3.0,4.0,4.0,2.0,5.0,5.0,4.0,3.0,5.0,2.0,2.0,5.0,4.0,5.0,1.0,4.0,4.0,4.0,2.0,2.0,4.0,1.0,4.0,5.0,2.0,4.0,1.0,4.0,56.0,19.0,40.0,40.0,49.0,204.0,4.666666666666667,1.5833333333333333,3.3333333333333335,3.3333333333333335,4.083333333333333,0,0,0,0,0,56.0,19.0,40.0,40.0,49.0,0,204.0
30315,4.0,2.0,4.0,4.0,4.0,3.0,2.0,2.0,5.0,4.0,4.0,1.0,3.0,3.0,5.0,5.0,3.0,5.0,4.0,5.0,4.0,1.0,4.0,2.0,3.0,5.0,2.0,2.0,3.0,2.0,2.0,2.0,2.0,3.0,4.0,2.0,2.0,5.0,2.0,4.0,3.0,4.0,2.0,2.0,2.0,4.0,4.0,1.0,4.0,4.0,3.0,2.0,1.0,5.0,1.0,4.0,4.0,2.0,3.0,1.0,4.0,43.0,21.0,41.0,33.0,46.0,184.0,3.5833333333333335,1.75,3.4166666666666665,2.75,3.8333333333333335,0,0,0,0,0,43.0,21.0,41.0,33.0,46.0,0,184.0
30316,5.0,1.0,4.0,4.0,5.0,5.0,2.0,2.0,4.0,1.0,5.0,2.0,5.0,4.0,5.0,5.0,1.0,4.0,3.0,4.0,5.0,3.0,5.0,2.0,2.0,5.0,1.0,4.0,2.0,1.0,5.0,1.0,4.0,2.0,2.0,4.0,1.0,5.0,4.0,2.0,3.0,5.0,1.0,5.0,2.0,1.0,5.0,3.0,4.0,5.0,1.0,5.0,1.0,4.0,2.0,1.0,5.0,1.0,5.0,1.0,3.0,59.0,18.0,51.0,37.0,28.0,193.0,4.916666666666667,1.5,4.25,3.0833333333333335,2.3333333333333335,0,0,0,0,0,59.0,18.0,51.0,37.0,28.0,0,193.0
30317,4.0,3.0,3.0,5.0,5.0,2.0,5.0,1.0,4.0,5.0,4.0,5.0,4.0,5.0,3.0,3.0,4.0,3.0,5.0,5.0,2.0,3.0,3.0,2.0,5.0,4.0,3.0,4.0,2.0,5.0,4.0,5.0,1.0,5.0,5.0,2.0,5.0,2.0,5.0,5.0,3.0,3.0,5.0,3.0,4.0,5.0,4.0,4.0,4.0,5.0,5.0,3.0,5.0,5.0,3.0,5.0,3.0,3.0,4.0,2.0,5.0,38.0,50.0,37.0,49.0,58.0,232.0,3.1666666666666665,4.166666666666667,3.0833333333333335,4.083333333333333,4.833333333333333,0,0,0,0,0,38.0,50.0,37.0,49.0,58.0,0,232.0
30319,3.0,5.0,2.0,5.0,4.0,2.0,5.0,1.0,5.0,3.0,3.0,3.0,4.0,5.0,3.0,3.0,4.0,3.0,3.0,5.0,2.0,5.0,3.0,2.0,5.0,1.0,3.0,4.0,2.0,5.0,4.0,4.0,2.0,5.0,5.0,1.0,5.0,1.0,4.0,4.0,3.0,1.0,5.0,4.0,3.0,4.0,4.0,3.0,3.0,5.0,5.0,1.0,5.0,3.0,3.0,5.0,2.0,3.0,4.0,1.0,5.0,27.0,50.0,34.0,45.0,53.0,209.0,2.25,4.166666666666667,2.8333333333333335,3.75,4.416666666666667,0,0,0,0,0,27.0,50.0,34.0,45.0,53.0,0,209.0
30320,5.0,4.0,5.0,4.0,4.0,1.0,4.0,2.0,4.0,5.0,5.0,5.0,5.0,5.0,5.0,5.0,4.0,2.0,4.0,5.0,2.0,4.0,4.0,4.0,5.0,1.0,5.0,2.0,2.0,2.0,4.0,1.0,5.0,4.0,5.0,4.0,3.0,5.0,5.0,4.0,3.0,4.0,3.0,4.0,4.0,4.0,5.0,1.0,5.0,5.0,4.0,4.0,2.0,5.0,2.0,5.0,2.0,2.0,5.0,1.0,4.0,42.0,38.0,49.0,44.0,52.0,225.0,3.5,3.1666666666666665,4.083333333333333,3.6666666666666665,4.333333333333333,0,0,0,0,0,42.0,38.0,49.0,44.0,52.0,0,225.0
30321,5.0,2.0,5.0,5.0,2.0,5.0,4.0,1.0,2.0,1.0,2.0,4.0,5.0,2.0,4.0,5.0,2.0,5.0,4.0,5.0,4.0,4.0,1.0,4.0,5.0,5.0,2.0,5.0,1.0,1.0,5.0,1.0,4.0,4.0,2.0,3.0,4.0,5.0,4.0,4.0,3.0,5.0,4.0,2.0,1.0,1.0,5.0,1.0,3.0,5.0,4.0,4.0,1.0,5.0,2.0,2.0,5.0,1.0,5.0,4.0,5.0,53.0,30.0,46.0,42.0,36.0,207.0,4.416666666666667,2.5,3.8333333333333335,3.5,3.0,0,0,0,0,0,53.0,30.0,46.0,42.0,36.0,0,207.0
30322,5.0,3.0,4.0,5.0,4.0,3.0,3.0,2.0,4.0,1.0,5.0,3.0,4.0,2.0,5.0,2.0,4.0,3.0,4.0,4.0,4.0,4.0,2.0,3.0,2.0,5.0,4.0,3.0,2.0,2.0,5.0,3.0,2.0,4.0,5.0,5.0,3.0,5.0,5.0,3.0,3.0,5.0,4.0,3.0,2.0,4.0,3.0,3.0,4.0,5.0,4.0,2.0,3.0,3.0,4.0,2.0,5.0,2.0,2.0,3.0,2.0,49.0,39.0,37.0,44.0,38.0,207.0,4.083333333333333,3.25,3.0833333333333335,3.6666666666666665,3.1666666666666665,0,0,0,0,0,49.0,39.0,37.0,44.0,38.0,0,207.0
30323,4.0,3.0,3.0,4.0,2.0,3.0,4.0,2.0,2.0,4.0,3.0,4.0,5.0,3.0,3.0,4.0,3.0,4.0,4.0,4.0,4.0,4.0,4.0,4.0,2.0,5.0,2.0,5.0,2.0,2.0,5.0,4.0,4.0,3.0,3.0,4.0,4.0,3.0,4.0,4.0,3.0,4.0,4.0,5.0,2.0,2.0,5.0,3.0,4.0,5.0,4.0,4.0,3.0,5.0,2.0,2.0,4.0,4.0,4.0,4.0,3.0,49.0,42.0,48.0,42.0,35.0,216.0,4.083333333333333,3.5,4.0,3.5,2.9166666666666665,0,0,0,0,0,49.0,42.0,48.0,42.0,35.0,0,216.0
30324,4.0,3.0,3.0,4.0,4.0,4.0,5.0,2.0,4.0,3.0,5.0,4.0,4.0,4.0,3.0,4.0,3.0,4.0,4.0,4.0,4.0,3.0,4.0,4.0,3.0,5.0,3.0,4.0,1.0,4.0,5.0,2.0,5.0,4.0,5.0,4.0,3.0,4.0,5.0,4.0,3.0,5.0,3.0,4.0,4.0,2.0,5.0,2.0,3.0,5.0,4.0,3.0,2.0,4.0,5.0,4.0,5.0,3.0,3.0,2.0,3.0,53.0,36.0,44.0,49.0,43.0,225.0,4.416666666666667,3.0,3.6666666666666665,4.083333333333333,3.5833333333333335,0,0,0,0,0,53.0,36.0,44.0,49.0,43.0,0,225.0
30325,1.0,3.0,2.0,5.0,5.0,1.0,3.0,1.0,5.0,5.0,1.0,5.0,4.0,5.0,5.0,1.0,4.0,4.0,5.0,5.0,1.0,3.0,5.0,2.0,5.0,1.0,2.0,4.0,3.0,4.0,1.0,3.0,5.0,5.0,5.0,1.0,4.0,5.0,4.0,5.0,3.0,1.0,3.0,4.0,4.0,5.0,1.0,3.0,5.0,5.0,5.0,1.0,5.0,5.0,4.0,5.0,1.0,4.0,4.0,3.0,5.0,12.0,42.0,48.0,51.0,59.0,212.0,1.0,3.5,4.0,4.25,4.916666666666667,0,0,0,0,0,12.0,42.0,48.0,51.0,59.0,0,212.0
30326,3.0,4.0,1.0,5.0,5.0,3.0,1.0,1.0,5.0,4.0,3.0,2.0,3.0,5.0,4.0,3.0,4.0,4.0,5.0,5.0,1.0,2.0,1.0,4.0,4.0,3.0,4.0,2.0,3.0,5.0,2.0,3.0,2.0,4.0,4.0,1.0,4.0,2.0,4.0,4.0,3.0,3.0,1.0,3.0,4.0,3.0,3.0,2.0,4.0,5.0,4.0,1.0,4.0,4.0,1.0,5.0,1.0,1.0,2.0,1.0,4.0,27.0,32.0,29.0,45.0,51.0,184.0,2.25,2.6666666666666665,2.4166666666666665,3.75,4.25,0,0,0,0,0,27.0,32.0,29.0,45.0,51.0,0,184.0
30327,5.0,1.0,5.0,4.0,5.0,4.0,3.0,1.0,3.0,3.0,5.0,4.0,4.0,2.0,4.0,4.0,2.0,3.0,5.0,4.0,3.0,3.0,4.0,2.0,3.0,5.0,1.0,5.0,1.0,1.0,5.0,1.0,5.0,4.0,3.0,5.0,3.0,5.0,3.0,2.0,3.0,5.0,1.0,5.0,2.0,2.0,5.0,4.0,5.0,5.0,3.0,5.0,1.0,4.0,4.0,4.0,4.0,5.0,4.0,4.0,3.0,55.0,29.0,50.0,43.0,37.0,214.0,4.583333333333333,2.4166666666666665,4.166666666666667,3.5833333333333335,3.0833333333333335,0,0,0,0,0,55.0,29.0,50.0,43.0,37.0,0,214.0
30328,5.0,2.0,2.0,5.0,4.0,5.0,5.0,1.0,5.0,5.0,5.0,4.0,1.0,5.0,2.0,5.0,2.0,3.0,5.0,5.0,4.0,1.0,1.0,2.0,2.0,5.0,1.0,1.0,2.0,2.0,5.0,1.0,4.0,3.0,4.0,2.0,1.0,5.0,5.0,4.0,3.0,5.0,1.0,1.0,4.0,2.0,5.0,1.0,1.0,5.0,4.0,5.0,1.0,2.0,1.0,4.0,5.0,1.0,1.0,1.0,1.0,56.0,21.0,23.0,42.0,39.0,181.0,4.666666666666667,1.75,1.9166666666666667,3.5,3.25,0,0,0,0,0,56.0,21.0,23.0,42.0,39.0,0,181.0
30329,3.0,2.0,,5.0,4.0,4.0,4.0,1.0,3.0,4.0,2.0,4.0,2.0,4.0,3.0,4.0,4.0,2.0,5.0,5.0,2.0,2.0,1.0,2.0,4.0,4.0,2.0,2.0,3.0,4.0,4.0,1.0,2.0,4.0,4.0,3.0,3.0,4.0,4.0,4.0,3.0,4.0,4.0,1.0,4.0,2.0,4.0,1.0,5.0,5.0,4.0,2.0,2.0,2.0,2.0,4.0,4.0,2.0,2.0,1.0,4.0,40.0,31.0,24.0,41.0,46.0,182.0,3.3333333333333335,2.5833333333333335,2.1818181818181817,3.4166666666666665,3.8333333333333335,0,0,1,0,0,40.0,31.0,26.181818181818183,41.0,46.0,1,184.1818181818182
30330,2.0,4.0,3.0,5.0,4.0,2.0,4.0,2.0,5.0,4.0,4.0,5.0,2.0,3.0,4.0,2.0,4.0,4.0,4.0,4.0,2.0,3.0,2.0,4.0,4.0,1.0,4.0,5.0,5.0,4.0,3.0,4.0,3.0,4.0,4.0,2.0,4.0,3.0,4.0,4.0,3.0,3.0,4.0,3.0,2.0,4.0,2.0,2.0,2.0,5.0,4.0,2.0,4.0,2.0,3.0,4.0,4.0,2.0,2.0,2.0,2.0,29.0,44.0,33.0,46.0,46.0,198.0,2.4166666666666665,3.6666666666666665,2.75,3.8333333333333335,3.8333333333333335,0,0,0,0,0,29.0,44.0,33.0,46.0,46.0,0,198.0
30331,5.0,5.0,1.0,5.0,5.0,1.0,4.0,2.0,5.0,5.0,3.0,3.0,4.0,5.0,5.0,1.0,5.0,1.0,5.0,5.0,1.0,4.0,5.0,5.0,4.0,1.0,5.0,4.0,3.0,5.0,2.0,3.0,3.0,5.0,1.0,1.0,5.0,1.0,5.0,4.0,3.0,1.0,5.0,4.0,4.0,5.0,2.0,4.0,5.0,5.0,5.0,1.0,5.0,5.0,2.0,5.0,1.0,5.0,3.0,1.0,5.0,20.0,53.0,38.0,51.0,54.0,216.0,1.6666666666666667,4.416666666666667,3.1666666666666665,4.25,4.5,0,0,0,0,0,20.0,53.0,38.0,51.0,54.0,0,216.0
30332,2.0,4.0,4.0,3.0,5.0,2.0,4.0,1.0,3.0,4.0,2.0,4.0,3.0,4.0,5.0,2.0,4.0,4.0,3.0,1.0,1.0,4.0,4.0,3.0,4.0,2.0,1.0,5.0,4.0,3.0,3.0,4.0,1.0,5.0,4.0,2.0,3.0,5.0,2.0,2.0,3.0,1.0,3.0,3.0,5.0,1.0,5.0,4.0,4.0,4.0,4.0,4.0,5.0,4.0,1.0,3.0,1.0,4.0,4.0,2.0,4.0,27.0,44.0,42.0,40.0,40.0,193.0,2.25,3.6666666666666665,3.5,3.3333333333333335,3.3333333333333335,0,0,0,0,0,27.0,44.0,42.0,40.0,40.0,0,193.0
30333,4.0,3.0,5.0,4.0,4.0,2.0,5.0,2.0,4.0,4.0,4.0,5.0,3.0,2.0,4.0,4.0,4.0,5.0,4.0,4.0,4.0,4.0,2.0,1.0,4.0,4.0,3.0,5.0,1.0,2.0,4.0,2.0,4.0,4.0,3.0,2.0,3.0,5.0,3.0,4.0,3.0,4.0,2.0,2.0,1.0,4.0,4.0,5.0,4.0,3.0,3.0,2.0,4.0,5.0,2.0,2.0,3.0,4.0,5.0,4.0,2.0,41.0,44.0,47.0,37.0,40.0,209.0,3.4166666666666665,3.6666666666666665,3.9166666666666665,3.0833333333333335,3.3333333333333335,0,0,0,0,0,41.0,44.0,47.0,37.0,40.0,0,209.0
30334,4.0,2.0,3.0,2.0,2.0,4.0,5.0,2.0,3.0,3.0,4.0,2.0,4.0,2.0,4.0,4.0,2.0,5.0,5.0,4.0,2.0,2.0,1.0,1.0,2.0,5.0,3.0,5.0,2.0,2.0,3.0,1.0,3.0,2.0,2.0,4.0,1.0,5.0,2.0,1.0,3.0,4.0,1.0,2.0,3.0,1.0,5.0,1.0,5.0,3.0,1.0,4.0,1.0,5.0,3.0,3.0,4.0,2.0,4.0,3.0,1.0,47.0,23.0,44.0,34.0,26.0,174.0,3.9166666666666665,1.9166666666666667,3.6666666666666665,2.8333333333333335,2.1666666666666665,0,0,0,0,0,47.0,23.0,44.0,34.0,26.0,0,174.0
30335,4.0,1.0,5.0,5.0,2.0,4.0,4.0,2.0,5.0,4.0,5.0,4.0,5.0,5.0,4.0,1.0,1.0,4.0,5.0,5.0,4.0,1.0,3.0,2.0,4.0,5.0,1.0,4.0,2.0,2.0,5.0,1.0,5.0,4.0,4.0,1.0,3.0,5.0,4.0,4.0,3.0,2.0,2.0,5.0,4.0,4.0,3.0,1.0,5.0,5.0,4.0,1.0,4.0,5.0,1.0,2.0,4.0,1.0,5.0,2.0,4.0,39.0,24.0,53.0,46.0,43.0,205.0,3.25,2.0,4.416666666666667,3.8333333333333335,3.5833333333333335,0,0,0,0,0,39.0,24.0,53.0,46.0,43.0,0,205.0
30336,4.0,3.0,2.0,5.0,4.0,2.0,3.0,2.0,4.0,3.0,4.0,2.0,3.0,4.0,5.0,2.0,4.0,3.0,4.0,3.0,2.0,2.0,2.0,3.0,4.0,2.0,2.0,4.0,1.0,2.0,4.0,3.0,3.0,4.0,5.0,3.0,4.0,4.0,2.0,4.0,3.0,2.0,5.0,2.0,2.0,2.0,2.0,5.0,4.0,5.0,4.0,2.0,4.0,5.0,3.0,5.0,3.0,3.0,4.0,4.0,4.0,32.0,40.0,38.0,44.0,45.0,199.0,2.6666666666666665,3.3333333333333335,3.1666666666666665,3.6666666666666665,3.75,0,0,0,0,0,32.0,40.0,38.0,44.0,45.0,0,199.0
30337,5.0,1.0,4.0,4.0,2.0,4.0,4.0,2.0,5.0,2.0,5.0,4.0,4.0,5.0,4.0,5.0,3.0,4.0,4.0,4.0,2.0,1.0,4.0,2.0,2.0,5.0,5.0,3.0,4.0,1.0,5.0,1.0,4.0,3.0,2.0,4.0,2.0,5.0,4.0,3.0,3.0,5.0,2.0,5.0,2.0,5.0,5.0,1.0,5.0,5.0,2.0,4.0,1.0,5.0,3.0,1.0,4.0,1.0,5.0,2.0,2.0,53.0,26.0,50.0,42.0,30.0,201.0,4.416666666666667,2.1666666666666665,4.166666666666667,3.5,2.5,0,0,0,0,0,53.0,26.0,50.0,42.0,30.0,0,201.0
30338,5.0,4.0,5.0,4.0,2.0,4.0,5.0,2.0,4.0,1.0,4.0,2.0,2.0,5.0,4.0,2.0,4.0,2.0,3.0,2.0,4.0,5.0,1.0,3.0,4.0,4.0,2.0,2.0,3.0,1.0,2.0,4.0,4.0,5.0,4.0,4.0,2.0,2.0,4.0,4.0,3.0,4.0,1.0,4.0,,4.0,2.0,3.0,1.0,4.0,2.0,5.0,1.0,4.0,5.0,2.0,4.0,4.0,4.0,5.0,4.0,44.0,37.0,33.0,44.0,34.0,192.0,3.6666666666666665,3.0833333333333335,2.75,4.0,2.8333333333333335,0,0,0,1,0,44.0,37.0,33.0,48.0,34.0,1,196.0
30339,2.0,3.0,5.0,4.0,4.0,1.0,5.0,1.0,5.0,5.0,1.0,3.0,2.0,1.0,4.0,1.0,4.0,5.0,4.0,5.0,1.0,4.0,5.0,1.0,4.0,1.0,3.0,5.0,4.0,5.0,1.0,2.0,4.0,4.0,3.0,1.0,4.0,5.0,2.0,4.0,3.0,1.0,4.0,5.0,4.0,5.0,1.0,1.0,5.0,4.0,5.0,1.0,1.0,5.0,1.0,5.0,1.0,2.0,5.0,5.0,2.0,13.0,36.0,52.0,40.0,51.0,192.0,1.0833333333333333,3.0,4.333333333333333,3.3333333333333335,4.25,0,0,0,0,0,13.0,36.0,52.0,40.0,51.0,0,192.0
30340,4.0,3.0,3.0,4.0,3.0,2.0,5.0,2.0,3.0,2.0,3.0,4.0,4.0,3.0,4.0,4.0,4.0,4.0,3.0,5.0,4.0,4.0,3.0,3.0,4.0,4.0,4.0,2.0,3.0,2.0,4.0,2.0,4.0,2.0,5.0,4.0,4.0,4.0,4.0,4.0,3.0,2.0,4.0,3.0,1.0,4.0,4.0,3.0,5.0,5.0,4.0,3.0,3.0,5.0,3.0,3.0,3.0,4.0,5.0,2.0,5.0,41.0,44.0,44.0,35.0,45.0,209.0,3.4166666666666665,3.6666666666666665,3.6666666666666665,2.9166666666666665,3.75,0,0,0,0,0,41.0,44.0,44.0,35.0,45.0,0,209.0
30341,2.0,1.0,3.0,4.0,2.0,4.0,4.0,3.0,2.0,3.0,2.0,4.0,3.0,4.0,4.0,3.0,3.0,4.0,4.0,4.0,2.0,3.0,2.0,4.0,4.0,2.0,3.0,4.0,2.0,2.0,3.0,2.0,2.0,3.0,4.0,1.0,5.0,5.0,2.0,4.0,3.0,2.0,4.0,3.0,2.0,4.0,3.0,4.0,5.0,4.0,4.0,2.0,3.0,4.0,3.0,2.0,2.0,3.0,4.0,4.0,4.0,28.0,39.0,42.0,40.0,41.0,190.0,2.3333333333333335,3.25,3.5,3.3333333333333335,3.4166666666666665,0,0,0,0,0,28.0,39.0,42.0,40.0,41.0,0,190.0
30342,5.0,4.0,2.0,5.0,5.0,1.0,4.0,2.0,5.0,5.0,1.0,5.0,5.0,5.0,5.0,2.0,5.0,5.0,2.0,5.0,1.0,5.0,5.0,5.0,4.0,1.0,5.0,4.0,4.0,5.0,2.0,5.0,5.0,5.0,5.0,1.0,5.0,2.0,5.0,5.0,3.0,1.0,5.0,4.0,4.0,5.0,2.0,2.0,5.0,5.0,5.0,1.0,5.0,5.0,4.0,5.0,1.0,5.0,4.0,1.0,5.0,19.0,55.0,48.0,50.0,59.0,231.0,1.5833333333333333,4.583333333333333,4.0,4.166666666666667,4.916666666666667,0,0,0,0,0,19.0,55.0,48.0,50.0,59.0,0,231.0
30343,5.0,1.0,4.0,5.0,3.0,1.0,5.0,2.0,5.0,3.0,5.0,5.0,2.0,4.0,2.0,4.0,2.0,4.0,,4.0,3.0,2.0,3.0,2.0,3.0,4.0,1.0,2.0,1.0,1.0,4.0,2.0,3.0,5.0,3.0,5.0,3.0,3.0,5.0,3.0,3.0,5.0,3.0,4.0,3.0,1.0,5.0,3.0,3.0,5.0,4.0,4.0,2.0,5.0,4.0,4.0,5.0,1.0,4.0,3.0,4.0,50.0,30.0,39.0,43.0,35.0,197.0,4.166666666666667,2.5,3.25,3.909090909090909,2.9166666666666665,0,0,0,1,0,50.0,30.0,39.0,46.90909090909091,35.0,1,200.9090909090909
30344,3.0,2.0,2.0,2.0,5.0,1.0,4.0,4.0,4.0,5.0,3.0,2.0,4.0,4.0,5.0,3.0,2.0,4.0,1.0,5.0,2.0,3.0,2.0,2.0,5.0,1.0,1.0,4.0,3.0,2.0,4.0,1.0,5.0,3.0,5.0,2.0,3.0,5.0,4.0,4.0,3.0,1.0,4.0,4.0,3.0,5.0,2.0,4.0,5.0,4.0,5.0,1.0,2.0,5.0,2.0,5.0,2.0,1.0,5.0,2.0,5.0,25.0,29.0,49.0,35.0,56.0,194.0,2.0833333333333335,2.4166666666666665,4.083333333333333,2.9166666666666665,4.666666666666667,0,0,0,0,0,25.0,29.0,49.0,35.0,56.0,0,194.0
30345,5.0,1.0,1.0,4.0,3.0,1.0,3.0,2.0,2.0,5.0,5.0,4.0,5.0,5.0,5.0,5.0,4.0,2.0,5.0,4.0,1.0,1.0,5.0,1.0,5.0,5.0,1.0,5.0,,5.0,1.0,2.0,1.0,4.0,5.0,5.0,1.0,5.0,5.0,4.0,3.0,5.0,1.0,5.0,3.0,5.0,1.0,1.0,2.0,5.0,5.0,1.0,1.0,3.0,5.0,3.0,1.0,3.0,1.0,1.0,5.0,36.0,23.0,37.0,45.0,54.0,195.0,3.0,1.9166666666666667,3.0833333333333335,3.75,4.5,0,0,0,0,0,36.0,23.0,37.0,45.0,54.0,1,195.0
30346,5.0,2.0,1.0,5.0,4.0,5.0,3.0,1.0,5.0,3.0,5.0,5.0,4.0,5.0,1.0,5.0,4.0,3.0,5.0,4.0,2.0,1.0,3.0,1.0,5.0,5.0,2.0,2.0,1.0,3.0,4.0,3.0,4.0,4.0,5.0,3.0,4.0,5.0,5.0,4.0,3.0,5.0,3.0,3.0,3.0,2.0,3.0,4.0,4.0,5.0,4.0,3.0,3.0,4.0,2.0,4.0,4.0,2.0,2.0,1.0,5.0,49.0,36.0,36.0,43.0,44.0,208.0,4.083333333333333,3.0,3.0,3.5833333333333335,3.6666666666666665,0,0,0,0,0,49.0,36.0,36.0,43.0,44.0,0,208.0
30348,2.0,3.0,1.0,5.0,5.0,2.0,4.0,3.0,5.0,1.0,1.0,5.0,1.0,5.0,5.0,1.0,5.0,5.0,1.0,5.0,1.0,1.0,3.0,5.0,4.0,1.0,3.0,5.0,5.0,5.0,1.0,1.0,5.0,5.0,5.0,1.0,5.0,5.0,5.0,5.0,3.0,1.0,5.0,2.0,5.0,5.0,5.0,1.0,5.0,5.0,5.0,1.0,4.0,5.0,1.0,5.0,1.0,5.0,1.0,1.0,3.0,18.0,42.0,41.0,48.0,53.0,202.0,1.5,3.5,3.4166666666666665,4.0,4.416666666666667,0,0,0,0,0,18.0,42.0,41.0,48.0,53.0,0,202.0
30352,2.0,5.0,1.0,5.0,5.0,1.0,2.0,5.0,5.0,1.0,1.0,3.0,4.0,5.0,5.0,1.0,5.0,5.0,2.0,5.0,1.0,2.0,2.0,5.0,5.0,1.0,5.0,5.0,5.0,5.0,1.0,4.0,5.0,4.0,5.0,1.0,4.0,5.0,5.0,5.0,3.0,1.0,5.0,1.0,5.0,5.0,5.0,1.0,5.0,5.0,5.0,1.0,5.0,5.0,1.0,5.0,1.0,5.0,4.0,1.0,5.0,17.0,46.0,47.0,48.0,56.0,214.0,1.4166666666666667,3.8333333333333335,3.9166666666666665,4.0,4.666666666666667,0,0,0,0,0,17.0,46.0,47.0,48.0,56.0,0,214.0
