subID,r_squared,nrmse,aic,obj_center,slope,intercept,bias_xmin,bias_xmax,bias_lower,bias_upper,flipped
26000.0,0.9403277608609069,0.08987258273476104,-35.484797071396805,0.7095159664944038,0.7045648351930962,0.0001,0.0001,0.2953351648069038,0.0,0.0,False
26001.0,0.8232242436144134,0.14738398251547466,-35.44479548521816,0.5940013126173701,0.3868571512897481,0.27020634433847307,0.27020634433847307,0.3429365043717788,0.0,0.0,False
26002.0,0.7998444531749574,0.17434888091954034,-27.675491260791794,0.5505778727395213,0.6242142886258645,0.156321424834758,0.156321424834758,0.21946428653937755,0.0,0.0,False
26003.0,0.9153021772254528,0.11161915336009941,-26.69727666138463,0.4999,1.0,0.0001,0.0001,-9.999999999998899e-05,0.0,0.0,False
26004.0,0.9720398202961856,0.051893934785245045,-43.86603885788258,0.5266370765304673,0.5792142867589136,0.19496428133660598,0.19496428133660598,0.22582143190448045,0.0,0.0,False
26005.0,0.9367387574403182,0.08928696972905416,-38.11615792852019,0.4203007549217468,0.5700000093287363,0.2604285657737294,0.2604285657737294,0.1695714248975343,0.0,0.0,False
26006.0,0.8326859586587207,0.13320212089727565,-36.63667339176205,0.26390510304453096,0.36728572402303183,0.4030714231549166,0.4030714231549166,0.22964285282205155,0.0,0.0,False
26007.0,0.74177123403028,0.21911769702408013,-22.2474969138773,0.9028229335886054,0.5537076888520782,0.0001,0.0001,0.4461923111479218,0.0,0.0,False
26008.0,0.8349769944609613,0.13427235405065027,-34.830440911219014,0.5953511162513926,0.4213333414927296,0.24915872482837426,0.24915872482837426,0.3295079336788962,0.0,0.0,False
26009.0,0.9890384103110118,0.03588701954726522,-48.421759121902895,0.5192898782127994,0.6739285679918636,0.1500357160033789,0.1500357160033789,0.17603571600475743,0.0,0.0,False
26010.0,0.8428472017690825,0.1596410218988226,-26.24780832697264,0.549594149886375,0.8007857178373814,0.0598928541640138,0.0598928541640138,0.1393214279986048,0.0,0.0,False
26011.0,0.900574245870395,0.12382321169151735,-33.43726674648454,0.5130764007832621,0.6227142899462931,0.18049999339805123,0.18049999339805123,0.1967857166556557,0.0,0.0,False
26012.0,0.9606186486423057,0.07057673885063263,-41.484483345906355,0.6182315024924532,0.5751428559941779,0.14442856799091877,0.14442856799091877,0.28042857601490334,0.0,0.0,False
26013.0,0.1446321070234109,0.302900716520905,-38.37704322829442,1.298088333490077,0.05978571913726631,0.42239285547860017,0.42239285547860017,0.5178214253841336,0.0,0.0,False
26014.0,0.0,0.3035682664930763,-40.518923626034145,inf,0.0,0.3522857147490024,0.3522857147490024,0.6477142852509976,0.0,0.0,False
26015.0,0.9319905544660112,0.09914812076706218,-31.168466480124657,0.583176293027281,0.857202197649373,0.0001,0.0001,0.142697802350627,0.0,0.0,False
26016.0,0.8623416662349219,0.13751733027198337,-26.812856662553727,0.38158460350447404,0.8312142868876239,0.1828214259107319,0.1828214259107319,-0.014035712798355693,0.0,0.0,False
26017.0,0.9335927262837781,0.09837301587245133,-48.56262685493016,0.599810145692862,0.2633571494178934,0.34203570983839654,0.34203570983839654,0.39460714074371006,0.0,0.0,False
26018.0,0.9459232355011499,0.08208507694531471,-38.17489817403753,0.7350353109273008,0.6169285735904764,0.046535714090988056,0.046535714090988056,0.3365357123185355,0.0,0.0,False
26019.0,0.9474544398195346,0.08549629490268991,-42.144605005809815,0.8804091780460532,0.4717142936334201,0.08469840646962602,0.08469840646962602,0.4435872998969539,0.0,0.0,False
26020.0,0.915663666028452,0.0990857655702893,-37.466000465300034,0.593880977704706,0.5112857185569698,0.19635713757693365,0.19635713757693365,0.29235714386609657,0.0,0.0,False
26021.0,0.929387335882996,0.09954346827731839,-31.027439179776145,0.4424817790199093,0.8916428591434585,0.10546428143580404,0.10546428143580404,0.0028928594207374703,0.0,0.0,False
26022.0,0.9273183614633949,0.08909405154547058,-40.4231940959355,0.39812162088481834,0.4487142821761213,0.32135714266587484,0.32135714266587484,0.2299285751580038,0.0,0.0,False
26025.0,0.9597604127275667,0.070240727382877,-49.39864973945609,0.7802829318644245,0.32314286547039334,0.24785713751969016,0.24785713751969016,0.42899999700991653,0.0,0.0,False
26026.0,0.9707545338198992,0.0631163486696431,-52.75263486021396,0.7538095336919447,0.3000000030721264,0.27385713757661845,0.27385713757661845,0.4261428593512552,0.0,0.0,False
26027.0,0.8129229061537444,0.15039702905343016,-44.84636289730346,0.5127197979727774,0.19092857783635594,0.4021071381445139,0.4021071381445139,0.4069642840191302,0.0,0.0,False
26028.0,0.9341703234406005,0.10077559151322069,-32.49567411524274,0.6671256810687489,0.749334067306703,0.0001,0.0001,0.25056593269329697,0.0,0.0,False
26029.0,0.9793765816741428,0.046317715809648274,-47.20389118951954,0.6588321887955878,0.533357153371465,0.14860713923449365,0.14860713923449365,0.3180357073940413,0.0,0.0,False
26030.0,0.9831469374288812,0.044546692038986674,-42.92822214006623,0.6109330509484325,0.8022857183254078,0.009857138371103857,0.009857138371103857,0.18785714330348835,0.0,0.0,False
26031.0,0.973342111061962,0.0523911757365134,-41.9242393924327,0.6801443263119018,0.6819047627651422,0.036206344520225066,0.036206344520225066,0.2818888927146327,0.0,0.0,False
26032.0,0.96102865884318,0.07337729655795659,-36.78544113268332,0.5773509970776719,0.8089285745724236,0.03296428090599138,0.03296428090599138,0.15810714452158503,0.0,0.0,False
26034.0,0.9165311955402036,0.11221689432437909,-31.43710066928515,0.5046961123207758,0.790928571062523,0.10082142506131814,0.10082142506131814,0.1082500038761589,0.0,0.0,False
26035.0,0.8150017815129433,0.1347303484171239,-48.1478914644722,0.41658827849219743,0.15185714858576807,0.43673809189392104,0.43673809189392104,0.41140475952031086,0.0,0.0,False
26037.0,0.8072650944120777,0.129463675527114,-32.12697713519764,0.6903737922755742,0.465000002616929,0.17897618478519886,0.17897618478519886,0.3560238125978722,0.0,0.0,False
26038.0,0.8358129248679826,0.13554579616744597,-35.34527006506348,0.7247939580242301,0.4073571537613364,0.20474999619583611,0.20474999619583611,0.3878928500428275,0.0,0.0,False
26039.0,0.9724591041444747,0.0595951820631832,-41.86241618825096,0.49846819549322485,0.6735476226696255,0.16425793194912025,0.16425793194912025,0.16219444538125427,0.0,0.0,False
26040.0,0.9522759146549025,0.07532002766799029,-35.43353435824643,0.4486631049886321,0.8014285707845377,0.14042856900520762,0.14042856900520762,0.05814286021025472,0.0,0.0,False
26042.0,0.9008453367173991,0.11514762583245039,-28.988750889852525,0.5226723381605672,0.8569285694852103,0.05210714095057498,0.05210714095057498,0.09096428956421465,0.0,0.0,False
26043.0,0.8666075921279496,0.14349262910607816,-23.898708664451558,0.5160893250151499,0.9686307694609364,0.0001,0.0001,0.03126923053906361,0.0,0.0,False
26044.0,0.41859874605977065,0.2679635632326521,-35.74091236943146,1.331015164525862,0.14892857707482363,0.3017738054821511,0.3017738054821511,0.5492976174430253,0.0,0.0,False
26045.0,0.9540757511551462,0.07558828440933615,-32.90196653728257,0.5258613713874605,0.9506307692482476,0.0001,0.0001,0.04926923075175238,0.0,0.0,False
26046.0,0.872748731818819,0.13751739533936844,-31.596696042890073,0.6495607960264407,0.6180000040502129,0.09857142542480013,0.09857142542480013,0.28342857052498693,0.0,0.0,False
26047.0,0.9575174231196563,0.07405569806468004,-40.11566883719709,0.5564733470770984,0.6096428647465592,0.16074999453281144,0.16074999453281144,0.22960714072062938,0.0,0.0,False
26048.0,0.9388813532274795,0.0868117113883718,-40.43354870527443,0.8394309000369505,0.492000004210005,0.08699999364781201,0.08699999364781201,0.421000002142183,0.0,0.0,False
26049.0,0.955504927140172,0.08293537773316399,-33.99723044854182,0.5967162236410687,0.8377516484296149,0.0001,0.0001,0.1621483515703851,0.0,0.0,False
26050.0,0.6492515972517953,0.18916114082374405,-24.54771459784417,0.21468699319255363,0.5311904839821896,0.3859603121813664,0.3859603121813664,0.08284920383644401,0.0,0.0,False
26051.0,0.928807395855202,0.10050267495095183,-30.01944172837814,0.4061096169577354,0.9540000007581956,0.11257142511440993,0.11257142511440993,-0.06657142587260556,0.0,0.0,False
26052.0,0.9714906200905646,0.054010621214935,-42.74104152326986,0.535862075154445,0.6214285735309345,0.16699999502744683,0.16699999502744683,0.2115714314416186,0.0,0.0,False
26053.0,0.7220621855098872,0.1730593782189102,-27.048423545383454,0.30865789876621347,0.5263571428393147,0.33753571029062945,0.33753571029062945,0.13610714687005587,0.0,0.0,False
26054.0,0.7865217705959229,0.18187190539679088,-20.999277962779995,0.6292016264817821,0.7944988998124818,0.0001,0.0001,0.20540110018751823,0.0,0.0,False
26055.0,0.8691771632548846,0.11818782506752722,-33.840266203354666,0.5433437533337981,0.5181904770785035,0.21844444124233442,0.21844444124233442,0.26336508167916206,0.0,0.0,False
26056.0,0.8785381890292584,0.10289619792520643,-37.512572695196184,0.5920487710230928,0.41592858027682306,0.2537499952137271,0.2537499952137271,0.3303214245094499,0.0,0.0,False
26057.0,0.9895698896674362,0.03243590969494451,-55.20910152140496,0.5725075502743445,0.42557143868762426,0.2563571381702198,0.2563571381702198,0.318071423142156,0.0,0.0,False
26058.0,0.6917379953040113,0.1853299787816003,-36.04043926046001,0.5782681175025726,0.2573571475009772,0.351178566788778,0.351178566788778,0.39146428571024483,0.0,0.0,False
26059.0,0.7881689899522788,0.16472225199870133,-27.460532118498307,0.6357779608704871,0.6116428530411426,0.1111309541124953,0.1111309541124953,0.2772261928463621,0.0,0.0,False
26060.0,0.07984685944125436,0.30244620664987215,-38.84254812101949,-5.1448269050571,0.04142857636395709,,0.28685714568450094,0.7545714306794562,1.0,1.0,True
26061.0,0.9460959539916801,0.07574837276631503,-37.48289512632821,0.40165017068939274,0.6492857139574595,0.23921428216280213,0.23921428216280213,0.11150000387973835,0.0,0.0,False
26064.0,0.9556985457497276,0.07654932163473026,-35.20688570932837,0.48191360039409226,0.8469047659477221,0.09186507505121723,0.09186507505121723,0.06123015900106066,0.0,0.0,False
26065.0,0.9362013332196673,0.08557650454137757,-41.627076661705885,0.5332147109663992,0.4415714378267178,0.26454761340820937,0.26454761340820937,0.29388094876507287,0.0,0.0,False
26066.0,0.9370674058207072,0.0828830682549838,-32.83031288190646,0.42977145682603646,0.8337857047877827,0.14166270297263103,0.14166270297263103,0.02455159223958625,0.0,0.0,False
26067.0,0.7954206255509779,0.14071891866428599,-40.978560634726286,0.40699069976621177,0.23807143692816823,0.40310713929025727,0.40310713929025727,0.35882142378157456,0.0,0.0,False
26068.0,0.8762534896143027,0.11306402053784725,-39.48598988994372,0.643884892128141,0.3574285799463956,0.26985713735770045,0.26985713735770045,0.372714282695904,0.0,0.0,False
26069.0,0.92261049914251,0.08748887354277426,-43.989156174258284,0.5896537031089352,0.33621429681333626,0.30174999484584963,0.30174999484584963,0.3620357083408141,0.0,0.0,False
26071.0,0.9166136440699061,0.10155372091354718,-31.917831263646974,0.6528880630012066,0.7646428552756728,0.0007738073313540567,0.0007738073313540567,0.2345833373929732,0.0,0.0,False
26072.0,0.8499363462762572,0.1319901676630969,-39.16841683848609,0.4384010542192504,0.3270000025615618,0.3566428541473137,0.3566428541473137,0.3163571432911245,0.0,0.0,False
26073.0,0.9635615693808933,0.06635148227606152,-41.65358823908505,0.6639502662215068,0.5916428541703458,0.10717856946554682,0.10717856946554682,0.3011785763641074,0.0,0.0,False
26074.0,0.9108749427525322,0.09883397623919242,-33.94453311069907,0.5723323282310503,0.6379285780575386,0.13489285167520565,0.13489285167520565,0.22717857026725574,0.0,0.0,False
26075.0,0.8876873231898446,0.10788661630991661,-49.49713253161167,2.1287702386341785,0.1847142937725106,0.10678570876674885,0.10678570876674885,0.7084999974607405,0.0,0.0,False
26076.0,0.9280325719283892,0.09614021597161201,-39.96637372831714,0.9182886444462224,0.4660714267001774,0.07201190136037713,0.07201190136037713,0.4619166719394454,0.0,0.0,False
26077.0,0.9579060722835355,0.06565504489683578,-35.93235703994195,0.4992504656521164,0.8259047678553062,0.08766666006393528,0.08766666006393528,0.08642857208075849,0.0,0.0,False
26079.0,0.3750000000000002,0.2766416675862441,-18.983900422040406,-0.3888888673736326,0.4500000099708623,0.674999994195692,0.674999994195692,-0.1250000041665542,0.0,0.0,False
26080.0,0.9036887952001991,0.1061825319103254,-35.513798266735336,0.40059549996130983,0.5464285703904093,0.2811031736513102,0.2811031736513102,0.17246825595828053,0.0,0.0,False
26081.0,0.8239066143810216,0.1402894293568295,-34.521076970429554,0.566908085696851,0.41421429489434847,0.265178567013174,0.265178567013174,0.32060713809247754,0.0,0.0,False
26082.0,0.9029458971617093,0.12111143935518355,-39.818900880663136,0.7713801112299039,0.4000714367337836,0.19139285063238654,0.19139285063238654,0.4085357126338298,0.0,0.0,False
26083.0,0.8105547048729992,0.15615983956323526,-44.31994277103422,0.9095860458056615,0.19671429303107388,0.3210714240484093,0.3210714240484093,0.4822142829205168,0.0,0.0,False
26084.0,0.8775556169654859,0.12249226013062899,-29.782689539661007,0.5147662592519417,0.7191428611726316,0.12980951948642597,0.12980951948642597,0.15104761934094246,0.0,0.0,False
26085.0,0.7914527129949864,0.21233152538400774,-27.39855050288994,0.8242090523723481,0.6065208803047253,0.0001,0.0001,0.3933791196952747,0.0,0.0,False
26086.0,0.9730489525990801,0.06010217191746558,-41.138786318434335,0.6105467622396139,0.7172142780359473,0.0621071447131302,0.0621071447131302,0.22067857725092255,0.0,0.0,False
26087.0,0.918814363898065,0.09300844747306944,-41.03397004104018,0.5307203418007786,0.404571436594052,0.28528570888797267,0.28528570888797267,0.3101428545179754,0.0,0.0,False
26088.0,0.9336398267469966,0.08314105551026894,-35.714837761635906,0.6022308922830777,0.6595714288449307,0.10278570988229292,0.10278570988229292,0.23764286127277634,0.0,0.0,False
26089.0,0.9304073476808534,0.10575880798385805,-34.674052752807604,0.7538170658634928,0.6631582417510906,0.0001,0.0001,0.3367417582489094,0.0,0.0,False
26090.0,0.9169385129126157,0.09659320807342416,-40.40740632882636,0.7232478585957067,0.417857152949425,0.19778570893042965,0.19778570893042965,0.3843571381201454,0.0,0.0,False
26091.0,0.9581106515877391,0.06814757367344358,-41.598129808651315,0.7689423393017677,0.5524285742418781,0.07521427982531001,0.07521427982531001,0.3723571459328119,0.0,0.0,False
26092.0,0.8630735622443596,0.13772113568149108,-29.195853393918526,0.5735324031857881,0.7032857158983983,0.0966428532345542,0.0966428532345542,0.20007143086704748,0.0,0.0,False
26093.0,0.7382902973086048,0.1844090866832264,-33.16552122864302,0.35226000209887326,0.3543333428601934,0.3751825359003675,0.3751825359003675,0.2704841212394391,0.0,0.0,False
26094.0,0.947277553138887,0.07787083891749949,-32.66380954106847,0.49494793952539246,0.9268571395193503,0.041253968560498344,0.041253968560498344,0.03188889192015132,0.0,0.0,False
26095.0,0.6716470790376938,0.21003061617389077,-31.995447305052792,0.6171517795042702,0.32802381065022135,0.2975595215374441,0.2975595215374441,0.3744166678123346,0.0,0.0,False
26096.0,0.11866761741118415,0.308373403713186,-32.86424988413096,2.7604855406357687,0.07909524217631123,0.28165872763920846,0.28165872763920846,0.6392460301844803,0.0,0.0,False
26097.0,0.9591510967270531,0.07245538620916839,-42.5634906999384,0.567268259564882,0.5224285718559833,0.20364285329628942,0.20364285329628942,0.27392857484772726,0.0,0.0,False
26098.0,0.9236962938621639,0.09484721189762625,-32.4732509540492,0.43257386733422937,0.7712142872322396,0.1663928532285389,0.1663928532285389,0.06239285953922147,0.0,0.0,False
26099.0,0.9368039950169826,0.08380556977608306,-41.52024675092742,0.6865516725121483,0.44721429329168205,0.19296427896925725,0.19296427896925725,0.3598214277390607,0.0,0.0,False
26100.0,0.9566698021330268,0.07377550381524099,-36.410194046612595,0.46347778788962807,0.7862142821831116,0.1356071436865396,0.1356071436865396,0.07817857413034879,0.0,0.0,False
26101.0,0.9809359943773106,0.048218555668367406,-49.815189066598094,0.6792248050571158,0.4607142946620345,0.18707142302115298,0.18707142302115298,0.3522142823168125,0.0,0.0,False
26102.0,0.8578935633156126,0.13540255244204283,-41.08396186281462,0.6517062945809122,0.29442857587015847,0.30811904380092403,0.30811904380092403,0.3974523803289175,0.0,0.0,False
26103.0,0.9294125778322481,0.0817201062168914,-45.759882672724956,0.44585914495474593,0.3113571505967644,0.36117856705938056,0.36117856705938056,0.32746428234385505,0.0,0.0,False
26104.0,0.9144589395469129,0.09266230559058236,-37.34576835034294,0.5709101130853503,0.5117142844563379,0.20785713999364297,0.20785713999364297,0.2804285755500191,0.0,0.0,False
26106.0,0.9589691971872605,0.0747067667660139,-41.93889599513205,0.8147808409063513,0.545000004440013,0.055944438088401036,0.055944438088401036,0.39905555747158605,0.0,0.0,False
26107.0,0.7993909680352488,0.14781475083556317,-34.91014456666923,0.6379442834265575,0.37178572291897666,0.26282142340422876,0.26282142340422876,0.3653928536767945,0.0,0.0,False
26108.0,0.9176693199844839,0.09638284294315307,-33.60612357682944,0.5301412913137674,0.6825000031774573,0.13817856699385245,0.13817856699385245,0.17932142982869026,0.0,0.0,False
26109.0,0.9745495784123158,0.05206960650318696,-43.62045360152815,0.6681099227082214,0.6186428630130663,0.08667856460834751,0.08667856460834751,0.2946785723785862,0.0,0.0,False
26110.0,0.9558213991898931,0.07405404271677397,-42.11753052530663,0.6399006710518552,0.5177142860736138,0.16871428092836238,0.16871428092836238,0.3135714329980238,0.0,0.0,False
26111.0,0.9313349726516398,0.08709393135312714,-46.2106075552084,0.7703081260181737,0.3060000059540972,0.2642857088519494,0.2642857088519494,0.4297142851939534,0.0,0.0,False
26112.0,0.9280950343063736,0.0837528483048819,-38.49015374670241,0.6414392126658626,0.5181428636570238,0.16764284948740324,0.16764284948740324,0.31421428685557296,0.0,0.0,False
26113.0,0.9034047775045684,0.09389218342043917,-38.63407147297643,0.37430233844332944,0.43654762760531846,0.33659920214544153,0.33659920214544153,0.22685317024924,0.0,0.0,False
26114.0,0.5942842135918287,0.22941976573249664,-34.684605352042816,0.6633925692022107,0.22907143534065227,0.3480357119785266,0.3480357119785266,0.4228928526808211,0.0,0.0,False
26115.0,0.9060998571312687,0.09951523925073093,-31.591050670597802,0.5211848965253155,0.733339280405698,0.11779464302380696,0.11779464302380696,0.1488660765704951,0.0,0.0,False
26116.0,0.912909892541754,0.10659985651710127,-32.781935460010466,0.5252340303687378,0.7019999984440983,0.13128571149835852,0.13128571149835852,0.16671429005754312,0.0,0.0,False
26117.0,0.9726923419353561,0.056861051705898585,-40.68087026680557,0.5031052929165312,0.736071432731603,0.12967856622807605,0.12967856622807605,0.13425000104032092,0.0,0.0,False
26118.0,0.6104091168713974,0.21047140145183948,-28.835251035261876,1.1191957406970479,0.35978571558384936,0.09732935955491634,0.09732935955491634,0.5428849248612343,0.0,0.0,False
26119.0,0.7552019381111811,0.1742579515568335,-33.78791109607057,0.4770254048838477,0.35442857360137203,0.3309285661754009,0.3309285661754009,0.31464286022322707,0.0,0.0,False
26120.0,0.8719394122322323,0.11779068841484748,-31.761061007909454,0.4941314579914974,0.6085714368993433,0.19928570859294692,0.19928570859294692,0.19214285450770974,0.0,0.0,False
26123.0,0.8546757996732994,0.12080490050100658,-46.78788623821789,1.5841850146247638,0.19335714957551,0.19368650117191805,0.19368650117191805,0.6129563492525719,0.0,0.0,False
26124.0,0.9077808004060713,0.10598580652445694,-43.15732267680897,0.8000660855937423,0.32421429466807433,0.24060713837137765,0.24060713837137765,0.435178566960548,0.0,0.0,False
26125.0,0.7959192085424651,0.15719382138682156,-32.44442044432361,0.4019703650904956,0.4386428662621463,0.3236785669042636,0.3236785669042636,0.23767856683359012,0.0,0.0,False
26126.0,0.884382928838736,0.10980624574532627,-38.5160393347838,0.6266594925994977,0.39814286530248694,0.2504999940474334,0.2504999940474334,0.3513571406500797,0.0,0.0,False
26127.0,0.9639672965280871,0.07183033574387568,-34.83404759468547,0.49660767095918046,0.9685714284629101,0.018999998753427713,0.018999998753427713,0.012428572783662162,0.0,0.0,False
26128.0,0.7768625572379894,0.17228594394841668,-28.355620759524726,0.6379492831267096,0.5550119121827823,0.14593054849620965,0.14593054849620965,0.299057539321008,0.0,0.0,False
26129.0,0.5226952225389834,0.21693481125703465,-30.082982927675225,0.30737279890810715,0.275142862398068,0.41542856828511765,0.41542856828511765,0.3094285693168144,0.0,0.0,False
26130.0,0.954009335727328,0.08276527924226744,-32.297415797276685,0.5404427043337336,0.9249824190267952,0.0001,0.0001,0.07491758097320478,0.0,0.0,False
26131.0,0.9128902016995125,0.10612976104063356,-33.15702286211298,0.6214591868843684,0.6833571468384386,0.07532142317416202,0.07532142317416202,0.24132142998739936,0.0,0.0,False
26132.0,0.7978573621798573,0.1521824284648711,-29.962195009262864,0.7315212358430367,0.5268809588703571,0.11457538982499214,0.11457538982499214,0.3585436513046507,0.0,0.0,False
26133.0,0.9224909050656858,0.09274300571033922,-39.450307078285775,0.6082410865533989,0.46457143795215755,0.21742856379830472,0.21742856379830472,0.31799999824953773,0.0,0.0,False
26134.0,0.9461233056632203,0.08288445089126494,-34.89185820136497,0.586280961795645,0.7815000097345736,0.04182142264950829,0.04182142264950829,0.17667856761591816,0.0,0.0,False
26135.0,0.9610520590491083,0.06843440107898822,-50.44867885275839,0.8227922169222591,0.3049285794917508,0.24910713807702706,0.24910713807702706,0.4459642824312222,0.0,0.0,False
26136.0,0.7637593376471479,0.19546826037848092,-37.498288154093416,0.802283796952171,0.27835714996648175,0.27667856881610614,0.27667856881610614,0.44496428121741216,0.0,0.0,False
26137.0,0.7817688996196149,0.14812934831801092,-41.222464453209305,0.8288803986805753,0.22457143616460135,0.3138571384596159,0.3138571384596159,0.4615714253757828,0.0,0.0,False
26139.0,0.8804382115483581,0.11941004229399414,-31.338493641583568,0.3915900173099524,0.652285712532766,0.24457142653825953,0.24457142653825953,0.1031428609289744,0.0,0.0,False
26140.0,0.9184606428143911,0.09162066148977546,-35.66571624279719,0.33712578536405685,0.5922380945648813,0.3003412672473018,0.3003412672473018,0.10742063818781689,0.0,0.0,False
26141.0,0.9680586771552416,0.058789352156565396,-44.535028975838436,0.8499584425204358,0.5155714322097706,0.06178570847095288,0.06178570847095288,0.4226428593192765,0.0,0.0,False
26142.0,0.9568520776662602,0.07043550275706811,-38.21648845478537,0.5808580889709604,0.6925714310885901,0.09771428206199842,0.09771428206199842,0.2097142868494115,0.0,0.0,False
26143.0,0.9055243622690091,0.11069213945663595,-41.47160106892819,0.4509105404718855,0.3608571486764491,0.3372857080571588,0.3372857080571588,0.3018571432663921,0.0,0.0,False
26144.0,0.7934537031705642,0.14418019305274188,-38.09402753993458,0.6856491844780034,0.29078571535367437,0.30062301140990033,0.30062301140990033,0.4085912732364253,0.0,0.0,False
26145.0,0.8880697042248651,0.11485403191908886,-32.69929341882751,0.3600162828434046,0.6143571431010806,0.2788214250024554,0.2788214250024554,0.10682143189646398,0.0,0.0,False
26146.0,0.7998807370147584,0.15410858495369964,-32.78150473853231,0.3655462226341118,0.4335000084538972,0.34153570939782235,0.34153570939782235,0.22496428214828046,0.0,0.0,False
26147.0,0.8426884713720132,0.14187055559936665,-30.53806639416721,0.6018552265082502,0.5890714264026649,0.14546428323288613,0.14546428323288613,0.2654642903644491,0.0,0.0,False
26148.0,0.8976587337209754,0.10404694303978912,-33.18337972169811,0.5934065966928166,0.6240000071059972,0.12971427944693678,0.12971427944693678,0.24628571344706596,0.0,0.0,False
26149.0,0.856300005369704,0.1342307309217596,-36.528978235710035,0.695061737348254,0.4049999939248785,0.2185000005965416,0.2185000005965416,0.37650000547857987,0.0,0.0,False
26150.0,0.9024993486224444,0.11682705606717453,-30.81433142001997,0.4561576863885934,0.7592142874667688,0.15367856715599432,0.15367856715599432,0.08710714537723696,0.0,0.0,False
26151.0,0.4999695617463611,0.2059053360503502,-32.527597100764496,0.9717639230249723,0.22078570938041703,0.2854484129046345,0.2854484129046345,0.4937658777149485,0.0,0.0,False
26153.0,0.9526602350992962,0.07582225546225656,-40.05463155801416,0.6229629699674551,0.5785714308025897,0.13957142312889884,0.13957142312889884,0.28185714606851153,0.0,0.0,False
26154.0,0.9810499230715687,0.05014896368295565,-44.59110522109965,0.5915283153456686,0.6711428540605877,0.10299999818125657,0.10299999818125657,0.22585714775815569,0.0,0.0,False
26155.0,0.6871088314127651,0.2088260255170819,-32.30866512057925,0.8348377331480473,0.33235715156089307,0.22253570899536199,0.22253570899536199,0.4451071394437449,0.0,0.0,False
26156.0,0.8709864785926217,0.12591666570766674,-36.25135828952976,0.41975308876019934,0.43971429333445833,0.31542856720085277,0.31542856720085277,0.2448571394646889,0.0,0.0,False
26157.0,0.8246053958052032,0.14485585045133403,-34.76647203575106,0.5591736694322339,0.408000008280012,0.2718571382416839,0.2718571382416839,0.3201428534783042,0.0,0.0,False
26158.0,0.6264048952795516,0.23388956054217622,-35.74880839508776,0.4893081821259314,0.2271428620689599,0.38885713907815606,0.38885713907815606,0.38399999885288405,0.0,0.0,False
26159.0,0.9439606938195398,0.08292176358895255,-38.03291965527106,0.5212567215517959,0.6115714304491205,0.18121428116934926,0.18121428116934926,0.20721428838153022,0.0,0.0,False
26160.0,0.9782575392830566,0.05027343403313428,-51.41007525330793,0.4665551875337819,0.3844285791589494,0.32064285215715105,0.32064285215715105,0.2949285686838996,0.0,0.0,False
26162.0,0.4366098774695161,0.23454054909546185,-37.73486295634583,0.5934612605564117,0.134000004343822,0.42047618850755075,0.42047618850755075,0.44552380714862727,0.0,0.0,False
26163.0,0.5557648051962014,0.21668791159425171,-30.99322721937385,1.0033696107497398,0.27557143665806744,0.2234999948666483,0.2234999948666483,0.5009285684752842,0.0,0.0,False
26164.0,0.933806429586971,0.09310085255528856,-31.795110037985957,0.4265980093843381,0.8738571423297867,0.12721428259582673,0.12721428259582673,-0.0010714249256134067,0.0,0.0,False
26165.0,0.3891541510552263,0.23267530510742584,-33.50447764350754,-1.4860929064619217,0.1643571515261623,,0.25575000299068296,0.9086071485354793,1.0,1.0,True
26166.0,0.818391356906486,0.14292503794920539,-39.231988415155584,0.7076260727162172,0.2903571536704031,0.29453570766315346,0.29453570766315346,0.41510713866644344,0.0,0.0,False
26168.0,0.8828138728772102,0.12557988009695809,-31.76248528143566,0.37010379003931454,0.6400714295421832,0.2631071380305559,0.2631071380305559,0.09682143242726093,0.0,0.0,False
26169.0,0.7542010424375675,0.18110109664699733,-41.9723088209035,1.2082426668844146,0.19700000646317073,0.2619761868146917,0.2619761868146917,0.5410238067221376,0.0,0.0,False
26170.0,0.8194187493750886,0.14542178929424,-28.726259958300318,0.44484958771203253,0.6170714287845902,0.22549602931630022,0.22549602931630022,0.1574325418991096,0.0,0.0,False
26171.0,0.8474829508569741,0.11776662117228547,-41.768146974958725,0.4343246658907539,0.26900000447801686,0.383166662930474,0.383166662930474,0.34783333259150906,0.0,0.0,False
26172.0,0.9099417185334,0.09558991218378808,-42.69497532418585,0.310879691433736,0.3395000030224512,0.39445634381862793,0.39445634381862793,0.26604365315892087,0.0,0.0,False
26173.0,0.8684769600461334,0.13415381393151762,-24.15078384768757,0.4691428555478316,1.0,0.030857144452168396,0.030857144452168396,-0.03085714445216836,0.0,0.0,False
26175.0,0.7564784376441123,0.15737033212308427,-38.37532521488268,0.6856187293179066,0.2562857196887647,0.324285710524664,0.324285710524664,0.4194285697865714,0.0,0.0,False
26177.0,0.9801737051409835,0.04874439502148854,-41.367918779425864,0.5192058173468695,0.825642858535383,0.07132142479753065,0.07132142479753065,0.10303571666708633,0.0,0.0,False
26178.0,0.708925572035241,0.20955742242738418,-31.912112815206854,0.3649738878928747,0.3600714257689927,0.3685833318179601,0.3685833318179601,0.27134524241304714,0.0,0.0,False
26179.0,0.8914577549479931,0.10757952972556589,-35.65963918139328,0.9681632041390095,0.5059285799260234,0.010178564993322273,0.010178564993322273,0.4838928550806544,0.0,0.0,False
26180.0,0.6806843668240479,0.1695545006342468,-26.075141067493544,0.9596823080742346,0.5111190507754486,0.009488089651105605,0.009488089651105605,0.4793928595734458,0.0,0.0,False
26181.0,0.9379481832667755,0.08222199167616495,-36.17154617634814,0.6403281568280985,0.6617142865667257,0.07628571053590831,0.07628571053590831,0.262000002897366,0.0,0.0,False
26182.0,0.3955206623377683,0.27031132259182683,-24.08095455906172,0.7219143480692245,0.3265238055341597,0.26427777979872485,0.26427777979872485,0.4091984146671155,0.0,0.0,False
26183.0,0.9509174991664711,0.0758443529677644,-42.52917501264402,0.6864864961429443,0.4757142805770991,0.17342857036146572,0.17342857036146572,0.35085714906143517,0.0,0.0,False
26184.0,0.9166602400219734,0.08760749584525762,-41.02084734782281,0.5815888347941754,0.39921429449161583,0.26782142363344236,0.26782142363344236,0.33296428187494187,0.0,0.0,False
26185.0,0.6120911361658055,0.24141424606365164,-33.668981943042674,0.6581447292861143,0.255642864389151,0.33174999622267537,0.33174999622267537,0.4126071393881736,0.0,0.0,False
26187.0,0.9656606691302237,0.06392754264898746,-37.227256859580855,0.4919781558132227,0.8370000049840615,0.08821428113228325,0.08821428113228325,0.07478571388365529,0.0,0.0,False
26188.0,0.8172364487325734,0.13542947213079184,-24.82345763615024,0.31024932607159394,0.8095000018757431,0.24885316996309664,0.24885316996309664,-0.0583531718388397,0.0,0.0,False
26189.0,0.9054908696597173,0.10203429778747637,-43.862645953526616,0.3827305497849698,0.30414286527483875,0.38359523396018497,0.38359523396018497,0.3122619007649763,0.0,0.0,False
26190.0,0.6325326097919024,0.19844048798602787,-26.195677751018504,0.6336470626627496,0.4553571498867664,0.21146427951176905,0.21146427951176905,0.3331785706014645,0.0,0.0,False
26192.0,0.7758899822388332,0.1522933651915684,-26.17095907313825,0.4677597491469521,0.6469285709542694,0.19739285393443476,0.19739285393443476,0.1556785751112959,0.0,0.0,False
26193.0,0.9428736991430426,0.0830051870812384,-30.885993620854414,0.48040922228019844,0.9621032963552325,,0.9622032963552325,0.9999,1.0,1.0,True
26194.0,0.4715842106351731,0.22635647283568772,-32.79491739178079,0.69057591089088,0.20464286346530888,0.35867856815512633,0.35867856815512633,0.43667856837956476,0.0,0.0,False
26195.0,-2.220446049250313e-16,0.309203672503666,-30.304180148877897,-inf,0.0,,0.37944444416716805,0.620555555832832,1.0,1.0,True
26196.0,0.9140235481819584,0.1067775057168422,-44.84280048803099,0.7553802145038166,0.2987142859556622,0.2743571385994575,0.2743571385994575,0.4269285754448804,0.0,0.0,False
26197.0,0.7761296198664953,0.14400509057661517,-28.797874093172794,0.3122874000006523,0.5366190559376884,0.3324206302304147,0.3324206302304147,0.13096031383189688,0.0,0.0,False
26198.0,0.28217192505401234,0.28097244616073075,-39.169052485987564,1.0964621175800982,0.08614285948751677,,0.5944523821280875,0.4916904773594293,1.0,1.0,True
26199.0,0.9133929640736139,0.08679821194380893,-41.491123182711945,0.41723356667142897,0.37800000055554894,0.3422857115664062,0.3422857115664062,0.27971428787804486,0.0,0.0,False
26200.0,0.9047504987457688,0.10254516489386034,-31.07851252473199,0.43128904467900836,0.7547142880783846,0.1744999956890756,0.1744999956890756,0.07078571623253982,0.0,0.0,False
26201.0,0.920532725920416,0.1026278249063428,-42.02146635017122,0.5850187254711778,0.3814285805159119,0.2768571379683007,0.2768571379683007,0.3417142815157874,0.0,0.0,False
26202.0,0.9252730525129765,0.09274648876482713,-41.670703697014005,0.7699169731272407,0.4043571515157341,0.18867856584265297,0.18867856584265297,0.4069642826416129,0.0,0.0,False
26204.0,0.5049211285333733,0.223997468308186,-25.913453637582766,0.5551228318374835,0.3576428650080978,0.30146427999023395,0.30146427999023395,0.3408928550016683,0.0,0.0,False
26205.0,0.6886057039032836,0.1740182748522394,-28.901049292024737,0.5970450020493872,0.4254285758852515,0.24599999503872214,0.24599999503872214,0.3285714290760263,0.0,0.0,False
26206.0,0.9592012776188715,0.06991318777369271,-40.16716224286923,0.6828439912629441,0.6203571424987984,0.07639285280764554,0.07639285280764554,0.3032500046935561,0.0,0.0,False
26207.0,0.9621400709136756,0.06800644303294213,-42.41717174964902,0.693783333920377,0.5492142860341261,0.11896428159854439,0.11896428159854439,0.3318214323673294,0.0,0.0,False
26208.0,0.833298984108463,0.14498991695536137,-29.30518662552126,0.4657471276314337,0.6214285646229629,0.21057143099873019,0.21057143099873019,0.16800000437830687,0.0,0.0,False
26209.0,0.9673741440403469,0.06721988532979908,-40.63325368597052,0.6654300101496667,0.6738571412645082,0.05159523564893286,0.05159523564893286,0.2745476230865589,0.0,0.0,False
26210.0,0.9524338470310121,0.06968803139119543,-35.833479960899155,0.5496200718091631,0.7802142797638465,0.07117857152966027,0.07117857152966027,0.14860714870649328,0.0,0.0,False
26211.0,0.6682503972951228,0.17059148093021648,-31.56943556603545,0.5532141395221132,0.3355714342696463,0.3143571377423163,0.3143571377423163,0.3500714279880375,0.0,0.0,False
26212.0,0.8832353420238224,0.12134620042583143,-40.185073991614765,0.8186991834727165,0.3514285797607642,0.2122857087008859,0.2122857087008859,0.43628571153834994,0.0,0.0,False
26213.0,0.9528094495811844,0.0664135613424553,-40.72636365882835,0.6975574779996122,0.5523809553053146,0.11468253392220822,0.11468253392220822,0.3329365107724772,0.0,0.0,False
26215.0,0.9331379264218114,0.08380731259886746,-35.40590848702288,0.515103174140679,0.6715714332235507,0.15407142308434402,0.15407142308434402,0.1743571436921052,0.0,0.0,False
26216.0,0.8999364261464862,0.11421354869825859,-30.18091700804294,0.5361247996695043,0.7830000009086856,0.08021428137160924,0.08021428137160924,0.13678571771970516,0.0,0.0,False
26217.0,0.9473559068260832,0.07291187984097255,-36.78024654291352,0.46197561878716853,0.6912857164864018,0.18064285336746339,0.18064285336746339,0.12807143014613476,0.0,0.0,False
26218.0,0.9428258087037468,0.08217091924057261,-39.482926261072265,0.6866980959697297,0.5455714252157569,0.125357141088848,0.125357141088848,0.32907143369539515,0.0,0.0,False
26219.0,0.9515600670314656,0.07854625973787968,-47.612843911073746,0.8313501588518516,0.33316072263204277,0.2230267803166536,0.2230267803166536,0.44381249705130366,0.0,0.0,False
26220.0,0.9091253925112804,0.11122014143380417,-35.55668696534531,0.6033650868007033,0.5624999937551539,0.1606071424425265,0.1606071424425265,0.2768928638023196,0.0,0.0,False
26221.0,0.8882713784152028,0.10915735485966631,-28.237852213231506,0.5086141409892199,0.8457857119837894,0.06982142663840932,0.06982142663840932,0.08439286137780133,0.0,0.0,False
26222.0,0.9581407364779991,0.07366601010480336,-38.80683084179653,0.6685726451550833,0.6745714292766234,0.048999995182482714,0.048999995182482714,0.27642857554089395,0.0,0.0,False
26223.0,0.14137013357870132,0.3154431627668168,-38.80620030365609,6.345192757630581,0.05721429302791376,0.13696428224632776,0.13696428224632776,0.8058214247257585,0.0,0.0,False
26224.0,0.9347419144503188,0.08770229310015139,-39.12099158517972,0.732717323465441,0.5217857160025736,0.11767856674809551,0.11767856674809551,0.36053571724933087,0.0,0.0,False
26225.0,0.9498490076935364,0.07911423203600383,-36.48953842834246,0.5236756480461197,0.7240714302576373,0.12082142452815106,0.12082142452815106,0.15510714521421165,0.0,0.0,False
26226.0,0.9576858834132922,0.0670807437344495,-45.316208389131575,0.8441637938073856,0.42135715214596453,0.1443055478965868,0.1443055478965868,0.43433729995744863,0.0,0.0,False
26228.0,0.974200121945738,0.05546759088930982,-38.978426193174855,0.4886496451728174,0.8558571411172876,0.08178571167441548,0.08178571167441548,0.06235714720829688,0.0,0.0,False
26229.0,0.7228474079769387,0.19429793274724586,-32.01231520960405,0.6852662338933291,0.36995238406602715,0.24648412305121511,0.24648412305121511,0.3835634928827577,0.0,0.0,False
26230.0,0.943429175860722,0.0847484465755404,-45.29051706825992,0.8753203337335463,0.362357140672086,0.18282142669617607,0.18282142669617607,0.4548214326317379,0.0,0.0,False
26232.0,0.9523317489173733,0.06907348506338153,-41.384437573389704,0.6709813269231422,0.5242380926210902,0.14824602898944378,0.14824602898944378,0.32751587838946605,0.0,0.0,False
26233.0,0.8894990918077492,0.11077495970067598,-42.62500474030735,1.0989106740577805,0.3045476291948435,0.16532935951879552,0.16532935951879552,0.530123011286361,0.0,0.0,False
26234.0,0.8481477125459354,0.13773247621458465,-35.60236578912392,0.9368286484560112,0.41892857602768335,0.10753570832038403,0.10753570832038403,0.47353571565193264,0.0,0.0,False
26235.0,0.898425123512115,0.09758261640911697,-32.98473319560161,0.5593391837652268,0.6355714302140294,0.14449999499958702,0.14449999499958702,0.2199285747863836,0.0,0.0,False
26236.0,0.7984737571165206,0.14741581432027362,-31.274880476507214,0.6735770598385116,0.4806428612179442,0.1762499947084474,0.1762499947084474,0.3431071440736084,0.0,0.0,False
26237.0,0.9720065670844604,0.060000339273669136,-38.920079871611044,0.4618651452311017,0.8241428555444072,0.11935714033280748,0.11935714033280748,0.05650000412278522,0.0,0.0,False
26238.0,0.772244553089818,0.16994647532980892,-36.720202577055446,0.6922519921998184,0.3013571453089581,0.2913849157962236,0.2913849157962236,0.4072579388948183,0.0,0.0,False
26240.0,0.7942851836719533,0.17338126379738836,-24.540566594538635,0.5876605272307581,0.767571427377271,0.048928570300207336,0.048928570300207336,0.18350000232252162,0.0,0.0,False
26241.0,0.9248136237518108,0.09594236009686549,-31.543294665181556,0.4678445566514992,0.8307857082893935,0.11132142863294697,0.11132142863294697,0.05789286307765962,0.0,0.0,False
26242.0,0.9569580708539873,0.07273293700264549,-43.62585853517718,0.6197514116125363,0.4712142880668888,0.2079642797985493,0.2079642797985493,0.32082143213456193,0.0,0.0,False
26243.0,0.702595958181264,0.19964671437375375,-25.523008193772153,0.5622766782845136,0.5597142852607737,0.18528571089518148,0.18528571089518148,0.25500000384404475,0.0,0.0,False
26244.0,0.7876321974148061,0.1538865379804716,-26.83955594172201,0.3986237032253994,0.6383571387211684,0.24553571338259786,0.24553571338259786,0.11610714789623378,0.0,0.0,False
26245.0,0.8250224404852343,0.15131712903274402,-35.44145752818869,0.5267840830849236,0.3893571409551265,0.2948928555093863,0.2948928555093863,0.3157500035354872,0.0,0.0,False
26246.0,0.9877705266885591,0.03935534462185821,-44.77018789965742,0.606787508676134,0.823846886846209,0.0001,0.0001,0.17605311315379102,0.0,0.0,False
26247.0,0.8611798575170626,0.12258245842853341,-31.524668306473906,0.4806553072674901,0.5907857182670229,0.21603570905711927,0.21603570905711927,0.19317857267585792,0.0,0.0,False
26248.0,0.8047677380496772,0.13733605295427367,-32.97646135747126,0.6108917462816454,0.4341428583710266,0.23478571111401844,0.23478571111401844,0.3310714305149549,0.0,0.0,False
26250.0,0.898733228434093,0.10422210491893501,-34.949497894209586,0.742705918956611,0.5532857163515938,0.08907142359152272,0.08907142359152272,0.3576428600568834,0.0,0.0,False
26251.0,0.9605837342290762,0.06390235613515921,-37.181833721207994,0.5180921101354965,0.781714285360847,0.09499999637433715,0.09499999637433715,0.12328571826481594,0.0,0.0,False
26252.0,0.9777606722767523,0.04816685776386684,-42.19520082703758,0.5872019509090198,0.7339285764913918,0.06903570805637492,0.06903570805637492,0.1970357154522333,0.0,0.0,False
26253.0,0.5391452825847391,0.25450681146189785,-36.419557197900254,0.6611374395715246,0.18085714566452823,,0.6195714302128604,0.5612857154516677,1.0,1.0,True
26254.0,0.9635168564451143,0.06978864541198815,-38.02964346429167,0.49438400501639185,0.7659523829923671,0.1213253932443843,0.1213253932443843,0.11272222376324859,0.0,0.0,False
26255.0,0.7009413399275986,0.19624892840031605,-39.80536846331941,0.596659556561841,0.20100000671237248,0.3800714251260688,0.3800714251260688,0.41892856816155877,0.0,0.0,False
26256.0,0.7828415643320701,0.15598091666566746,-38.82133271520869,0.28044872745557065,0.267428579142852,0.4249999952941358,0.4249999952941358,0.3075714255630122,0.0,0.0,False
26257.0,0.8425959767448068,0.1732999773972938,-20.650687381364232,0.45573015941419814,1.0,0.04426984058580183,0.04426984058580183,-0.044269840585801745,0.0,0.0,False
26258.0,0.9366891946627162,0.09069836728474238,-40.292997954104464,0.7190978348340381,0.48771429566536834,0.14928570596942575,0.14928570596942575,0.3629999983652059,0.0,0.0,False
26259.0,0.5355778505022986,0.2258082105748115,-24.776513374365486,0.9644039112320856,0.41247619489257703,0.10220634435547074,0.10220634435547074,0.48531746075195226,0.0,0.0,False
26260.0,0.8823237422550803,0.12278990954951455,-30.699571981883075,0.5393986576774472,0.6889285719953435,0.12839285303007114,0.12839285303007114,0.1826785749745854,0.0,0.0,False
26261.0,0.8068628703019963,0.17143491422431095,-41.95129199457511,2.6782354952343344,0.1866527424080237,0.0001,0.0001,0.8132472575919762,0.0,0.0,False
26262.0,0.991460898555299,0.030087206912934584,-50.657858971445194,0.616847534749513,0.6516428575881004,0.09803570975965224,0.09803570975965224,0.2503214326522474,0.0,0.0,False
26263.0,0.9109168098055651,0.10467403897185107,-35.5402017281612,0.8166478525004008,0.5693571453285505,0.03503570996168062,0.03503570996168062,0.3956071447097689,0.0,0.0,False
26264.0,0.8722327618361646,0.12719084642540018,-39.40734942009669,0.7096741520594823,0.35292857967648245,0.24953570948053488,0.24953570948053488,0.39753571084298267,0.0,0.0,False
26266.0,0.9461027588108916,0.0807912525880129,-38.70450896278139,0.5657784245230582,0.5950714300589782,0.16332142382254808,0.16332142382254808,0.24160714611847367,0.0,0.0,False
26268.0,0.8581154323778648,0.1353134473067134,-32.34654561661247,0.5651863451996822,0.5500714267866369,0.18910714069568607,0.18910714069568607,0.260821432517677,0.0,0.0,False
26269.0,0.677841481485705,0.23830811140298333,-25.47807163862199,1.2872330146895392,0.38835237621726804,0.0001,0.0001,0.611547623782732,0.0,0.0,False
26270.0,0.7424317699786268,0.23395886830643597,-17.811586596813694,0.5089184843816229,0.9822791180544738,0.0001,0.0001,0.017620881945526246,0.0,0.0,False
26271.0,0.8662097240140247,0.1348866429127883,-34.40983052893704,0.5349040182175654,0.49114285320620144,0.23728571430116296,0.23728571430116296,0.2715714324926356,0.0,0.0,False
26272.0,0.9503267623186522,0.07251716512580102,-38.98306722384306,0.4969505101882701,0.6090000058566324,0.19735713638488708,0.19735713638488708,0.19364285775848056,0.0,0.0,False
26273.0,0.9642662983881585,0.06670785068717557,-37.56316353930068,0.5634542985127564,0.8004761912611973,0.04896824917675899,0.04896824917675899,0.1505555595620437,0.0,0.0,False
26274.0,0.8012967071080526,0.1628037260745075,-40.005295477303655,2.463308376259269,0.2029384565967896,0.0001,0.0001,0.7969615434032105,0.0,0.0,False
26275.0,0.8711468231786831,0.1475801066576339,-46.794556158268726,1.0232678175997076,0.20721429415415993,0.2879642814454089,0.2879642814454089,0.5048214244004312,0.0,0.0,False
26276.0,0.9291781710712298,0.08614620427366404,-34.84542568312053,0.4296211665579701,0.6777380943818705,0.20882936927088513,0.20882936927088513,0.11343253634724437,0.0,0.0,False
26277.0,0.9298770994297725,0.0936139141554017,-32.127456581495196,0.5789087469684149,0.8273571435988067,0.021035712703847853,0.021035712703847853,0.1516071436973454,0.0,0.0,False
26278.0,0.9851518498820382,0.040154267745735016,-50.03136991828534,0.7606766507807206,0.5151428657793202,0.10814285018540443,0.10814285018540443,0.3767142840352753,0.0,0.0,False
26279.0,0.8858661582863643,0.11196713849034147,-31.05964842681056,0.5365955700783284,0.6831428578284184,0.13342856875862144,0.13342856875862144,0.18342857341296015,0.0,0.0,False
26280.0,0.9689971348855699,0.06071781167146851,-37.61413648391883,0.41843037564832447,0.8583571449933043,0.14083729738002837,0.14083729738002837,0.0008055576266673414,0.0,0.0,False
26281.0,0.9452925797189059,0.08093402303348968,-40.05959942175141,0.491203526111823,0.5359285744339581,0.23674999449395717,0.23674999449395717,0.2273214310720847,0.0,0.0,False
26282.0,0.6923562145594092,0.20277556638014718,-29.3328515149216,0.5652248555494499,0.4161428662956832,0.2647857085100884,0.2647857085100884,0.3190714251942284,0.0,0.0,False
26283.0,0.8434189431003626,0.11531627539400724,-36.45843017538771,0.6088962704446707,0.3870000081270593,0.26435713838937636,0.26435713838937636,0.3486428534835644,0.0,0.0,False
26284.0,0.9525086995563276,0.0852573826705744,-39.59720124977733,0.7685816945165038,0.5967857114923213,0.04132142659799434,0.04132142659799434,0.3618928619096844,0.0,0.0,False
26285.0,0.021571178597521112,0.3485437918897228,-42.059395257517465,-0.30248655957559367,0.01659524504237575,,0.4949801614218179,0.521615083620558,1.0,1.0,True
26286.0,0.90925428100674,0.09263676100998226,-34.62413226447024,0.5180436876316996,0.6017142917274341,0.1882857094128238,0.1882857094128238,0.20999999885974208,0.0,0.0,False
26287.0,0.7575583664820242,0.14286672759824615,-39.063244194288046,1.347051927486041,0.2447142943738325,0.17035713808034247,0.17035713808034247,0.584928567545825,0.0,0.0,False
26288.0,0.7486405480625133,0.1759024270884996,-31.823289338035416,0.5941176511827694,0.40071428628562267,0.26192856943660603,0.26192856943660603,0.3373571442777713,0.0,0.0,False
26289.0,0.8683093948034093,0.1236261589541112,-33.259917270291844,0.5411522703956528,0.5380714292650887,0.20882142441816337,0.20882142441816337,0.253107146316748,0.0,0.0,False
26290.0,0.976223882046568,0.05207894790136129,-39.00139618780032,0.4749879755402765,0.8909999943808102,0.07678571646266122,0.07678571646266122,0.032214289156528575,0.0,0.0,False
26291.0,0.6800729365599592,0.17055057944152743,-31.848211365885177,0.6702717251021527,0.3379285791971638,0.2734960282601976,0.2734960282601976,0.3885753925426386,0.0,0.0,False
26292.0,0.9481537522483445,0.08434574267865551,-36.37335725019449,0.6111111147016358,0.7174285742690663,0.061571424259625626,0.061571424259625626,0.22100000147130816,0.0,0.0,False
26293.0,0.9085091229713864,0.1052944392097239,-32.19097695195652,0.5372820251490544,0.7127142812737862,0.11707142760456737,0.11707142760456737,0.17021429112164643,0.0,0.0,False
26294.0,0.8776769357860318,0.12497753311265568,-30.513972832428088,0.5533417042923742,0.6829285716282218,0.12210714026528305,0.12210714026528305,0.19496428810649513,0.0,0.0,False
26295.0,0.9156397714441024,0.10651034861461518,-30.063370285500454,0.41501976628409315,0.8674285717992323,0.13999999686373793,0.13999999686373793,-0.0074285686629702585,0.0,0.0,False
26296.0,0.5071970167806071,0.22755775225697122,-45.83709861777319,1.5297029035798548,0.08657143406797947,0.36757142593913983,0.36757142593913983,0.5458571399928807,0.0,0.0,False
26297.0,0.003809775893145906,0.2767352354234107,-45.04756734780183,40.63143438361052,0.005583340419952125,0.2731408700853548,0.2731408700853548,0.7212757894946931,0.0,0.0,False
26298.0,0.9195907014604718,0.09390733024679603,-34.029932559398596,0.6037273751305166,0.6707142864588826,0.0950714243736414,0.0950714243736414,0.234214289167476,0.0,0.0,False
26299.0,0.9200972678939119,0.09943519231778686,-37.52440904135484,0.6196022397120381,0.5243571470383009,0.17510713728605426,0.17510713728605426,0.30053571567564474,0.0,0.0,False
26300.0,0.9242090413500728,0.0944603361313143,-38.738114112807324,0.7341562057183584,0.4947857185930098,0.13674999419412454,0.13674999419412454,0.3684642872128656,0.0,0.0,False
26301.0,0.8417598581922082,0.1500445264957175,-30.976244487302672,0.36315128791936985,0.5689285819008993,0.2933928527485477,0.2933928527485477,0.137678565350553,0.0,0.0,False
26302.0,0.6365657498823618,0.20368547646679475,-30.861684906607337,0.5173611168474204,0.32914286532114445,0.32971427959509264,0.32971427959509264,0.34114285508376296,0.0,0.0,False
26304.0,0.898986812586361,0.10812659874432719,-34.552942723333565,0.6610203692079774,0.5699761966092427,0.1232341240775997,0.1232341240775997,0.3067896793131576,0.0,0.0,False
26305.0,0.8488080037465022,0.11941759070938021,-36.47185290953841,0.5745566403192098,0.3947142941827243,0.2732142812484057,0.2732142812484057,0.33207142456887007,0.0,0.0,False
26306.0,0.23783512597027512,0.3342178481849505,-38.37777313151773,0.6653473940512006,0.0812142919173239,0.44596428251309506,0.44596428251309506,0.47282142556958107,0.0,0.0,False
26307.0,0.9875451062117697,0.039660719784207536,-45.841028237939454,0.6344616871221036,0.7596428578379588,0.01803571080587234,0.01803571080587234,0.22232143135616889,0.0,0.0,False
26308.0,0.9063130133280858,0.1013834836167556,-47.67776358648021,0.7934315441053409,0.23271429495425416,0.31535713761906037,0.31535713761906037,0.4519285674266855,0.0,0.0,False
26309.0,0.9511028786572431,0.0777880937362967,-37.46429188501497,0.6033187277962644,0.6844285672574781,0.08707142753479838,0.08707142753479838,0.2285000052077235,0.0,0.0,False
26310.0,0.8993407815188469,0.1171420059650479,-28.512193874303392,0.5255097905603372,0.8792142910838072,0.037964282034893104,0.037964282034893104,0.08282142688129968,0.0,0.0,False
26311.0,0.8817275343520732,0.12128703213524772,-27.371811278268247,0.4257255322068841,0.8712857158238951,0.12907142492661627,0.12907142492661627,-0.0003571407505114088,0.0,0.0,False
26312.0,0.8984613528971969,0.1068328239161302,-43.527932937947405,0.9132665124388946,0.2993571515677826,0.22660713821404968,0.22660713821404968,0.4740357102181677,0.0,0.0,False
26313.0,0.942959210975816,0.07311017537803607,-44.534625854527654,0.6549427853855467,0.3807857231756192,0.25060713782831023,0.25060713782831023,0.36860713899607056,0.0,0.0,False
26314.0,0.901903651348569,0.10367053577322301,-56.29461426971855,1.9101119097627837,0.12259524544812898,0.26582936158923715,0.26582936158923715,0.6115753929626339,0.0,0.0,False
26315.0,0.9009895863437564,0.10073028048735341,-35.05447204819802,0.5187540152568603,0.5560714381386093,0.2115357086959396,0.2115357086959396,0.2323928531654511,0.0,0.0,False
26316.0,0.9534670322625334,0.07510225960602321,-42.57868850869272,0.6869597144648988,0.48750000268232274,0.1651071373557142,0.1651071373557142,0.3473928599619631,0.0,0.0,False
26317.0,0.845147935896245,0.11841831672750416,-31.986826982490925,0.4501731977808125,0.5361428598168263,0.25864285432890943,0.25864285432890943,0.20521428585426427,0.0,0.0,False
26318.0,0.9158355308128298,0.09814139983064923,-35.23657928871687,0.48471445917866496,0.6002142870558512,0.20906745645841512,0.20906745645841512,0.1907182564857337,0.0,0.0,False
26319.0,0.9021167822520295,0.11044001527708174,-33.15975727801292,0.3871794943905618,0.6407142913655481,0.25192856462027996,0.25192856462027996,0.10735714401417185,0.0,0.0,False
26320.0,0.9367914507465978,0.07955807916169427,-42.46216160020113,0.5796172971042223,0.41807143179189504,0.2576785667082896,0.2576785667082896,0.3242500014998153,0.0,0.0,False
26321.0,0.4564155728325041,0.2685354355832341,-24.39371199724264,0.733807270679774,0.3617142871867669,0.23457142615359858,0.23457142615359858,0.4037142866596345,0.0,0.0,False
26322.0,0.9112580301396607,0.1058849509266494,-28.587763399134666,0.3750476209264317,0.9374999958036064,0.14839285695531773,0.14839285695531773,-0.08589285275892422,0.0,0.0,False
26323.0,0.9637254771675313,0.06652399528325637,-43.897884248532435,0.7455462421545632,0.505190478575499,0.1233571371257713,0.1233571371257713,0.3714523842987296,0.0,0.0,False
26324.0,0.9732807778158183,0.05533266027138349,-40.985090424210696,0.6216043981251448,0.7283571413085075,0.0472499975567742,0.0472499975567742,0.22439286113471835,0.0,0.0,False
26326.0,0.8840500774416563,0.11787636968914897,-36.98887798869495,0.5901946138419477,0.4433095229695512,0.23836110727852772,0.23836110727852772,0.31832936975192117,0.0,0.0,False
26327.0,0.5239999461218414,0.222406445467645,-35.32439271192365,0.6048360017599196,0.18971429364860945,0.38525396515286775,0.38525396515286775,0.4250317411985228,0.0,0.0,False
26328.0,0.08629261363623542,0.2988361895186984,-66.99529581371353,6.475301488889221,0.005785721317351691,0.4625357101394545,0.4625357101394545,0.5316785685431938,0.0,0.0,False
26329.0,0.8693325515416571,0.11077013630489985,-36.96355817676861,0.6804407760973075,0.4148571490957351,0.21771427949978162,0.21771427949978162,0.36742857140448326,0.0,0.0,False
26330.0,0.920726353578161,0.09642211803237255,-32.02867764618711,0.496702392768428,0.779785715946223,0.1126785690428693,0.1126785690428693,0.10753571501090764,0.0,0.0,False
26331.0,0.9721399569677398,0.05384918850522529,-44.576490974814526,0.6491841550673373,0.5515714332973229,0.1419285651155972,0.1419285651155972,0.3065000015870798,0.0,0.0,False
26332.0,0.6593292445336971,0.16317223246316118,-30.322511865950027,0.8730631810669107,0.3595714293176879,0.18607142409912358,0.18607142409912358,0.4543571465831886,0.0,0.0,False
26333.0,0.8873232419330818,0.1297748718161769,-38.473295719468105,1.4371265803351487,0.3478468819938043,0.0001,0.0001,0.6520531180061957,0.0,0.0,False
26334.0,0.6583562396398861,0.21476108407109082,-35.25708239122081,0.9871141335139604,0.25221428981258787,0.25103570985180845,0.25103570985180845,0.4967500003356037,0.0,0.0,False
26335.0,0.00010327617313110604,0.313363100925532,-38.166630346101726,11.26185121115787,0.0015000074337035154,0.48310713946600026,0.48310713946600026,0.5153928531002963,0.0,0.0,False
26336.0,0.4127910606155172,0.2578204698080504,-41.35113167020713,2.8507244683257125,0.09857143555665206,0.21899999678066087,0.21899999678066087,0.6824285676626871,0.0,0.0,False
26337.0,0.9057509439239266,0.1017613640076513,-38.83274815823372,0.6391617635921736,0.43628570992436566,0.22114285621467902,0.22114285621467902,0.34257143386095534,0.0,0.0,False
26338.0,0.5491162288789614,0.228676026723693,-37.41555976696381,-1.4933498646145704,0.17185715190487702,,0.24335714546980625,0.9285000064350707,1.0,1.0,True
26339.0,0.6549845476581628,0.24825716090672836,-35.96031253540163,0.7208220761053885,0.23807143715964182,0.32839285240519345,0.32839285240519345,0.4335357104351647,0.0,0.0,False
26340.0,0.8650132793060754,0.1155586507841372,-33.669905532892514,0.44841930632898586,0.5151428580583595,0.26899999692913923,0.26899999692913923,0.2158571450125013,0.0,0.0,False
26341.0,0.6562177521893957,0.18998155904375252,-26.853659078574317,0.37072599973327897,0.45750000738612306,0.330392852383797,0.330392852383797,0.21210714023007993,0.0,0.0,False
26342.0,0.9710345583124301,0.05725130238756054,-52.4860644566854,0.6008833244510566,0.3072857153681202,0.3153571377932828,0.3153571377932828,0.377357146838597,0.0,0.0,False
26343.0,0.8819857574889325,0.13081993532251793,-32.02902146873964,0.6018613736918293,0.6255000033293846,0.12353570875193275,0.12353570875193275,0.25096428791868264,0.0,0.0,False
26344.0,0.8494778850584922,0.1552974082164244,-23.720997938455966,0.6066472529567718,0.8240373587179528,0.0001,0.0001,0.1758626412820472,0.0,0.0,False
26345.0,0.8031224950081357,0.1795040121613123,-20.200661335051905,0.3918412693067416,1.0,0.10815873069325839,0.10815873069325839,-0.10815873069325832,0.0,0.0,False
26346.0,0.8553881679066622,0.12233587319702979,-30.751435283515526,0.5112478074660303,0.6096428562909368,0.18832142638393035,0.18832142638393035,0.2020357173251328,0.0,0.0,False
26347.0,0.8520698234277464,0.12553526418874206,-43.857648187834556,0.8242497606716737,0.23590476901795127,0.3055555505956472,0.3055555505956472,0.45853968038640147,0.0,0.0,False
26348.0,0.8647968513334794,0.12561899352930397,-34.0107916223657,0.41720389506806194,0.5022857049045764,0.2904444474768036,0.2904444474768036,0.2072698476186201,0.0,0.0,False
