subID,r_squared,nrmse,aic,center,obj_center,sigma,bias_xmin,bias_xmax,bias_lower,bias_upper,flipped
2.0,0.9822749213667846,0.0532147064167174,-37.06788678204211,0.4372722883193516,0.3796859105734871,0.13278318315942897,0.22655949824467173,0.046720641099884164,0.1991666666666667,0.03583333333333327,False
4.0,0.9821782740800157,0.04946093153735562,-38.092010560743226,0.49309057169054066,0.3756759838011045,0.13834681507562271,0.37369048579644404,0.18659676758111954,0.36090909090909096,0.17500000000000004,False
5.0,0.9997504474477206,0.0069149809947873404,-65.63691087182268,0.4922106789360729,0.38597666881196235,0.0933276564230344,0.3857841078711412,0.13790896147517162,0.38333333333333336,0.13583333333333325,False
6.0,0.9887929219359504,0.04122969754849685,-40.64035055206436,0.47559518011867963,0.32602275894639815,0.13028437379367785,0.42642238017533324,0.24682422034797136,0.4177777777777778,0.24083333333333323,False
7.0,0.9847645461757335,0.05651940551527896,-36.2243973509191,0.4929899679410255,0.43384347348055696,0.08345635425858462,0.28924731813164467,0.0698110659530714,0.2875,0.06833333333333325,False
9.0,0.9989177692047587,0.013597040139763506,-56.17064405391965,0.4654185811651646,0.4854443590207814,0.11215462774128472,0.11383172217169624,0.17366015772287835,0.1025,0.16749999999999998,False
10.0,0.9859183696727806,0.04849028430472613,-38.36948554608069,0.45569372134394037,0.4498103732779405,0.08781985448550306,0.060107738008690965,0.026035400358557226,0.055,0.02416666666666667,False
12.0,0.9991649892613028,0.011969042544427308,-57.956044507639646,0.2518827207928671,0.20431525037368597,0.07168219331948196,0.26440677506149585,2.2223822905509394e-05,0.2425,0.0,False
13.0,0.9382450472711954,0.09269750404646886,-29.297792245730243,0.41412265482849475,0.3821034493568899,0.11799418106237519,0.17582707823343016,0.04973174492123811,0.1525,0.04416666666666669,False
14.0,0.997763623912523,0.019518680192163903,-51.109366387451836,0.4219624455347122,0.4092556169221096,0.08700121022711384,0.09359223056814013,0.022825917579273547,0.08666666666666666,0.021666666666666723,False
15.0,0.5947639914273273,0.19069353555578447,-19.199227316324126,0.31361005561490557,,0.27139412730736656,0.5829350753595383,0.20076003974046508,0.5075,0.1775,False
16.0,0.9864556129835155,0.0498948443391152,-37.969726419879144,0.40597415532974146,0.3580520353266639,0.10428454526343478,0.27238632180855976,0.12207542161024598,0.26,0.12,False
18.0,0.9871876268029156,0.04888609031776579,-38.255673243626724,0.4326464977603698,0.41547378359089676,0.11015070272872773,0.23970862964277098,0.18589474274829398,0.22833333333333333,0.1825,False
19.0,0.9766067508580057,0.05851344199169223,-35.73898282904759,0.419369813038554,0.39827608576569,0.12677224671275727,0.14309947492587252,0.0518929533372301,0.11333333333333334,0.043333333333333335,False
20.0,0.9779265814266669,0.05935040095323076,-35.54014963091534,0.48708851933589387,0.429258748220075,0.1265042123166133,0.2918202970023544,0.16217498910182404,0.28,0.15249999999999997,False
21.0,0.9700584354064048,0.07355054157047751,-32.536954561310395,0.4546195790999239,0.4150126410622004,0.10182660974132858,0.1865833129420116,0.027917004524770084,0.1775,0.02416666666666667,False
22.0,0.9972596797890975,0.02268365968190586,-49.00554632105479,0.42174776770378514,0.3606846064707517,0.058893086768725615,0.39364934412561825,0.19918884385438007,0.39333333333333337,0.19916666666666671,False
25.0,0.9994967664895562,0.00925397234075797,-61.55783328356672,0.25038793035866674,0.22848326602106325,0.05821396942191954,0.18245303413534744,0.021668728965999584,0.1716666666666667,0.021666666666666723,False
26.0,0.9930472883902856,0.03527207648364662,-42.82529127546671,0.3836805987411157,0.36714478162983605,0.08609167778774036,0.11191793114808497,0.018184576838537803,0.10181818181818182,0.01749999999999996,False
27.0,0.9749273211652416,0.07362028643250194,-32.523685244901856,0.3730254024291578,0.3594066239689627,0.06326385662575074,0.11600959770437265,0.020876306561135705,0.11363636363636363,0.02083333333333326,False
28.0,0.9888687579537174,0.04271903230588258,-40.143550312436616,0.39487051908026466,0.3609585010107582,0.07693418481498576,0.23852282398544072,0.08776005792911912,0.23454545454545453,0.08750000000000002,False
29.0,0.9756398390232731,0.06521985066475341,-34.21987957674756,0.41368791691715284,0.4129363806898825,0.08274356979082945,0.049476230944440085,0.03993381361259496,0.04333333333333333,0.03916666666666668,False
31.0,0.8720681360371723,0.12142836915346632,-25.51803042089243,0.3764484789250065,0.3340345848612262,0.1637512450464934,0.2727010605235076,0.14183019665933072,0.2125,0.12749999999999995,False
33.0,0.9944595950685116,0.03602194878573039,-42.53077572945249,0.45844252885919806,0.43917463484730995,0.04641823672043928,0.18420746544196154,0.02167347487034843,0.18416666666666667,0.021666666666666723,False
34.0,0.7019980878137226,0.18611604726437211,-19.539388457149197,0.3341643611301681,0.26585765899910546,0.1763293136157942,0.3426308442232755,0.17037934571017987,0.2675,0.15749999999999997,False
35.0,0.9859414793744363,0.049242930651076024,-38.15385246445207,0.3790340061679563,0.3595834493607546,0.05709754263825213,0.1602387852451295,0.02084884374432794,0.15916666666666665,0.02083333333333326,False
37.0,0.9998902554619611,0.005461624799915681,-68.94012531528864,0.4276368327589133,0.42076129840830057,0.0474090518768626,0.06761277017975909,5.326806713834564e-06,0.0675,0.0,False
39.0,0.9949860494779708,0.03004227809339775,-45.07209467480238,0.4728631216860657,0.4002728274047471,0.12026549868464888,0.2470512641059506,0.020164909437795808,0.2325,0.01083333333333325,False
40.0,0.9902753913458969,0.035884558189045825,-42.584274940447145,0.48093807787658116,0.5151179005705174,0.15406560118095314,0.20202464585903862,0.2609940998228877,0.1775,0.2416666666666667,False
41.0,0.9363951535341446,0.09428739867351885,-29.05970819840377,0.43007106722582045,,0.14394470384260763,0.6441357022183009,0.12953917754880728,0.6325,0.125,False
42.0,0.9986079892277328,0.016034864078454315,-53.86185891397923,0.47852448952839677,0.4792943213297798,0.08537376829728961,0.03922108688867522,0.04205140191801626,0.035833333333333335,0.040000000000000036,False
43.0,0.923030867145677,0.09245047145946611,-29.335151101649096,0.36173035715752705,0.13517446578656417,0.19303039846190714,0.45489122863449816,0.18129733458157515,0.39666666666666667,0.16583333333333328,False
44.0,0.9859173760918442,0.051862175113081395,-37.42831780825671,0.40724139085386524,0.3779902978394248,0.09824148307058285,0.2222169687420517,0.11328451240317616,0.21166666666666667,0.11166666666666669,False
45.0,0.9954711218406096,0.02848793847755194,-45.815842896409556,0.3628059065432135,0.3539837682325614,0.0646154779773443,0.08740657344831293,0.02337987773486061,0.08416666666666667,0.023333333333333317,False
46.0,0.990676769915452,0.03697138459603438,-42.166554767956946,0.458567738781217,0.3580582527006737,0.14013276302608513,0.31783184138460097,0.09284904639085312,0.295,0.07999999999999996,False
47.0,0.958351111014132,0.08561813218121779,-30.410014712068183,0.3909045474535985,0.3828442617828066,0.06058363427786075,0.0739418776064103,0.011706066100169887,0.0725,0.011666666666666714,False
48.0,0.9912367114798492,0.04030789213959261,-40.95691192262581,0.4295040336551536,0.34573607029966974,0.08922258103694794,0.32272657756973105,0.034416559120450496,0.3175,0.033333333333333326,False
50.0,0.9892682058579747,0.04689377509057493,-38.8381847546632,0.4575475244765176,0.4704867782566416,0.06850389095958234,0.016944249522234348,0.09948862257885505,0.01583333333333333,0.09916666666666674,False
55.0,0.9684912572651712,0.06933070159514299,-33.36414425004385,0.3608396857956446,0.3088751723025167,0.1000869157973273,0.2236027013295911,0.0013414427382248961,0.2025,0.0,False
60.0,0.9764174267041932,0.06002834050826519,-35.38113881063448,0.368414362383056,0.33981723335184494,0.09641300439622447,0.14701479969997813,0.0012437669812137564,0.12833333333333333,0.0,False
61.0,0.9674650715529679,0.06125042759647161,-35.098982277806996,0.4731517878766842,0.38556934195368114,0.1810939509147067,0.3317235316902211,0.19528768585838918,0.295,0.16749999999999998,False
62.0,0.9807729302224317,0.054430603728313896,-36.75160200674379,0.5066705387929163,0.5040858912972664,0.13407443668979982,0.17294819279627222,0.16785799548430436,0.1575,0.15083333333333326,False
63.0,0.9998317910058038,0.005823474361737711,-68.04201516376735,0.44172415950748845,0.41943642155957395,0.07511068863561596,0.13572781836679482,0.00717512737258752,0.13333333333333333,0.00666666666666671,False
65.0,0.9950776321025397,0.0300750981010017,-45.056808573472296,0.42552515897550697,0.35154442640830846,0.09371169070777466,0.3526531036668986,0.16522700483061015,0.3475,0.16416666666666668,False
66.0,0.9889460017883979,0.045352200134138015,-39.306152246886455,0.5241792917769313,0.482165185420034,0.09812791458736286,0.24890243759994587,0.11500865539349059,0.24583333333333332,0.10999999999999999,False
69.0,0.9574565979005265,0.07827435992513533,-31.66549264685448,0.3865574422552401,0.33855443259065476,0.09569201284269631,0.2217119673670606,0.01960264450868987,0.20833333333333331,0.018333333333333313,False
70.0,0.9694953720067335,0.07263779577761387,-32.71177845468947,0.4306848720862249,0.43126952996600987,0.05505476627950783,0.02704363522968814,0.031697068020725805,0.026666666666666665,0.03166666666666673,False
71.0,0.9749656743420031,0.06146045539176027,-35.05105837841532,0.4653888975239889,0.27919286607855903,0.12812813809621776,0.41936113396867214,0.10830954110940905,0.4066666666666666,0.10083333333333333,False
73.0,0.9962926266523383,0.02596961805983354,-47.11159144548266,0.4180774485974526,0.3913291969696031,0.09153227687462438,0.1429618524438958,0.011481087948568613,0.13416666666666666,0.010000000000000009,False
74.0,0.9817034920983682,0.051033564339919305,-37.65380433780304,0.4567287144663573,0.4437156474812945,0.14541271639960623,0.1423230072636233,0.09076635465148675,0.10833333333333334,0.07166666666666677,False
75.0,0.998795721818173,0.017929547661754433,-52.29827307572709,0.41370855449895544,0.3875197190760038,0.06854069722378006,0.16531330489788976,0.006826650226554265,0.16333333333333333,0.00666666666666671,False
78.0,0.9866701766223905,0.047861187142706346,-38.55230549252764,0.4521589711151868,0.3479423609509442,0.11014881852763075,0.3445714454143954,0.07905351455279508,0.335,0.07499999999999996,False
81.0,0.9866817382026604,0.04755741204406234,-38.64144672464337,0.3602455313573803,0.30028655550930594,0.11075041464338192,0.239347686632057,0.004102487915925601,0.21,0.0016666666666667052,False
82.0,0.9151562163251737,0.10186775010135313,-27.977118244438202,0.47676916156208377,0.09536363860535618,0.17957847609077102,0.4823566941429513,0.13876117867451532,0.45416666666666666,0.1166666666666667,False
83.0,0.994490103160837,0.03011198923282605,-45.03964622410138,0.4456775812712517,0.4462105392016309,0.09886345666083077,0.04510996333738575,0.040893553719381415,0.035,0.03749999999999998,False
84.0,0.9998508038108884,0.005677221606725198,-68.3981064753711,0.3791415354270345,0.3575928324714615,0.05576087842238064,0.16176655149470073,0.0008455751096529962,0.16083333333333333,0.0008333333333332416,False
85.0,0.9980714668002515,0.019690653814099516,-50.98655654091449,0.5020023759201429,0.5020023759201429,0.07895680243627304,0.0017299401919825422,0.0018197836660578393,0.0,0.0,False
86.0,0.9842464011389638,0.04953365373296725,-38.07144153832803,0.45351946120685127,0.4513503637575616,0.123170564785543,0.18793330844649603,0.17358166328554114,0.1716666666666667,0.16583333333333328,False
87.0,0.967085350725897,0.06819622510979406,-33.5951249234523,0.42919088203432615,0.19656061826302226,0.13355625681024685,0.4598793123751644,0.19582398766895892,0.44583333333333336,0.1908333333333333,False
88.0,0.9975850828992322,0.024761307143274514,-47.778622560278045,0.38002768231664086,0.3346362168171512,0.062137277387738714,0.26079838486513357,3.439883248335107e-05,0.25916666666666666,0.0,False
89.0,0.9972653182731253,0.021158534671115278,-49.979966940721084,0.5385210614483135,0.5360888711333892,0.10457946982465847,0.07996171106162973,0.07530029326609933,0.075,0.06499999999999995,False
90.0,0.988037713479175,0.04568511952958558,-39.203757046088356,0.4573389608252782,0.3955651257710324,0.10485114508526097,0.23953010058801452,0.017586858150233198,0.23,0.013333333333333308,False
92.0,0.9715270315015828,0.065155337774139,-34.233734675300155,0.46881714659167895,0.4186792246623721,0.1353133462831578,0.2677968830409763,0.14855017383780866,0.24916666666666668,0.13666666666666671,False
93.0,0.9710330114573442,0.06888273943969798,-33.45489507846264,0.3313536258708233,0.2772821354016079,0.07685488179491123,0.3087975524257508,0.09760020083010201,0.30083333333333334,0.09750000000000003,False
94.0,0.9765352002269206,0.06393198972825745,-34.499095895994,0.38927270314801127,0.3625920079992334,0.11650517449607502,0.18623539531237943,0.07653820996928273,0.16,0.07250000000000001,False
96.0,0.9870350117263325,0.04504364357768214,-39.40172762712775,0.4381563587974753,0.37711497169791636,0.10626411269331086,0.23318170818756506,0.008065128944893973,0.22083333333333333,0.004166666666666763,False
98.0,0.9740767514043592,0.06137288478256344,-35.071020202049226,0.45095480717572317,0.051393878812124094,0.12114136675466863,0.49578027724827173,0.16540015881853343,0.4875,0.16166666666666674,False
101.0,0.9267044047800979,0.09302520674175502,-29.24838695247614,0.4684701534631883,0.4329983116517342,0.15596797318560804,0.18805226133516117,0.08690460013429135,0.15083333333333335,0.06166666666666676,False
102.0,0.9943671464584207,0.031558899767609755,-44.38259503310053,0.48000591750973975,0.46027270845548535,0.12157983679058358,0.12366658503962447,0.050030667244490123,0.1075,0.03833333333333333,False
104.0,0.9850961363551116,0.049783388681908854,-38.00103475679275,0.45778282078978705,0.45778282078978705,0.08849925789330394,0.005637110458356018,0.0021788014612952322,0.0,0.0,False
105.0,0.9951325961736774,0.029402124999587956,-45.37363659692723,0.4145666054592346,0.31302198857565616,0.11916294184405224,0.3237616440521085,0.04561328052583158,0.3041666666666667,0.04083333333333328,False
106.0,0.9860456802591572,0.0490090042159373,-38.220517335420155,0.44240528198039647,0.3027554863538956,0.09446148490414513,0.3993892155132397,0.03738608634093421,0.39416666666666667,0.03583333333333327,False
107.0,0.9831779235842758,0.05472471558893453,-36.67615765755464,0.40411975320002463,0.29413768043323485,0.11321900046964556,0.40997881218364873,0.23770976004209488,0.4,0.23583333333333334,False
108.0,0.9916723319666759,0.038231808334190376,-41.697224033283945,0.3135947252907104,0.2890607498173646,0.03280138750775797,0.26338523806490455,6.014216902272551e-10,0.2633333333333333,0.0,False
111.0,0.988157477752565,0.043895424549559386,-39.76323264202908,0.40710579245960854,0.369258652877534,0.1054954564175518,0.2340617543428773,0.10162530441063944,0.22,0.09916666666666674,False
112.0,0.997653434248559,0.021632724120979167,-49.66967347216059,0.3147344686638993,0.27209364007499665,0.06122280071576289,0.25519267367555154,1.0316286352063386e-05,0.2508333333333333,0.0,False
113.0,0.9967051623536519,0.026600557744762852,-46.7755233379251,0.3795898958868718,0.37206613442593633,0.07477147772219879,0.06492416204328832,0.012731245603697094,0.05916666666666667,0.012499999999999956,False
114.0,0.9982766996033201,0.01869898924652076,-51.71000130598836,0.4444717590631474,0.436709613196449,0.06836899053330624,0.0647216904351952,0.011107219350852016,0.06333333333333332,0.01083333333333325,False
115.0,0.9897805780278991,0.04371630064017823,-39.8204792769989,0.480987487691321,0.43681284980053325,0.10921304273062407,0.2260258705638555,0.08270718657030318,0.2175,0.07666666666666666,False
117.0,0.9965866523198398,0.024677796433576052,-47.82591917219702,0.47383908216549936,0.47125336615299634,0.0887161005030675,0.05352928648037638,0.03825736524441903,0.04916666666666667,0.03583333333333327,False
118.0,0.9978658189304167,0.019362889407502956,-51.22155746820303,0.4629568788543765,0.431720734336155,0.08587075738797977,0.16376050729112532,0.012424415219612905,0.16,0.01083333333333325,False
121.0,0.9711199329650524,0.06847034933377409,-33.53896277410445,0.4177989257006969,0.1247168358033292,0.12396258301021025,0.47189180682357323,0.017323377908273097,0.45416666666666666,0.012499999999999956,False
122.0,0.9729579414654852,0.07463785331953729,-32.33150476638198,0.31430853458554125,0.19171055670481826,0.08542909892781848,0.41280357188535777,0.0801698334532377,0.4,0.07999999999999996,False
123.0,0.9986770238713697,0.017098823648691787,-52.96243854439592,0.3973894859642824,0.3808485188158526,0.07704055143492469,0.10841391372476113,0.008689254904805432,0.10333333333333333,0.008333333333333304,False
125.0,0.9997061012787919,0.009138521447050681,-61.73359343436093,0.36601029760617104,0.342567920535701,0.0585360555140725,0.16660444174623307,1.6517357050105375e-05,0.165,0.0,False
127.0,0.9895001911342197,0.04643083563416453,-38.97708071148419,0.38892601459947995,0.3543165588388111,0.09120000595848073,0.22794532152455096,0.0891853995614964,0.21833333333333332,0.08833333333333326,False
128.0,0.9856200211449626,0.05163936080255037,-37.488595274454504,0.4205292983962505,0.3973763903114999,0.06860572855543443,0.1468521468142654,0.0026829703999949883,0.145,0.0024999999999999467,False
129.0,0.991994285691756,0.03553729932123127,-42.720414285705004,0.460025768971332,0.3920375605097962,0.11227968049193829,0.38158252046957253,0.27534445964837795,0.37583333333333335,0.27249999999999996,False
130.0,0.8877485962612267,0.11933529328681877,-25.761454200704843,0.3290436533357671,0.2605047594212781,0.10357213464036609,0.2977951817696173,0.056866418871067026,0.2708333333333333,0.05583333333333329,False
133.0,0.982812583879408,0.05204221176159239,-37.37980175080394,0.4639598451987066,0.453730794325734,0.12950065335166444,0.27037149670891775,0.24461338755015316,0.25666666666666665,0.2366666666666667,False
134.0,0.9942793004160119,0.03346785308078365,-43.56037874559931,0.4390185909409027,0.4364241851928396,0.07170896557587367,0.02711762865464373,0.00788723823477655,0.025,0.007499999999999951,False
135.0,0.9921975704287912,0.03569193099070511,-42.659628937779786,0.44246876935407153,0.42312617399348024,0.08823602168098788,0.1650352934032745,0.07804002468562588,0.16,0.07666666666666666,False
137.0,0.9778395726159813,0.06056711624754783,-35.256044371127366,0.4384020278622193,0.31802409229057804,0.07840525506176091,0.4200456138161112,0.12119016272798344,0.41833333333333333,0.12083333333333324,False
138.0,0.9978764294600702,0.02075845806863878,-50.2472209663056,0.44307433977739336,0.43405568241501086,0.09216273622680997,0.14940975975689905,0.10844353150964658,0.14333333333333334,0.10666666666666669,False
143.0,0.9547722917868969,0.07926892696124434,-31.488726962216454,0.419342250935899,0.3611305710955857,0.13346944743662004,0.34047517878301947,0.22995100733493334,0.32166666666666666,0.22416666666666674,False
144.0,0.9989437912162591,0.015182447768540351,-54.62661378615305,0.35962180234872915,0.33585579556804196,0.058614184810070614,0.16846680864090724,1.4997147426365487e-05,0.16666666666666669,0.0,False
145.0,0.985668161910982,0.04726267662226589,-38.72848121812665,0.47536771939420297,0.45525527753839173,0.11900446102165188,0.2478675616328719,0.19606209137968644,0.2375,0.1891666666666667,False
146.0,0.9630454443450801,0.0704382884061513,-33.14225611958323,0.5436158818145366,,0.13671715668212514,0.5612598392834136,0.1166568783875781,0.555,0.10499999999999998,False
148.0,0.9720153721413177,0.0585458447054134,-35.73123226065644,0.3105000098412055,0.3017209003826391,0.1435564102461539,0.13590388859850144,0.016098723867234987,0.0375,0.008333333333333304,False
149.0,0.8859982019489794,0.12408452477904393,-25.215092118128293,0.3052802111906329,0.2733169558799683,0.040358001519408784,0.30782009293532125,0.07500002064060374,0.3075,0.07499999999999996,False
150.0,0.9701912855254264,0.06497553043170265,-34.272423488044424,0.43024766679879456,0.3575070813482429,0.12647715213110106,0.2989404273911225,0.11420684478010223,0.2791666666666667,0.10750000000000004,False
151.0,0.9549165112483589,0.08093514030800414,-31.19750054812576,0.5005323300675203,0.4260549491481934,0.15106909182761152,0.2602994487756518,0.09213303130776751,0.2358333333333333,0.0675,False
152.0,0.9832938473993283,0.05490224548276069,-36.63081441968861,0.3519963908163556,0.27343846628664786,0.06903744924424439,0.35131276459279887,0.02421935952314236,0.3475,0.02416666666666667,False
154.0,0.9937509452043802,0.03253041157555047,-43.95811840949867,0.39341419623775203,0.28421442315881407,0.08177543963190943,0.3830503184821847,0.03785059781157796,0.37833333333333335,0.03749999999999998,False
158.0,0.9791899769981505,0.06048198541753375,-35.27573607970339,0.35260927230034395,0.27206090107125497,0.08138189404808407,0.3230556798104533,0.00024058334763876754,0.3141666666666667,0.0,False
159.0,0.9964639791517373,0.026258190691772976,-46.956882371658835,0.4107603133141968,0.37917750594419797,0.09970302093460888,0.15365589878834301,0.00814384616128594,0.14,0.005833333333333246,False
160.0,0.9869324498132898,0.05127480578635267,-37.587780678049135,0.3519365243411783,0.3197913676664056,0.07927971120562473,0.1763899372083497,0.00023474851123972407,0.16666666666666669,0.0,False
161.0,0.9892122467125104,0.04036792949489772,-40.93607487101841,0.45161834241862375,0.4805069077097753,0.11342130914891708,0.0912331925829683,0.1784135637546187,0.0775,0.1725,False
162.0,0.9962318996552865,0.02464775463965694,-47.842972612360214,0.4509121070949419,0.45394701257295167,0.12341327011973967,0.10886357196039731,0.10772986211627655,0.08833333333333333,0.09833333333333327,False
163.0,0.9778780323146602,0.05870006117322963,-35.694403140213446,0.3964789505858201,0.3913566842042818,0.09177258180622633,0.23161357113373476,0.20912278328059775,0.22416666666666668,0.20833333333333326,False
165.0,0.9621861860575023,0.07578488325934504,-32.11799009726204,0.5107635078392271,0.4198873605710632,0.09712445369516903,0.3494823694441084,0.11267651364147024,0.3466666666666666,0.10916666666666675,False
166.0,0.9783902613977375,0.054571968895345054,-36.71528885558808,0.4798910785452027,0.41951941470392795,0.14387578742720836,0.23285136542155616,0.074331172083421,0.2075,0.05500000000000005,False
167.0,0.8886159638371565,0.12680170115929415,-24.911831493807433,0.3231567335016907,0.2539808856884541,0.0650020125583309,0.33213022324990416,2.0207956465623234e-05,0.3275,0.0,False
170.0,0.9457192006924316,0.08853366179844958,-29.941214159748014,0.32902320426507786,,0.06459913944614996,0.5872113412559689,0.052511178282643955,0.585,0.05249999999999999,False
171.0,0.989387566297872,0.047030331609043435,-38.7974754485477,0.31327923706550653,0.27265109853319414,0.049962238680749095,0.2954316609764238,0.03583405242691606,0.2941666666666667,0.03583333333333327,False
172.0,0.9941946373682168,0.030889627897297822,-44.68268745453747,0.46048892721591306,0.4529150928678114,0.11023625806571406,0.12543252113222364,0.09178728940842551,0.11333333333333334,0.08583333333333332,False
173.0,0.9882621352133651,0.04738279075076945,-38.69294652748545,0.4283553794590729,0.3990380511724473,0.10518808219093213,0.20846359959980046,0.10222589058168396,0.19666666666666668,0.09916666666666674,False
175.0,0.9483806495403052,0.0865870059465926,-30.2524773006918,0.30157840331959057,0.2897709287054643,0.03153018945050312,0.231864355758721,0.11000000015788425,0.23181818181818184,0.10999999999999999,False
176.0,0.9863286769136215,0.05019239360742634,-37.88648499741232,0.333775688002216,0.3264148688396783,0.007598365281600257,0.32666666666666666,0.043333333333333335,0.32666666666666666,0.043333333333333335,False
177.0,0.9931048856012533,0.03668964719982796,-42.27364918910954,0.39981682504235033,0.3862571161551559,0.0914033747877991,0.0993958575264934,0.02374927781107594,0.08833333333333333,0.022499999999999964,False
178.0,0.9951854894052452,0.030873726452099244,-44.68989626759641,0.4559223880259376,0.44541401735795816,0.08957465851642084,0.11013669700714457,0.057760589622645186,0.105,0.05583333333333329,False
179.0,0.9961709278649463,0.027849481438319727,-46.13317305627655,0.4033187747868829,0.34039388000833565,0.09051946368527788,0.2996558645158455,0.08502048714747168,0.2925,0.08416666666666672,False
180.0,0.9897773285652759,0.042267108150182156,-40.29244512711323,0.40311000195927676,0.3581849388218092,0.09779212812979989,0.19718057766595912,0.001819054594833669,0.18416666666666667,0.0,False
181.0,0.9750927316744036,0.060369291617797936,-35.30184608354131,0.40481064323627747,0.3488071335086667,0.11574814748530297,0.2515763678593696,0.06743520682269044,0.23083333333333333,0.06333333333333324,False
182.0,0.9940016075363404,0.035119506448430475,-42.88597989046544,0.34843659160496004,0.33688154018343147,0.09187491225486913,0.07983055421066229,0.0007820486113305769,0.05909090909090909,0.0,False
183.0,0.9385311041683003,0.0948612580470663,-28.97475855066024,0.3681146511742091,0.2609847313935973,0.07935980408087434,0.39432338199392636,0.072687466524473,0.38916666666666666,0.07250000000000001,False
185.0,0.911036935115843,0.10306231026433607,-27.813901274970377,0.3976053051593886,0.2860148814666308,0.1365868379514757,0.36071461433863466,0.12739614584454628,0.3325,0.12083333333333324,False
186.0,0.9738830022230975,0.06805072489550998,-33.62502656564337,0.39516006740309945,0.21062783378419142,0.11135719127329455,0.44084592654017285,0.1261165696605414,0.42833333333333334,0.12416666666666676,False
189.0,0.9952708284656193,0.03197895787751342,-44.19748022322349,0.42059011374264005,0.2957183699001198,0.10007616141722141,0.3661337616680273,0.002792703739698199,0.35666666666666663,0.0008333333333332416,False
191.0,0.9973838587538408,0.022839753183313792,-48.90953780822485,0.4085490403340505,0.3965020086738217,0.07412694445783749,0.07872208323242406,0.0003168135522318982,0.075,0.0,False
192.0,0.9193197197209156,0.09564373331631258,-28.859751428849435,0.4416551711925775,0.31373124761902915,0.16577639398905974,0.36634385917457235,0.15357022744114646,0.33166666666666667,0.13583333333333325,False
193.0,0.8708361840599674,0.12097927065523516,-25.56990490944975,0.22028719661844204,,0.13761646751577664,0.6766965244468082,0.20798016599959546,0.6533333333333333,0.20750000000000002,False
194.0,0.9126596760172029,0.10817699084330312,-27.135812247783676,0.3315696078822186,0.26501206005721367,0.0929803389161951,0.3335450519611972,0.1287507220191797,0.3183333333333333,0.1283333333333333,False
195.0,0.9933738923775555,0.03379176789079714,-43.42553283557394,0.3348772485444039,0.26947298147804044,0.08465651128878546,0.28282124326381874,0.0002828549991797935,0.2690909090909091,0.0,False
197.0,0.9960507715079068,0.02656443055864106,-46.79455017117363,0.36766635379971935,0.34045342706245685,0.0678689860324017,0.1942400444749328,0.03840261377071197,0.19083333333333333,0.03833333333333333,False
198.0,0.9803271058206379,0.056316269065163065,-36.27480540465922,0.36895113703080035,0.3450828389660885,0.08170257524155942,0.13611329775513004,0.00038602326688286226,0.12666666666666665,0.0,False
199.0,0.9979993176822781,0.018969486383047456,-51.508929988726074,0.4384305034798322,0.42476639514413655,0.09539923896986602,0.0817026429341847,0.009216394479125145,0.0725,0.00666666666666671,False
201.0,0.9785764550993612,0.057542133001298054,-35.97332992322327,0.37907284168932043,0.29761479645648636,0.09195225634878922,0.3054083356337669,0.0016556071698897723,0.2941666666666667,0.0008333333333332416,False
202.0,0.9487600096193399,0.08204083753543014,-31.007533917486107,0.43290747874076857,0.404129489064027,0.14209650287089307,0.24301164273607567,0.16153891211394722,0.21416666666666667,0.15000000000000002,False
203.0,0.9878794143061035,0.043754465655089655,-39.80826238979656,0.4268684463107857,0.31840911084807655,0.09619494525523106,0.3555791819071855,0.03326524752927329,0.3483333333333334,0.03166666666666673,False
205.0,0.9887799040598193,0.0461355445365063,-39.06640232874982,0.4650933531782333,0.4373037309357075,0.10950258182756072,0.17339281265833326,0.07079632072349828,0.1625,0.06499999999999995,False
206.0,0.9403029953243068,0.09183443682267688,-29.428750920762035,0.3243536827194315,,0.05266010640739092,0.56171739879318,0.020001122653973358,0.5608333333333334,0.020000000000000018,False
208.0,0.9848156486718884,0.051331431827036963,-37.57232811554412,0.4021383107931458,0.36280805587137993,0.1001404321833776,0.22672617386233315,0.07847301518786076,0.21416666666666667,0.07666666666666666,False
209.0,0.997633075748442,0.020437661025208522,-50.465263320249846,0.4736321479424321,0.48476332641007563,0.10338237174716332,0.02760034809817228,0.07308685505982815,0.018333333333333333,0.0675,False
211.0,0.9967254105013496,0.02613313533571974,-47.02371703466634,0.3619602448043801,0.18604170415411117,0.08919265281294349,0.45408424646787426,0.11700792587186548,0.44666666666666666,0.1166666666666667,False
212.0,0.9814855978906923,0.05282437359209785,-37.170956032103604,0.5086177103404056,0.44525036804242313,0.14035738465023026,0.22470863321809056,0.05887491068039219,0.205,0.036666666666666736,False
213.0,0.9991343485238063,0.013432254764576353,-56.34134949358952,0.448398745607522,0.36294374931983653,0.07452379455375187,0.3548124354560286,0.03870432832194837,0.35333333333333333,0.03833333333333333,False
214.0,0.9930550534479231,0.03691444660598526,-42.18813216664122,0.3658367667829656,0.3244294458205054,0.1068500451051278,0.2695138914345865,0.13329785578713627,0.25,0.1316666666666667,False
215.0,0.9979815686716834,0.02086670894968928,-50.174403684846354,0.39266421001317575,0.36596775385769426,0.05373965450075688,0.28538107858539574,0.14667368836610972,0.285,0.14666666666666672,False
216.0,0.9429398247309448,0.09049810775248038,-29.633968722301084,0.3624791157986083,0.32115292848777816,0.11984145990290977,0.36157690998831954,0.28183044893615095,0.3441666666666666,0.28,False
217.0,0.7557802959415403,0.18867292997452567,-19.348364091545655,0.318235758919515,0.18516411033371635,0.020802424875391686,0.4991667803902797,2.886579864025407e-15,0.49916666666666665,0.0,False
218.0,0.9597758012935836,0.07375248685709916,-32.49856789928241,0.4251754301301765,0.32239615380948505,0.11900611767590472,0.38197197080521333,0.19513896344232684,0.37,0.19166666666666676,False
219.0,0.9979447956431912,0.021888953015297544,-49.50482477132487,0.429723257263749,0.4176978410840858,0.053391939285481776,0.1011206075517805,2.066101664788267e-05,0.10083333333333334,0.0,False
220.0,0.9933733048663912,0.038298009381277656,-41.673003019355946,0.31917483135642977,0.2817666631144919,0.05237224114004038,0.26743681236805844,0.021668277577254536,0.2658333333333333,0.021666666666666723,False
221.0,0.9785150871929506,0.05752203207524232,-35.978221332593975,0.4733454315009019,0.3670346402578437,0.09111701966407779,0.37301896862836825,0.08418589782714525,0.37,0.08250000000000002,False
222.0,0.9957729106195018,0.029548241736860048,-45.304234534673924,0.4396861681127866,0.38132595296966965,0.0783347389532819,0.2833096186358396,0.0388657765628706,0.2808333333333333,0.03833333333333333,False
223.0,0.9889969840019666,0.04420997131421697,-39.663268879958174,0.38918466295368537,0.35266472582531183,0.09686695485561919,0.1779600750220889,0.010674796988328406,0.16333333333333333,0.009166666666666767,False
224.0,0.9936568923631858,0.03501527993473337,-42.92759040476749,0.36245506831915775,0.3496492710763406,0.07154769944053221,0.08906905589848102,0.001790109318458244,0.08333333333333334,0.0016666666666667052,False
225.0,0.99486355148537,0.03240535579666717,-44.012041944699185,0.4264232529175199,0.35580738678822565,0.0981197692944919,0.2929629599674359,0.0593975582341747,0.28454545454545455,0.057499999999999996,False
226.0,0.9996574636238096,0.007777500116203421,-63.99128439952118,0.37209002066474056,0.29554583538283946,0.07745603172988014,0.32186818707427245,0.006870727242286545,0.31636363636363635,0.00666666666666671,False
227.0,0.9309411097716392,0.1023841800696105,-27.906322977472744,0.43124611285445985,0.26011684473266217,0.14782093412977343,0.4175302559986499,0.17500560776008944,0.395,0.16583333333333328,False
228.0,0.9474135360175346,0.08392237369682534,-30.690082420843602,0.5244745630270661,0.5522220500451795,0.11440899054844593,0.009838420988060424,0.12207249304859835,0.0008333333333333333,0.10833333333333328,False
229.0,0.8734886834229698,0.12835707656392234,-24.741149336041772,0.3572004310424778,,0.11203846516547675,0.7225209737513265,0.08232177510323035,0.7144444444444444,0.08166666666666667,False
230.0,0.9726052690217039,0.06483772360462281,-34.30214766864798,0.36629311459840497,0.3113077732749898,0.09332536819611839,0.2485911721933256,0.021670245708033997,0.2341666666666667,0.02083333333333326,False
231.0,0.9890006153309463,0.044493599536936816,-39.5737390309927,0.4152217258756506,0.4425543271074434,0.1093231591782694,0.23572336059690857,0.2881471131141866,0.225,0.2858333333333333,False
233.0,0.9826897829234501,0.051764002489046126,-37.45484425513499,0.38999918441834436,0.3373308262351755,0.10063615042959821,0.2250545143537871,0.010984511888012083,0.20916666666666667,0.009166666666666767,False
234.0,0.9966429224620603,0.024087680483960545,-48.1647665339132,0.4006981737148391,0.3552191873700711,0.07433617486898245,0.2894207293419668,0.10685787647912326,0.2866666666666667,0.10666666666666669,False
235.0,0.9422713528178049,0.08993910423029054,-29.720714402559842,0.37799087345583937,0.34413061037283244,0.08250971161216651,0.33513398844386316,0.24522559302527958,0.33083333333333337,0.245,False
237.0,0.9952321868849006,0.029453780744422026,-45.34906198188317,0.4593629239553164,0.45174879310989535,0.10044072398490232,0.05466319543069628,0.013493487811990668,0.045,0.009166666666666767,False
239.0,0.9629082522333834,0.0731278132402384,-32.61765103512253,0.4300317972825578,0.40449350322312844,0.13495045554480595,0.24453144010135336,0.17059250679085058,0.22,0.16166666666666674,False
240.0,0.9814998340122207,0.055225272617440466,-36.548684304829685,0.34064661880502733,0.2671054961505079,0.06694001461031915,0.3374182852016404,3.516596766706126e-05,0.33333333333333337,0.0,False
241.0,0.9819766353895889,0.053927343186364655,-36.88164688943878,0.3623520032900911,0.3425419676570871,0.09004289668048956,0.14219475914818294,0.03653589874634089,0.1275,0.03583333333333327,False
242.0,0.9842541488840083,0.05219997312412023,-37.33742618540184,0.41786406174184026,0.4043997385948463,0.11222286848741672,0.13985405463534042,0.07698177443877563,0.12083333333333333,0.07250000000000001,False
243.0,0.9633180150615221,0.0710422701394861,-33.02272315023075,0.4180894406111203,0.36371051923053266,0.1325395801149363,0.2935950690182692,0.1603935754358068,0.27,0.15333333333333332,False
244.0,0.951211162763448,0.07813079440010333,-31.69119407496418,0.4830453697380535,0.05908271523946362,0.14975137331037505,0.49268379301291854,0.1170378955445478,0.4766666666666666,0.10416666666666674,False
246.0,0.9705113184731916,0.06563908886065851,-34.13017451196633,0.49717900870729126,0.40386223595352716,0.13537450711183557,0.2978563779680881,0.08054456616828776,0.2816666666666667,0.06499999999999995,False
248.0,0.9991338744325323,0.012874808720703873,-56.93475764861882,0.41366595114492377,0.3659002919136388,0.10562103802366252,0.21347896204506547,0.028833785546085844,0.19833333333333333,0.025833333333333264,False
250.0,0.9940771426805112,0.034193168703045486,-43.260211605465,0.4036607593891817,0.3854585272088448,0.09719917457800685,0.1482650358170334,0.06256897533956374,0.13583333333333333,0.060833333333333295,False
252.0,0.9748664393946862,0.0597315585530166,-35.45052690984819,0.42361106204441606,0.3688299591783062,0.11761726193836952,0.2502862838487412,0.07786496267329068,0.23181818181818184,0.07272727272727264,False
253.0,0.9793423118987591,0.055268622233160286,-36.537699179325045,0.4042133068449299,0.2954928211787238,0.11139280272684085,0.36266600320187103,0.10012269138118712,0.3483333333333334,0.09750000000000003,False
255.0,0.998043447972904,0.019332350833477063,-51.24365528294528,0.41950388686842277,0.32106600609391284,0.05571246802540868,0.4211244150552966,0.036682856971192335,0.42083333333333334,0.036666666666666736,False
256.0,0.9697019423331456,0.06710586410808636,-33.82077383363945,0.3594857904721634,0.3126257634759467,0.09173390060339516,0.21937479401063048,0.00739861488167981,0.204,0.00666666666666671,False
258.0,0.9919382673455935,0.03703200841653145,-42.14361707166309,0.35925954968576196,0.14882365699254999,0.10334257771086211,0.45435373869514184,0.028581686600723244,0.43833333333333335,0.02749999999999997,False
259.0,0.9989120563260477,0.01426524777724693,-55.499004948240604,0.42133668899082793,0.3635320255675259,0.10650074743039764,0.29044831224066636,0.1226131039713304,0.2791666666666667,0.12,False
260.0,0.8922168144349192,0.11748982329365283,-25.979649831818314,0.5731677938356285,0.5896476607303069,0.13541727158307376,0.18863181528086798,0.24141143373651208,0.18,0.21666666666666667,False
261.0,0.9999126036162878,0.0042347602004952556,-72.5020000603734,0.41651128255587205,0.41651128255587205,0.051571721149834264,0.0003107067562973161,1.219927946571886e-05,0.0,0.0,False
263.0,0.790320570096817,0.17374256528757492,-20.50252819230357,0.3106414379764109,0.28811440012775524,0.024345782336927725,0.33416834597175404,0.08166666666696143,0.33416666666666667,0.08166666666666667,False
264.0,0.9971138734534538,0.02228147376382187,-49.25599606210692,0.4584960850134959,0.4265810571991389,0.11259484944638866,0.2629541963096267,0.17714358151418763,0.2533333333333333,0.1725,False
265.0,0.9925014045029193,0.032508572422436426,-43.96752040615648,0.335389279904355,0.30452748031888094,0.12723281366903705,0.2477388178412015,0.12445968000878571,0.2025,0.12083333333333324,False
266.0,0.9971957254407547,0.02196175280734395,-49.45833986277462,0.35880164313852886,0.19065637490264045,0.06931981199212789,0.4674206926522748,0.10420807670614463,0.465,0.10416666666666674,False
267.0,0.987121505278049,0.04604079608984684,-39.095183656179366,0.4068637042050212,0.3833746530209352,0.1029680458272452,0.1481428862254972,0.04093690538185868,0.1325,0.03833333333333333,False
269.0,0.9935414554797605,0.031022303341467845,-44.622684187814265,0.3436385368553199,0.2577835556591983,0.10058412849745436,0.31383736223303876,0.011854086399128105,0.2916666666666667,0.01083333333333325,False
271.0,0.9868484306723454,0.045169544989532934,-39.362650837175956,0.4608446657226528,0.4534551349331708,0.12611376716508932,0.13343264286572964,0.10092956781693618,0.11333333333333334,0.08999999999999997,False
272.0,0.99796435006244,0.018439089993500125,-51.90595376330567,0.4255453411402805,0.4132589405863043,0.10431383845310385,0.07555372281430549,0.008779199545882577,0.06,0.0050000000000000044,False
274.0,0.9427048300734094,0.09024963906293458,-29.672459535117312,0.3516475632519839,0.32046798918169256,0.07331457423644554,0.1874480484144662,0.011783193575581552,0.18083333333333332,0.011666666666666714,False
275.0,0.9872887614662639,0.04568560492029247,-39.20360830107322,0.3294264206973188,0.2990427912902621,0.05151255740824657,0.22960302036794608,0.01000169145653551,0.22833333333333333,0.010000000000000009,False
276.0,0.9816021117492888,0.055023780809051306,-36.59985732392605,0.3985077194302034,,0.0982731051664319,0.5423198382186637,0.010166976486614354,0.5345454545454545,0.009166666666666767,False
277.0,0.9880197501731725,0.04691438338017387,-38.83203356133994,0.48150720465207814,0.47153912984698326,0.07398413784939675,0.15444005856840662,0.10400504835384927,0.15333333333333335,0.10333333333333328,False
278.0,0.9720018219670641,0.06529634107734653,-34.203469874861334,0.3687996054871946,0.32245095400495905,0.10268663323636754,0.2742164286556245,0.12049786982752875,0.2575,0.11916666666666675,False
280.0,0.9957640555034099,0.028329876453130096,-45.89373656596056,0.4398658924294508,0.44264330908587013,0.05732260133203039,0.007114389338644309,0.030054953516280514,0.006666666666666666,0.030000000000000027,False
282.0,0.9949150527084857,0.030345066828652238,-44.93169844361958,0.30620089448384047,0.22302518790666012,0.1043166439703289,0.35062520838569583,0.10490802744862271,0.32166666666666666,0.10416666666666674,False
285.0,0.9801873217325267,0.056323597320295064,-36.272983748166084,0.4020123703694189,0.32689720260605504,0.10296592367547872,0.3097983493726017,0.08186473146094886,0.2975,0.07999999999999996,False
287.0,0.9949318160893083,0.031925652363377105,-44.22083620233611,0.3911462498802071,0.363399982514434,0.09357108066797078,0.18326668244028713,0.059481355149431536,0.1716666666666667,0.05833333333333324,False
288.0,0.9999638363177029,0.0030383201481617088,-77.1503069879,0.3865770572236713,0.3801518577427938,0.056762262522307885,0.05603858498985892,0.0016857778755992037,0.055,0.0016666666666667052,False
290.0,0.9471992701634377,0.08392064067714079,-30.690371527610125,0.3857140297472397,0.2732676172480031,0.11251328605518078,0.3675204195445715,0.09486207774942768,0.35,0.09250000000000003,False
292.0,0.9946017608981774,0.028578709713995638,-45.77130555552065,0.4534652284578123,0.4429431046340027,0.11384119180005953,0.06965583932942178,0.016819405712900748,0.0525,0.009166666666666767,False
293.0,0.991024115227897,0.036775531409097985,-42.24091587244716,0.4598032416516142,0.43822253644272074,0.13645890206801664,0.251819220449933,0.19754614292764083,0.2325,0.18666666666666676,False
294.0,0.9966831522425584,0.027065072574556936,-46.53315704143951,0.3555489953482473,0.32847718187859587,0.05381930277598914,0.2866005470651422,0.14583691600971926,0.28583333333333333,0.14583333333333326,False
299.0,0.9980547259727973,0.01788802205901498,-52.33073528370812,0.45366722013380534,0.44382811853883963,0.1126204119208306,0.12185913014025956,0.07803559751542366,0.1075,0.07166666666666677,False
300.0,0.9694477550017684,0.06961200641553546,-33.30745508768419,0.4142827688539233,0.4038061772133731,0.12076633730916553,0.25081502222153723,0.2134970693664393,0.2333333333333333,0.20916666666666672,False
301.0,0.9887361121871351,0.044600220570711405,-39.54023064211382,0.3819413111351687,0.3567051729089037,0.08257364360660288,0.14009299824056484,0.0004872759440077701,0.13166666666666665,0.0,False
302.0,0.996731857001366,0.022858635805507756,-48.89796817823965,0.3579554988648898,0.2843081019614986,0.12150312928156806,0.27248389877384804,0.017955069618438957,0.235,0.01416666666666666,False
303.0,0.9635460550295624,0.07476663485973224,-32.3073697215621,0.36795273785847465,,0.1304122256866558,0.5545864094523129,0.09128218832846158,0.5333333333333333,0.08833333333333326,False
304.0,0.9920849866231248,0.03849018569181781,-41.60292782193295,0.3388253344163606,0.3143872719867072,0.09145860241333358,0.23787085022859095,0.1379637173783943,0.2225,0.13749999999999996,False
307.0,0.9744339147179237,0.05928105591828212,-35.55651680072776,0.49698275927698815,0.45680346871405475,0.13393884837386627,0.2616691369624532,0.17272585920461503,0.2475,0.15916666666666668,False
308.0,0.9954914280495049,0.0308594159381171,-44.69638701767266,0.40845843150573113,0.335536965694633,0.09413183577707696,0.292977856702979,0.03294065947899327,0.2841666666666667,0.03166666666666673,False
309.0,0.9779010054005733,0.06263616949669269,-34.78577332341463,0.43366218294373166,0.43366218294373166,0.09976307166059531,0.012781142443768106,0.0034127162920151166,0.0,0.0,False
310.0,0.9222607705135633,0.0991325036046182,-28.358170648788025,0.36080934127260833,0.32624725414472083,0.1192697996847078,0.23468017636341604,0.10575443486951397,0.2025,0.10250000000000004,False
312.0,0.9951770377427065,0.02972858915855843,-45.21904537539518,0.38877672292681403,0.36623527516463583,0.11412713889111653,0.12073687453105188,0.006756767913800976,0.09166666666666666,0.0024999999999999467,False
313.0,0.9954981105238849,0.02781429185067856,-46.15087413054791,0.46160196180706214,0.4800476045466437,0.10645500953042998,0.10625836622138962,0.16552676736621075,0.09666666666666666,0.16083333333333327,False
314.0,0.9637369328392653,0.07212269923476047,-32.81141036095658,0.4173627912004215,0.29589625629341987,0.10924649356830801,0.36680392364626835,0.05949774431687804,0.35416666666666663,0.056666666666666754,False
315.0,0.9793448492701893,0.053904695234059045,-36.88752772674065,0.438296415717366,0.31931352555555537,0.12814440531503393,0.3675107838255317,0.12899347437713204,0.35083333333333333,0.12250000000000005,False
317.0,0.9701888705529609,0.06730318797589054,-33.7796674335704,0.34553838185649166,0.3246132611845818,0.07003325215406965,0.16652532232228795,0.04279687563883772,0.16083333333333333,0.042727272727272614,False
320.0,0.94840687511556,0.09743923583196543,-28.59936844497605,0.35982074589496615,0.2772711025943767,0.08683418296055585,0.43864119380950983,0.33196460661357907,0.435,0.3318181818181819,False
321.0,0.9640696401087935,0.0719750028268822,-32.84010964491212,0.42283705404426714,0.41896037124306346,0.1027199022479524,0.038920268147584744,0.008513409387280513,0.023333333333333334,0.0050000000000000044,False
322.0,0.9988737039143002,0.015521163297121662,-54.31771137254414,0.42005016869270045,0.3968048858299115,0.06264499607091766,0.15603341200978993,8.058210203931715e-05,0.155,0.0,False
323.0,0.9854637858862721,0.05114454061586422,-37.623393351519475,0.36240766428447524,0.3374775090337762,0.08573574598684336,0.17545943391478547,0.051295596628696094,0.16416666666666668,0.050833333333333286,False
324.0,0.9627286553950419,0.07729750399962834,-31.841310591729616,0.3159023414087221,,0.06746772110539653,0.5375834975093357,0.0033516266096262903,0.5333333333333333,0.0033333333333332993,False
325.0,0.994799981018994,0.02849675384941683,-45.81151137501132,0.37606935462753993,0.3303501708160036,0.1113596847974082,0.20038209209490887,0.010509474970882504,0.1733333333333333,0.007499999999999951,False
326.0,0.9879286693713434,0.04673071177320128,-38.88695167084146,0.3562137881483518,0.26201920103640625,0.09818581891908734,0.42445305598048527,0.28292669850076524,0.41666666666666663,0.2825,False
327.0,0.8789734544192492,0.128740297090737,-24.699413465523115,0.2918555091228185,0.286127610340856,0.031086352670572345,0.10916294171402458,0.030000000110094516,0.10909090909090909,0.030000000000000027,False
328.0,0.9033087831542723,0.10301236875540101,-27.820686981415296,0.4318795074773324,0.2993606865069952,0.1745322296189265,0.4023577244262398,0.23920714371598706,0.3709090909090909,0.22416666666666674,False
335.0,0.9959725732866672,0.026664713401204406,-46.741798563594955,0.5036222621701727,0.5286213105261469,0.115249192882739,0.011276715142023119,0.10949859228835424,0.0,0.09750000000000003,False
337.0,0.9992901635662939,0.012906070114334266,-56.90080537506517,0.34457905847780024,0.33251028186261433,0.062084056328044604,0.0918629638976386,2.3712700720213142e-05,0.08833333333333333,0.0,False
338.0,0.9883929470768039,0.04258217682803426,-40.188472966013535,0.43419531138708434,0.44057522610022765,0.10166247797238215,0.16664961452687962,0.18086579424869476,0.1575,0.17833333333333323,False
340.0,0.9928383940695866,0.03560006188342408,-42.695710639581264,0.4113067912405098,0.38933004443373864,0.08831166574224458,0.16811162027445797,0.06598454866817538,0.16083333333333333,0.06499999999999995,False
341.0,0.8167726748082683,0.15196188125629947,-22.377757991133954,0.3424025395768481,0.05632784593743462,0.14680633258832435,0.487413333309658,0.19973004970185881,0.45666666666666667,0.1958333333333333,False
342.0,0.9476814040822625,0.07288815020353587,-32.663608825596604,0.5381075397118681,0.3441591334230334,0.21786079526584648,0.41459475860889844,0.2587850142154846,0.38333333333333336,0.21583333333333332,False
343.0,0.998014294983656,0.02102122312887957,-50.07111816976511,0.3774598323036527,0.3774598323036527,0.05489286420402972,0.0010308908245685385,1.1875709959530134e-05,0.0,0.0,False
344.0,0.9937624037971703,0.03360462864896573,-43.50328049727347,0.44264133651207965,0.3913010451871432,0.08946113294582715,0.2238429383716243,0.0015361580903634486,0.21833333333333332,0.0,False
