,subID,PSE_subt,range_subt,bias_subt,sigma_subt,PSE_pf,slope_pf,range_pf,bias_pf,social_skill,attn_switch,img,attn_to_det,comm,posAffect,negAffect,neuroticism,extraversion,openness,agreeableness,conscientiousness,loneliness,nfriends
0,30002.0,0.5529509502277088,0.9008213238514855,0.3155037025430308,0.1033595669543934,0.5130540418969167,0.7842857161550786,0.7842857161550786,0.4525386153602978,21.0,23.0,9.0,10.0,16.0,20.0,0.0,38.0,28.0,31.0,34.0,39.0,56.0,3.0
1,30004.0,0.2768959343552792,0.8058338247396377,0.9994581811203578,0.0768660452604529,0.8729071623953449,0.4692857160947328,0.4692857160947329,0.1702557099955652,21.0,20.0,9.0,15.0,15.0,25.0,11.0,38.0,26.181818181818183,50.0,50.0,46.0,56.0,3.0
2,30005.0,0.3205831949598149,0.7101310746171048,0.8617297901377517,0.1153528375683775,0.501696354743136,0.8421428561986073,0.8421428561986074,0.49095021616311546,17.0,29.0,21.0,16.0,16.0,20.0,21.0,51.0,39.0,40.0,43.0,19.0,41.0,5.0
3,30006.0,0.4648232418961557,0.9893963329571449,0.8895718055150366,0.0792208985984395,0.7410462072242983,0.6745868140563755,0.6745868140563755,0.0003073016224281837,8.0,10.0,5.0,10.0,3.0,25.0,0.0,18.0,41.0,31.0,44.0,57.0,30.0,4.0
4,30008.0,0.3251177869162705,0.5822519257303093,0.6927098441068518,0.1725848032860475,0.677591436153306,0.511071424428576,0.5110714244285761,0.31436571152522497,5.0,15.0,12.0,17.0,12.22222222222222,28.0,4.0,27.0,46.0,42.54545454545455,46.0,50.0,45.0,5.0
5,30009.0,0.4895738571064396,0.7210436151361144,0.6367060862812857,0.1270228616930065,0.5787577603048671,0.6179285678614092,0.6179285678614093,0.3726241588889442,10.0,21.0,8.0,8.0,12.22222222222222,18.0,17.0,48.0,38.0,42.0,44.0,29.0,32.0,9.0
6,30010.0,0.419273206163381,0.6879831073440233,0.7419902917895216,0.1257778890022537,0.5524632144967857,0.7442857181340926,0.7442857181340927,0.3472998027625257,13.0,12.0,9.0,21.0,11.0,29.0,11.0,32.0,43.0,35.0,37.0,48.0,43.27777777777778,5.0
7,30011.0,0.3825255893456694,0.8783898394651879,0.9209316606391144,0.10446386522336,0.3793222715044309,0.6885714297076718,0.6885714297076718,0.7668195662526063,21.0,14.0,17.0,18.0,9.0,15.0,1.0,31.0,21.0,42.0,38.0,53.0,31.0,2.0
8,30013.0,0.3186032318511019,0.5944617681977196,0.612884857421496,0.0873380843520618,0.3993633230287026,0.5796428540942019,0.5796428540942018,0.6387708790830727,12.0,11.0,9.0,12.0,8.0,33.0,4.0,31.0,48.0,35.0,44.0,54.0,36.0,5.0
9,30014.0,0.4070279594756171,0.9961781622749921,0.9290324979383473,0.0722054798282495,0.4521428570804274,1.0,0.9521428570804275,1.0,12.0,12.0,14.0,13.0,11.11111111111111,18.0,0.0,24.0,46.0,33.0,44.0,48.0,33.0,10.0
10,30016.0,0.3208284994058807,0.6012796486407941,0.6956206539728063,0.1815969181458739,0.4477838552695482,0.5882142837614643,0.5882142837614645,0.5745880222703398,7.0,17.0,9.0,11.0,10.0,22.0,7.0,38.0,44.0,47.0,42.0,32.0,40.0,5.0
11,30017.0,0.5509971796197045,0.9984047915932448,0.1813533156770752,0.0676255222244547,0.5857896363370672,0.8533780200105048,0.8533780200105048,0.0006820259827835128,24.0,18.0,10.0,5.0,19.0,0.0,33.0,57.0,13.0,28.0,33.0,32.0,79.0,1.0
12,30018.0,0.4776413697954618,0.9043676779366858,0.989079034620649,0.0749245367478057,0.4914803047014942,0.5589285797489405,0.5589285797489405,0.5107962134349515,15.0,15.0,13.0,18.0,9.0,16.0,2.0,33.0,29.0,40.0,40.0,40.0,54.0,3.0
13,30019.0,0.1892402433161013,0.5746596427805636,0.9275628375039411,0.1208184481297142,0.2708603603301235,0.5507142917145705,0.5507142917145706,0.7808691040854556,19.0,22.0,11.0,14.0,13.0,18.0,7.0,37.0,28.0,36.0,34.0,46.0,49.0,3.0
14,30020.0,0.5507682045615743,0.5772240210410715,0.37436532019237306,0.1073112422036759,0.6711610516652662,0.6357142939520068,0.6357142939520068,0.20130717372387802,10.0,14.0,9.0,11.0,6.0,15.0,12.0,48.0,30.0,50.0,47.0,54.0,44.0,4.0
15,30022.0,0.3739323218934789,0.9999996187274249,0.9999530195994956,0.0253002324174249,0.5000791510402041,0.9996417546305792,0.9996417546305792,0.27913829050094047,14.0,12.0,14.0,14.444444444444445,11.0,24.0,0.0,24.0,40.0,39.0,43.0,44.0,55.0,1.0
16,30024.0,0.5287288833768315,0.8478144146740476,0.4927465141378931,0.123031833431153,0.7461846145880017,0.452428561768207,0.45242856176820717,0.29659101382793235,8.0,10.0,10.0,23.0,3.0,20.0,3.0,24.0,48.0,46.0,49.0,51.0,40.0,10.0
17,30027.0,0.3221519475918983,0.7271915227556058,0.9408617866244591,0.1184814353677412,0.3976718235554998,0.8539285636984737,0.8395833291121009,1.0,9.0,8.0,6.0,17.0,5.0,27.0,0.0,20.0,46.0,50.0,48.0,58.0,29.55555555555556,10.0
18,30028.0,0.3217713692582785,0.7823558999425396,0.9676042964388539,0.1312794311491271,0.6375368795828474,0.6457142849151256,0.6457142849151256,0.2493279461521037,20.0,21.0,14.0,15.0,14.0,6.0,13.0,46.0,25.0,37.0,39.0,46.0,63.0,3.0
19,30029.0,0.3721002572179432,0.6069733372002268,0.8966351562018532,0.1372783050396306,0.6025061294981849,0.6317857172691485,0.6317857172691486,0.32411896662674233,12.0,10.0,11.0,16.0,7.0,28.0,0.0,16.0,40.0,33.0,47.0,53.0,47.0,1.0
20,30030.0,0.0254055524082817,0.384819290289503,0.8051460470040442,0.13951988252471,0.6749950627212845,0.3616428644559787,0.3616428644559787,0.4008615832354633,18.0,19.0,11.0,18.0,11.0,17.0,12.0,41.0,35.0,40.0,37.0,46.0,54.0,0.0
21,30031.0,0.4192994275685456,0.8478366220217404,0.8901527724791991,0.0577273775732475,0.0,0.2850000034813587,0.2850000034813587,0.7710622680642798,24.0,14.0,14.0,11.0,19.0,12.0,19.0,56.0,15.0,46.0,39.0,32.0,55.0,2.0
22,30032.0,0.1916047471999004,0.6712503733822811,0.9666475944691557,0.1101124902185247,0.5294940313044054,0.468214292347417,0.4682142923474172,0.47403178235717724,12.0,17.0,4.0,14.0,9.0,18.0,9.0,44.0,35.0,49.0,39.0,30.0,40.0,3.0
23,30033.0,0.3607900995327894,0.9978230755789911,0.9912794776482239,0.0587946851501435,0.6165131195204285,0.8108505466823818,0.8108505466823819,0.000528682469053087,6.0,12.0,12.0,15.0,7.0,26.0,0.0,26.0,49.0,35.0,43.0,52.0,44.0,7.0
24,30034.0,0.2747529104659794,0.779638490958561,0.988514760796837,0.1169322464961165,0.6014146843118907,0.538571430782874,0.5385714307828741,0.3816305376909868,3.0,12.0,5.0,11.0,6.0,27.0,7.0,31.0,48.0,42.0,48.0,43.63636363636363,26.0,20.0
25,30035.0,0.4031246165952122,0.7633328515461618,0.9865917360153961,0.0979167451417732,0.7436053618625407,0.5864285783325514,0.5864285783325514,0.1545768432082153,8.0,15.0,5.0,9.0,3.0,29.0,7.0,39.0,47.0,52.0,51.0,32.0,42.0,5.0
26,30036.0,0.4888857301111329,0.7760449418960953,0.6604816442864303,0.1108171147319654,0.5867123047610852,0.6782142914216659,0.6782142914216659,0.3172400987262533,12.0,13.0,11.0,11.0,15.0,24.444444444444443,20.0,43.0,40.0,43.0,45.0,51.0,51.0,6.0
27,30037.0,0.3178122340432102,0.4841946416044156,0.7540291801743444,0.0761605572495246,0.6442794944573008,0.775905494898737,0.775905494898737,0.0004462403036380226,3.0,7.0,6.0,23.0,7.0,39.0,6.0,30.0,46.0,51.0,49.0,54.0,28.0,3.0
28,30039.0,0.3607478983685857,0.7005364993479236,0.7991452335539869,0.0712259416436643,0.6424148646887071,0.6921428548123322,0.6921428548123323,0.17981437964265778,15.0,18.0,10.0,16.0,12.0,15.0,25.0,53.0,31.0,41.0,47.0,31.0,59.0,2.0
29,30041.0,0.336212220164459,0.7545802958923986,0.7341926941175309,0.1061681620019536,0.6668518585238541,0.7496417586757284,0.7496417586757285,0.0003994276340616923,1.0,4.0,6.0,14.0,0.0,37.0,1.0,16.0,55.0,43.0,52.0,59.0,20.0,5.0
30,30042.0,0.346070537539174,0.7728655481710272,0.9300843585868085,0.1149899525890922,0.5380240012826839,0.7639285675351233,0.7639285675351233,0.37695410440585086,14.0,19.0,10.0,13.0,10.0,15.0,8.0,44.0,22.0,34.0,40.0,43.0,55.0,2.0
31,30044.0,0.5145186860346875,0.6746344271930836,0.10573525522005103,0.131296423544325,0.5595382808085075,0.587857146102206,0.587857146102206,0.4150779796157753,8.0,15.0,5.0,22.0,2.0,37.0,2.0,21.0,46.0,47.0,43.0,57.0,40.0,5.0
32,30045.0,0.1780905018730148,0.6057046494146144,0.9426645643767162,0.1941942082319345,0.5653332920719019,0.8842571400101098,0.8842571400101098,0.0008639841801795352,12.0,14.0,9.0,20.0,10.0,24.0,7.0,34.0,43.0,35.0,37.0,46.0,44.0,2.0
33,30046.0,0.4055237518516546,0.9569348091583418,0.9248030583321871,0.1033554514260555,0.4495238080439642,1.0,0.9495238080439643,1.0,10.0,14.0,8.0,15.0,10.0,11.0,6.0,39.0,33.0,49.0,44.0,39.0,35.0,7.0
34,30050.0,0.4334423676268714,0.6822540830969276,0.5170120769498323,0.0661466637001618,0.7045169479176469,0.5692857064907532,0.5692857064907532,0.22968490496094798,21.0,24.0,15.0,16.0,17.0,11.0,6.0,37.0,23.0,46.0,40.0,54.0,45.0,2.0
35,30051.0,0.4445322659991783,0.8142245474794668,0.6045398506130888,0.0630414195858489,0.5628047652740404,0.6103571476520367,0.6103571476520369,0.4016192978759273,14.0,15.555555555555555,11.0,11.11111111111111,5.0,22.0,4.0,24.0,31.63636363636364,38.0,43.0,49.0,35.0,3.0
36,30053.0,0.2755879818800684,0.5555808969822074,0.7566208758918681,0.1317371355109281,0.6057692369540874,0.6685714311131612,0.6685714311131613,0.28663791611070927,16.0,12.0,12.0,21.0,13.0,26.0,6.0,26.0,37.0,36.0,37.0,50.0,44.0,2.0
37,30054.0,0.3693439744236625,0.5914278658458133,0.8061478212837041,0.160490397440124,0.3724954507931939,0.6535714317044454,0.6535714317044454,0.7405498229661781,10.0,19.0,12.0,16.0,11.0,31.0,9.0,36.0,46.0,33.0,41.0,49.0,37.0,4.0
38,30055.0,0.4379768587032744,0.9565936894559145,0.9614774787879308,0.0462245015768327,0.6802232934576962,0.4478571425071936,0.4478571425071938,0.3538162938705572,6.0,10.0,4.0,17.0,3.0,33.0,5.0,21.0,43.0,41.0,46.0,51.0,29.0,6.0
39,30056.0,0.3100677962105186,0.5461188047003204,0.8403549860678539,0.0885869522423082,0.5596236316230324,0.6389285713811369,0.638928571381137,0.39449389025551623,16.0,18.0,14.0,8.0,13.0,20.0,20.0,41.0,28.0,33.0,41.0,39.0,41.0,5.0
40,30057.0,0.3709291685122978,0.7888069308800509,0.7783024580894835,0.0990418676315798,0.7487301992513251,0.6676637332110593,0.6676637332110593,0.0003009000521255412,21.0,15.0,16.0,11.0,13.0,13.0,12.0,40.0,23.0,38.0,39.0,34.0,61.0,0.0
41,30059.0,0.5030054319602864,0.654821037632002,0.39797951173909757,0.1414789917645784,0.5301659181206068,0.631428572495625,0.6314285724956251,0.44832040360293923,18.0,21.0,10.0,18.0,17.0,19.0,7.0,44.0,33.0,44.0,43.0,49.0,53.0,6.0
42,30061.0,0.3607392910112288,0.42398471454447845,0.5683842642086921,0.1443214801723098,0.443342783687508,0.2521428617536117,0.2521428617536117,0.5191021946966007,11.0,19.0,4.0,19.0,9.0,27.0,5.0,25.0,38.0,39.0,47.0,44.0,39.0,8.0
43,30062.0,0.4360361204023921,0.8979776810091151,0.607586710871764,0.0552709420843184,0.4462482026573676,0.6600000047696273,0.6600000047696274,0.604341726471131,15.0,10.0,6.0,19.0,8.0,30.0,2.0,24.0,37.0,45.0,44.0,59.0,30.0,3.0
44,30064.0,0.2677066016868669,0.5984663343624429,0.8960253123049443,0.1171590487867749,0.5582726337469488,0.6864285743963586,0.6864285743963587,0.37243735352404267,2.0,8.0,5.0,10.0,1.0,31.0,2.0,21.0,43.0,43.0,49.0,54.0,32.0,3.0
45,30065.0,0.515905773701762,0.970537076205622,0.7495241713938087,0.0667963777829322,0.5049627768491988,0.4317857198130608,0.4317857198130609,0.4962287885946867,4.444444444444445,10.0,14.0,19.0,6.0,34.0,4.0,31.0,53.0,45.0,48.0,55.0,32.0,5.0
46,30066.0,0.3530362834714663,0.6783571295834323,0.6141786993736341,0.0925974287104726,0.6862272317478147,0.444285716545832,0.4442857165458321,0.35111395988753935,8.0,5.0,1.1111111111111112,14.0,6.0,14.0,13.333333333333334,39.0,34.0,43.63636363636363,43.2,36.0,53.0,6.0
47,30067.0,0.3214062356054533,0.782195298677823,0.9308038633490537,0.0693610004288163,0.5442958659255204,0.854642855925724,0.854642855925724,0.23955772451786006,23.0,20.0,8.0,20.0,12.0,32.0,14.0,45.0,36.0,48.0,46.0,45.0,67.0,0.0
48,30068.0,0.4655583317432007,0.7256013660258416,0.45938190110324456,0.0486390424605498,0.4919540217126145,0.414285722882223,0.41428572288222304,0.5056910580146468,11.0,12.0,9.0,13.0,10.0,12.22222222222222,6.0,40.0,38.0,32.72727272727273,42.0,41.0,47.0,3.0
49,30069.0,0.4446705319729841,0.49833103206075957,0.5481745236878787,0.0365679957331409,0.3782344011895113,0.4692857229831683,0.4692857229831684,0.6076716032465926,10.0,15.0,11.11111111111111,18.0,11.0,27.0,5.0,35.0,41.0,37.0,43.0,42.0,35.0,2.0
50,30070.0,0.4128118841261384,0.8775446428609125,0.7059429777793702,0.1085233827913207,0.3290598315947439,0.7242857119430296,0.7242857119430296,0.949050074428786,24.0,23.0,24.0,22.0,22.0,11.0,19.0,52.0,24.0,34.0,27.0,36.0,56.0,3.0
51,30071.0,0.47008961805426,0.4914203673239872,0.6464592600655792,0.137100457819658,0.4420566735096988,0.7478571402997509,0.7478571402997509,0.6718602323302222,15.0,27.0,3.0,13.0,16.0,25.0,14.0,46.0,38.0,45.0,41.0,41.0,52.0,2.0
52,30072.0,0.356708171090404,0.8173867593729753,0.7479897814847091,0.0933858972098985,0.4257768899625809,0.5325000025703431,0.5325000025703432,0.584542901610714,18.0,20.0,10.0,7.0,8.0,20.0,7.0,35.0,30.0,32.0,39.0,39.0,56.0,1.0
53,30073.0,0.4600320008527542,0.8455195643719343,0.7161572263211217,0.0882652231929995,0.6033138437862813,0.7328571469166736,0.7328571469166736,0.21657752427090973,16.0,19.0,11.0,19.0,15.0,23.0,13.0,28.0,42.0,49.0,45.0,44.0,39.0,6.0
54,30074.0,0.355395121120466,0.6538730258309693,0.670064471538942,0.1411064233999605,0.6693672833942882,0.6171428639446039,0.617142863944604,0.22699004278884657,10.0,7.0,12.0,6.0,15.0,14.0,16.0,40.0,39.0,44.0,39.0,28.0,52.0,0.0
55,30075.0,0.3399241415052076,0.7728412481641973,0.9632064339370473,0.1108123983446817,0.596289481434171,0.7764285818655874,0.7764285818655874,0.16560168494543906,9.0,15.0,13.0,16.0,11.0,28.0,7.0,42.0,41.0,32.0,40.0,52.0,55.0,6.0
56,30076.0,0.3945354590870984,0.7779510036502265,0.7378761253370864,0.0933138652206872,0.5038030098541182,0.6260714254489379,0.626071425448938,0.4936325919910703,18.0,22.0,12.0,18.0,13.0,11.0,30.0,50.0,29.0,43.0,41.0,37.0,69.0,0.0
57,30077.0,0.3306457834226948,0.5933333333333334,0.6352459016393442,0.0062309907848662,0.5282999862580594,0.5889285697831327,0.5889285697831328,0.4594555369049889,21.0,21.0,16.0,22.0,15.0,15.0,0.0,36.0,21.0,33.0,36.0,53.0,63.0,3.0
58,30078.0,0.409216588742241,0.2895418525263872,0.5605863485626358,0.1857047663951348,0.5113314430151121,0.3782142934308836,0.37821429343088364,0.49310741036946526,7.0,14.0,12.0,15.0,9.0,27.0,3.0,26.0,45.0,28.0,47.0,57.0,30.0,5.0
59,30079.0,0.2672210571515144,0.701031541480897,0.7750212571431971,0.0979139560960096,0.32434059387695,0.6923571456295868,0.6923571456295871,0.8953254343424781,8.0,15.0,9.0,9.0,7.0,23.0,16.0,44.0,43.0,35.0,43.0,37.0,38.0,5.0
60,30080.0,0.4876490197935604,0.44166666666666676,0.6029850746268657,0.007929848261495,0.5328618420261112,0.8332142858535853,0.8332142858535855,0.33583152564503854,23.0,24.0,17.0,5.0,21.0,29.0,3.0,15.0,29.0,21.0,39.0,51.0,47.0,2.0
61,30081.0,0.3259643893367559,0.6135966795949546,0.7839654458316795,0.1232478088133816,0.6292682996135222,0.585714282577966,0.585714282577966,0.31724137187409396,19.0,14.0,16.0,16.0,8.0,17.0,23.0,53.0,32.0,41.0,47.0,33.0,57.0,
62,30083.0,0.3043422018139926,0.9087594572540478,0.9498817059091171,0.1292313570211452,0.3885714268758459,1.0,0.8885714268758459,1.0,18.0,22.0,15.0,11.0,16.0,15.0,21.0,50.0,27.0,47.0,37.0,35.0,58.0,3.0
63,30084.0,0.3054935094447983,0.6616663334733887,0.8201988180046513,0.1304534806271322,0.4406862752328404,0.4857142954716512,0.4857142954716513,0.5560185200238097,16.0,23.0,13.0,16.0,13.0,13.0,2.0,55.0,26.0,34.0,45.0,39.0,55.0,3.0
64,30085.0,0.346665776902568,0.6784973210329126,0.53805698085325,0.0788986528566505,0.4777002944689011,0.553071434545992,0.5530714345459921,0.5275957526131931,13.0,19.0,14.0,17.0,10.0,14.444444444444445,0.0,37.0,40.0,44.0,44.0,48.0,44.0,3.0
65,30086.0,0.3542771135298403,0.8883658283711429,0.7905557554265432,0.0647517950397564,0.6351047234982568,0.78711428447024,0.78711428447024,0.00046973560321392574,14.0,14.0,9.0,16.0,4.0,22.0,7.0,34.0,30.0,45.0,41.0,52.0,56.0,3.0
66,30087.0,0.6457580920687026,0.5871150092698174,0.18454739573968584,0.0721743679326478,0.7521405408229069,0.4032142893147787,0.40321428931477876,0.32964292348987356,12.0,11.0,6.0,15.0,7.0,23.0,0.0,15.0,39.0,43.0,46.0,56.0,48.0,4.0
67,30088.0,0.4473182188950104,0.9816620275700444,0.5455562596723555,0.0363289624379034,0.3935238080404492,1.0,0.8935238080404493,1.0,9.0,16.0,11.0,12.0,5.0,36.0,10.0,28.0,45.81818181818182,31.0,41.0,45.0,42.0,4.0
68,30089.0,0.3614940364499924,0.8155618091049761,0.6169467247041648,0.1074923810950145,0.5999537294899979,0.7717857121923747,0.7717857121923748,0.16197182024926457,29.0,24.0,14.0,16.0,21.0,9.0,19.0,52.0,17.0,42.0,38.0,44.0,65.0,0.0
69,30090.0,0.4342837184095304,0.8695724672438996,0.5249974380107508,0.0704441132202823,0.586642604150037,0.7914285693892903,0.7914285693892904,0.17123286228681908,12.0,14.0,6.0,10.0,9.0,29.0,8.0,26.0,39.0,45.0,43.0,40.0,42.0,3.0
70,30091.0,0.2321666627600242,0.5537983430308488,0.7235927904423427,0.0431102958399411,0.3698395596707989,0.6603571475141246,0.6603571475141246,0.7530669391859146,13.0,21.0,16.0,14.0,16.0,22.0,14.0,38.0,31.0,45.0,47.0,36.0,46.0,5.0
71,30093.0,0.4084512185490054,0.6881501870892951,0.808796407441492,0.0983495013158626,0.5713960922308404,0.5235714376433457,0.5235714376433458,0.4215392241252013,8.0,10.0,10.0,18.0,6.0,22.0,0.0,26.0,38.0,42.0,45.0,46.90909090909091,34.0,4.0
72,30094.0,0.471148333026447,0.8060585490935642,0.9495760786593029,0.0881732731087436,0.5151091827765978,0.920285714374224,0.920285714374224,0.3255674631464573,14.0,14.0,14.0,13.0,16.0,20.0,15.0,41.0,38.0,31.0,33.0,37.0,45.0,4.0
73,30095.0,0.3869908139590528,0.6687183412637316,0.7220385480183998,0.1339078285869516,0.2946383455397693,0.4707142911168545,0.47071429111685453,0.682636077225304,20.0,25.0,14.0,18.0,15.0,28.0,11.0,43.0,35.0,49.0,41.0,46.0,64.0,2.0
74,30096.0,0.5251700023327099,0.4149974326630144,0.529912913610822,0.0384835551034856,0.6320495241996151,0.25964285293656,0.25964285293656003,0.4536903029462272,13.0,19.0,14.0,14.0,10.0,23.0,8.0,44.0,34.0,45.0,46.0,42.0,55.0,3.0
75,30097.0,0.3824294104803572,0.7129425117735153,0.8588089328997371,0.0792540953081868,0.5521885562871907,0.7071428588728768,0.707142858872877,0.3739837288879616,4.0,15.0,8.0,14.0,8.0,8.0,13.0,47.0,40.0,36.0,41.0,44.0,42.0,7.0
76,30098.0,0.3215265090710187,0.6463156666374472,0.6900138526337778,0.1498047484450922,0.4665958966482564,0.8410714247877382,0.8410714247877382,0.6767790138575422,7.0,14.0,13.0,16.0,7.0,20.0,6.0,23.0,49.0,33.0,42.0,47.0,32.0,5.0
77,30099.0,0.3930091314905929,0.8787902998495568,0.6275912302219357,0.068856953545982,0.5500521458613825,0.3425000034216106,0.34250000342161063,0.4739272087939263,21.0,19.0,11.0,18.0,14.0,17.0,4.0,22.0,30.0,46.0,41.0,31.0,43.0,3.0
78,30101.0,0.4289674867319525,0.6432487037907302,0.7258359255685131,0.0834494285916258,0.8312629366059111,0.3450000073929641,0.34500000739296416,0.3255179895145135,26.0,23.0,18.0,24.0,21.0,25.0,11.0,48.0,30.545454545454547,40.0,38.0,43.0,69.0,3.0
79,30102.0,0.3352974595699865,0.8098717073783376,0.9999062724879565,0.0593528852945042,0.7616420593310999,0.656345055890203,0.6563450558902031,0.00029098955715314904,4.0,13.0,8.0,17.0,4.0,37.0,4.0,21.0,48.0,47.0,43.0,56.0,36.0,3.0
80,30103.0,0.3915744495499015,0.798498961323503,0.8027289463309281,0.0917524329083683,0.6309645007517736,0.7922791209400616,0.7922791209400616,0.0004814152551855163,12.0,13.0,7.0,10.0,0.0,40.0,0.0,12.0,46.0,29.0,41.0,59.0,21.0,8.0
81,30104.0,0.3856288174836145,0.7012635908656012,0.6652244412579313,0.053532686553293,0.4856714891140848,0.9139285729861012,0.9139285729861011,0.6521438177720188,12.0,18.0,6.0,11.0,12.0,29.0,11.0,35.0,41.0,44.0,44.0,40.0,44.0,4.0
82,30105.0,0.4007147814537355,0.5327028414676306,0.6834969565980451,0.1992312851666013,0.4375484137775114,0.5840714293706375,0.5840714293706376,0.5876982006218966,17.0,26.0,14.0,24.0,17.0,6.0,14.0,37.0,29.0,47.0,44.0,33.0,48.0,3.0
83,30106.0,0.2400093316456513,0.6255613788245734,0.9768038253931233,0.1098508808643122,0.0933076146865663,0.1850000064725526,0.18500000647255266,0.5923166803838621,16.0,9.0,6.0,20.0,5.0,25.0,0.0,22.0,24.0,54.0,50.0,47.0,45.0,1.0
84,30109.0,0.423495123238937,0.6183309474294436,0.7248922979784764,0.0354803626026974,0.599386897501623,0.3689285796405182,0.36892857964051834,0.4418977539669522,7.0,9.0,4.0,22.0,4.0,29.0,9.0,33.0,44.0,39.0,44.0,56.0,48.0,4.0
85,30110.0,0.4585845862811077,0.5883333182118562,0.5506073019620374,0.026369623504652,0.4174277070651084,0.6257142872029026,0.6257142872029025,0.6380407043334666,16.0,17.0,16.0,10.0,11.0,11.0,7.0,29.454545454545453,30.0,40.0,46.0,39.0,38.0,3.0
86,30111.0,0.425728128031439,0.3904880495407447,0.5496887176582755,0.1362343043199371,0.6179521048978478,0.541785716398539,0.5417857163985391,0.36053519512635224,16.0,10.0,11.0,15.0,9.0,27.0,0.0,29.0,40.0,34.0,41.0,58.0,47.0,3.0
87,30112.0,0.3550673955915006,0.8327542942068904,0.7077021462755474,0.1063573913864628,0.6872422323903496,0.7274000002317373,0.7274000002317373,0.0003668378579787603,11.0,20.0,10.0,17.0,13.0,16.0,5.0,41.0,33.0,41.0,46.0,38.0,51.0,2.0
88,30113.0,0.3949714205545049,0.992196751330585,0.9960538922503271,0.0582041225922996,0.0,0.5167857164827946,0.4207738110938485,1.0,9.0,11.0,7.0,6.0,3.0,8.0,0.0,13.0,37.0,40.0,44.0,49.0,33.0,2.0
89,30114.0,0.4440927912611204,0.7343618771040499,0.8277938417830122,0.0896538217003699,0.6200424171668605,0.8062351641750201,0.8062351641750201,0.0005160895142518328,11.0,10.0,11.0,13.0,6.0,28.0,3.0,28.0,41.0,45.0,48.0,50.0,31.0,3.0
90,30116.0,0.0442391858569143,0.5002815400346087,0.9616851582747531,0.1652708860174792,0.4770474730897386,0.91285714174845,0.91285714174845,0.740437122807282,8.0,16.0,9.0,14.0,4.0,22.0,3.0,41.0,41.0,40.0,46.0,52.0,35.0,3.0
91,30118.0,0.387747715009813,0.9731539739034356,0.9999476783970058,0.0453402097946616,1.0,0.2096428623993725,0.2096428623993727,0.10084349187860696,20.0,22.0,15.0,19.0,20.0,16.0,10.0,50.0,33.0,43.0,37.0,44.0,42.0,0.0
92,30119.0,0.3091781629598418,0.5210186146725343,0.8955012737017929,0.0626160910589318,0.503030300208792,0.4714285824719005,0.47142858247190056,0.49729729969400166,14.0,15.0,6.0,23.0,10.0,25.0,4.0,23.0,38.0,43.0,41.0,45.0,51.0,4.0
93,30120.0,0.4765974907890657,0.812481025921063,0.7754967714695236,0.0929294148564872,0.8690626234544159,0.2832142942289832,0.2832142942289833,0.3541770440085611,22.0,22.0,14.0,11.0,18.0,27.0,9.0,42.0,27.0,41.0,43.0,56.0,53.0,2.0
94,30121.0,0.3319327714035778,0.8331726513812273,0.8022957807343907,0.100314575228089,0.5702329022311262,0.654285710572013,0.6542857105720131,0.367079881430822,5.0,9.0,8.0,18.0,2.0,30.0,1.0,24.0,42.0,49.0,50.0,49.0,28.0,4.0
95,30123.0,0.4001622304255064,0.6156406222342179,0.4964206171466723,0.1643364013082834,0.5596797716462314,0.4907142755941432,0.4907142755941434,0.44249649163999316,6.0,16.666666666666668,14.0,12.0,7.0,23.33333333333333,7.0,37.0,41.45454545454545,34.0,37.0,33.0,32.0,7.0
96,30124.0,0.3374670492791191,0.5768145198813336,0.7466950617129167,0.1303422908685233,1.0,0.05035714659731,0.05035714659730994,0.4628933170090381,21.0,24.0,14.0,16.0,21.11111111111111,4.0,19.0,50.0,26.0,44.0,42.0,29.0,69.0,0.0
97,30127.0,0.3419046937172085,0.7510360058468062,0.5406579408547935,0.1444004654480507,0.5678966840562663,0.4839285751814904,0.4839285751814905,0.4363321742015617,7.0,10.0,9.0,22.0,16.0,32.0,22.0,26.0,44.0,43.0,39.0,35.0,55.0,1.0
98,30128.0,0.4209695422174023,0.9204284058751927,0.8153766368973788,0.1141576361375965,0.5511762310204966,0.8653571456190239,0.865357145619024,0.17108750476925472,14.0,14.0,10.0,14.0,9.0,20.0,1.0,27.0,43.0,41.0,38.0,59.0,60.0,3.0
99,30129.0,0.4620554692145682,0.905938957203232,0.5270508060601704,0.0805626613557645,0.3521617900170976,0.6828571416605249,0.6828571416605251,0.8183183062223404,18.0,14.0,19.0,19.0,13.0,15.0,9.0,37.0,28.0,28.0,35.0,38.0,58.0,2.0
100,30130.0,0.5198568737129857,0.8719416131424869,0.5326493377670902,0.1279723722928035,0.4576190460868875,1.0,0.9576190460868876,1.0,12.0,14.0,11.0,14.0,16.0,29.0,17.0,43.0,40.0,34.0,43.0,41.0,47.5,3.0
101,30131.0,0.3847381555293655,0.7602346842438854,0.9980474743778971,0.0765513864685785,0.5216403665713809,0.9583230747377256,0.9583230747377256,0.0023994092503392796,7.0,14.0,8.0,16.0,3.0,25.0,6.0,26.0,47.0,47.0,50.0,49.0,34.0,3.0
102,30133.0,0.3338974200225704,0.6342860170798217,0.57978083232281,0.1130995997251883,0.5690005161416067,0.4692857111441267,0.4692857111441268,0.43898608541964573,2.0,13.0,5.0,15.0,8.88888888888889,25.0,0.0,38.0,54.0,43.0,42.0,31.63636363636364,36.0,13.0
103,30134.0,0.3734003855072277,0.7249417361933332,0.6059915935618513,0.0631886710533925,0.4186666689044928,0.5357142839210851,0.5357142839210851,0.5938461505874549,16.0,18.0,5.0,26.0,12.0,22.0,12.0,53.0,29.0,45.0,44.0,44.0,71.0,2.0
104,30135.0,0.3529526248791177,0.8121024067513789,0.9995071021133357,0.0677932533036216,0.5953729605723043,0.8396417592083278,0.8396417592083278,0.0006236037481223934,14.0,25.0,13.0,6.0,9.0,19.0,8.0,48.0,24.0,31.0,34.0,35.0,46.0,3.0
105,30136.0,0.4897693663362492,0.9999999999999952,0.8137299551834342,0.0147596790491568,0.5828624675142756,0.8576637334908794,0.8576637334908795,0.000702561634167862,5.0,13.0,11.0,23.0,6.0,30.0,1.0,32.72727272727273,50.0,39.0,51.0,56.0,25.0,2.0
106,30138.0,0.5400931724243583,0.7876609109053065,0.581426909028309,0.1396642969211545,0.4943181863631012,0.7542857147638811,0.7542857147638812,0.51744184655827,6.0,13.0,10.0,25.0,4.0,29.0,0.0,27.0,41.0,36.0,42.0,55.0,32.0,3.0
107,30139.0,0.1382892660341715,0.4692124628869865,0.8342967234967681,0.1145550863279508,0.528589993701251,0.9160714374323004,0.9160714374323006,0.18794322427529553,19.0,21.0,10.0,24.0,14.0,28.0,6.0,45.0,36.0,36.0,38.0,48.0,54.888888888888886,2.0
108,30140.0,0.2496046933028308,0.4549929787653616,0.6422064443164768,0.0240712259818957,0.4362859403584576,0.6128571464119564,0.6128571464119565,0.6008610036743368,16.0,16.0,13.0,12.0,14.0,29.0,8.0,30.0,41.0,29.0,40.0,47.0,40.0,2.0
109,30142.0,0.376624045699828,0.6857566761257837,0.7932952746478781,0.094699382670563,0.5705622988894652,0.6478571431524653,0.6478571431524653,0.37018254528277433,14.0,17.0,4.0,14.0,8.0,9.0,11.0,51.0,28.0,45.0,42.0,42.0,59.0,4.0
110,30143.0,0.4514307940934682,0.7256204564941134,0.7861755470879602,0.1275222227366504,0.5335973123578527,0.4960714385899051,0.49607143858990516,0.4669265281819358,12.0,18.0,9.0,21.0,10.0,12.0,9.0,46.0,27.0,52.0,41.0,29.0,34.0,5.0
111,30144.0,0.4347941878492364,0.7011487428526891,0.9212973812906878,0.062938239201767,0.4994700614838778,0.8985714287168421,0.8985714287168423,0.5046948074249669,20.0,18.0,6.0,16.0,16.0,18.0,10.0,41.0,29.0,49.0,39.0,51.0,55.0,2.0
112,30145.0,0.4723288626770642,0.850476590253392,0.33020672829768866,0.0875167569049302,0.8397341152462415,0.241785720685227,0.24178572068522708,0.391662739495745,18.0,17.0,10.0,21.0,11.0,19.0,9.0,41.0,28.0,52.0,47.0,48.0,61.0,3.0
113,30147.0,0.2458801870333541,0.36701299734882176,0.6767699846068806,0.1418998372047571,0.6111876916529624,0.5182142894978315,0.5182142894978317,0.3804052312577158,2.0,5.0,6.0,12.0,0.0,23.0,2.0,19.0,46.0,43.0,47.0,46.0,32.0,7.0
114,30148.0,0.4730064144570263,0.9358555267773283,0.9714461220588676,0.0600684301235774,0.5194365201799593,0.9623890130536242,0.9623890130536243,0.00265879755143294,4.444444444444445,10.0,10.0,14.0,4.0,40.0,0.0,14.0,48.0,43.0,48.0,57.81818181818182,25.0,3.0
115,30149.0,0.4194105476721622,0.9320989692307803,0.4941347233387408,0.0851892261758866,0.7404431172892362,0.6751362641199704,0.6751362641199704,0.0003078213692553528,6.0,9.0,7.0,22.0,1.0,35.0,6.0,34.0,46.0,48.0,50.0,54.0,31.0,5.0
116,30150.0,0.3163499907166904,0.6666666663785703,1.0,0.0154591193948753,0.5925037857494537,0.8437076893402127,0.8437076893402127,0.0006398267424536143,20.0,21.0,9.0,11.0,3.0,14.0,0.0,37.0,33.0,44.0,41.0,46.0,53.0,4.0
117,30151.0,0.4079416733826368,0.9494675962279047,0.9995625360741064,0.0549540348541609,0.6600785872909607,0.7573340654052236,0.7573340654052237,0.00041208915527013836,23.0,26.0,12.0,10.0,18.0,10.0,24.0,51.0,24.0,51.0,36.0,38.0,61.0,7.0
118,30152.0,0.4540364838527188,0.48599960331962244,0.6225682658084465,0.0332500513291968,0.6367013347248905,0.4807142972278464,0.4807142972278464,0.37345254124738003,8.0,12.0,9.0,21.0,9.0,29.0,0.0,26.0,46.0,42.0,45.0,48.0,32.0,5.0
119,30153.0,0.0,0.28717950541183995,0.891214447040384,0.2025729810222806,0.3986058335131212,0.4696428578011375,0.4696428578011376,0.589786753725675,11.0,15.555555555555555,13.0,14.0,13.333333333333334,31.0,0.0,27.6,42.66666666666666,33.6,38.4,48.0,42.0,3.0
120,30156.0,0.0,0.37074745702986156,0.9311828945978924,0.0962629199837537,0.5508178533587208,0.7496428570495147,0.7496428570495148,0.3478364134851581,9.0,17.0,12.0,22.0,10.0,29.0,17.0,41.0,43.0,47.0,41.45454545454545,41.0,47.0,15.0
121,30157.0,0.2965519633642207,0.7104143114368897,0.9525347859600826,0.0858289613728282,0.634750250593615,0.7875538442600003,0.7875538442600003,0.0004707075053990814,6.0,11.0,9.0,21.0,5.0,34.0,1.0,24.0,44.0,41.0,38.0,46.0,41.0,2.0
122,30158.0,0.4395082200019672,0.6438112687553823,0.48398011603955093,0.0779434712282255,0.4749121964107763,0.7117857173177491,0.7117857173177492,0.5619578603374398,15.0,22.0,15.0,20.0,15.0,15.0,1.0,37.0,35.0,39.0,41.0,48.0,47.0,6.0
123,30160.0,0.3176805544606778,0.4114366143382197,0.6428706493143572,0.0801493515936293,1.0,0.4839274732249689,0.4839274732249689,0.00019377121395108192,12.0,22.0,11.0,18.0,9.0,18.0,8.0,44.0,37.0,50.0,42.0,41.0,74.0,1.0
124,30161.0,0.4307587427424345,0.5827661071944372,0.6601549722058406,0.0640454149972796,0.4873708447331344,0.6221428612303352,0.6221428612303352,0.5207939403189086,14.0,9.0,11.0,17.0,3.0,24.0,0.0,21.0,25.0,46.0,38.0,55.0,46.0,3.0
125,30162.0,0.3600666410947061,0.6825015750196252,0.8203922884525839,0.0784516038258139,0.5317970753122996,0.666428571625955,0.666428571625955,0.43647393727469624,16.0,17.0,7.0,4.0,4.0,13.0,1.0,35.0,33.0,32.0,50.0,54.0,77.0,3.0
126,30163.0,0.2547442629222619,0.30040149316718634,0.6457597879045379,0.2383580843837346,0.5373831835820266,0.267499998402246,0.2674999984022459,0.48634812078272943,18.0,17.0,17.0,22.0,17.0,15.0,13.0,46.0,34.0,41.0,40.0,41.0,68.0,2.0
127,30164.0,0.3862347716530859,0.7218243642487808,0.80396533309873,0.1411338691679481,0.6495162708103526,0.676785724053376,0.6767857240533761,0.18692447973784457,21.0,12.0,21.0,23.0,11.0,14.0,3.0,34.0,26.0,35.0,39.0,57.0,42.0,3.0
128,30165.0,0.4142669255833733,0.9983836882022791,0.9361753714962282,0.0638114533180574,0.4326190477074009,1.0,0.932619047707401,1.0,21.0,20.0,12.0,16.0,10.0,17.0,11.0,34.0,26.0,34.0,37.0,51.0,35.0,3.0
129,30166.0,0.4818849816104328,0.26645055481739727,0.41119137704800274,0.0880044749173416,0.8573251694015962,0.2332142884575792,0.2332142884575792,0.39132122068061387,9.0,11.0,9.0,14.0,8.0,30.0,2.0,24.0,40.0,43.0,44.0,46.0,37.0,3.0
130,30169.0,0.354754319512939,0.8331595136570809,0.7185416474763845,0.0794552929133082,0.6304008752741438,0.7632142859631967,0.7632142859631968,0.07968827926898164,24.0,18.0,10.0,17.0,15.0,19.0,4.0,39.0,39.0,44.0,46.0,50.0,57.0,2.0
131,30170.0,0.1756132527264758,0.55828722486728,0.7467805669690626,0.0950444369244399,0.5440729481098254,0.4700000096012834,0.4700000096012835,0.4609164407357978,12.0,15.0,10.0,17.0,9.0,13.0,3.0,42.0,36.0,43.0,44.0,36.0,55.0,5.0
132,30171.0,0.4617045890159573,0.9856664685162156,0.8760492517671562,0.0849090546077364,0.5239377657795934,0.7957142881985808,0.7957142881985808,0.4067598899090447,11.0,16.666666666666668,14.0,20.0,15.0,35.0,7.0,34.0,48.0,39.0,40.0,50.0,40.0,3.0
133,30172.0,0.3559392731160956,0.788048881692879,0.8500780263004901,0.1467404412792266,0.6674853781052202,0.5089285817880386,0.5089285817880387,0.32642423731423154,6.0,4.0,10.0,13.0,3.0,23.0,2.0,25.0,37.0,44.0,45.0,43.0,41.0,4.0
134,30173.0,0.4579658210910249,0.8848017539180416,0.27348905285883957,0.0704875336795494,0.3392857218727666,0.5200000082454481,0.5200000082454481,0.6741071403894042,17.0,15.0,13.0,18.0,13.0,18.0,1.0,38.0,28.0,38.0,42.0,44.0,57.0,3.0
135,30174.0,0.2841948416884433,0.794035858017642,0.7896068879974898,0.0443096890597312,0.9010752741428208,0.4428571477736789,0.442857147773679,0.18119657061079178,11.0,11.0,10.0,17.0,3.0,25.0,1.0,25.0,45.0,36.0,48.0,51.0,37.0,5.0
136,30176.0,0.4188650467498296,0.7943908853468973,0.8080770555018442,0.1613004314196311,0.3522069693820849,0.5512857191440217,0.5512857191440218,0.6815769870601084,11.0,11.0,16.0,20.0,8.0,31.0,2.0,25.0,43.0,47.0,42.0,58.0,36.0,3.0
137,30177.0,0.4310821608801388,0.71428940823583,0.6425180284723736,0.1178627733984796,0.6965069172185291,0.5752857126357555,0.5752857126357556,0.23382665647655795,7.0,12.0,10.0,19.0,7.0,15.0,4.0,37.09090909090909,47.0,39.27272727272727,44.0,43.63636363636363,36.0,2.0
138,30178.0,0.5363520642659813,0.5136144319783491,0.4160764545208171,0.1173787045687231,0.6135483887978267,0.5535714360388,0.5535714360388,0.3591999936362315,25.0,25.0,22.0,22.0,21.0,8.0,1.0,22.0,17.0,40.0,38.0,37.0,34.0,2.0
139,30179.0,0.4965909714430224,0.51893967314459,0.510317453248523,0.1098371817225241,0.0144032839834904,0.231428564707225,0.23142856470722506,0.6462205669554101,1.0,13.0,4.0,18.0,4.0,32.0,15.0,38.0,39.0,37.0,48.0,51.0,31.0,6.0
140,30180.0,0.3918305538847306,0.37649609161146885,0.607639209783004,0.1653785712210006,0.6575532901557094,0.3853571505347511,0.38535715053475106,0.40122021755463083,6.0,17.0,7.0,12.0,8.0,26.0,9.0,31.0,44.0,45.0,48.0,52.0,36.0,10.0
141,30181.0,0.4633517027452283,0.7290118887423717,0.6619949067392645,0.0949528057880929,0.5255148588294454,0.6532142884916893,0.6532142884916894,0.45193957016351105,12.0,20.0,8.0,18.0,13.0,19.0,8.0,41.0,34.0,48.0,49.0,45.0,38.0,15.0
142,30183.0,0.3898880465314591,0.3268717829800054,0.6277153120611363,0.081660261254706,0.8258594864513135,0.318571437292887,0.3185714372928871,0.3476589761046812,21.0,20.0,15.0,16.0,14.0,9.0,0.0,43.0,28.0,39.0,43.0,31.0,37.0,3.0
143,30184.0,0.3999074441087604,0.5819768967387711,0.7218517141076877,0.1308619718009095,0.2061965774642459,0.4457142868691734,0.44571428686917347,0.7362542996383126,4.0,4.0,2.0,12.0,0.0,30.0,0.0,18.0,46.0,42.0,51.0,55.0,20.0,7.0
144,30187.0,0.4261894548473278,0.73329201845699,0.5500638225551242,0.0437114976214567,0.5245979208931241,0.7550000067837169,0.7550000067837168,0.4241982409984011,10.0,10.0,8.0,14.0,7.0,34.0,2.0,20.0,46.0,44.0,47.0,55.0,32.0,4.0
145,30188.0,0.4863631312415064,0.7499985755232104,0.5666670916309925,0.0359485795053986,0.669340468419631,0.6678571469623166,0.6678571469623166,0.15949819160743517,14.0,9.0,8.88888888888889,13.0,14.0,19.0,6.0,48.0,29.454545454545453,39.27272727272727,44.0,47.0,48.0,5.0
146,30189.0,0.3584020569823843,0.6416428712751704,0.6219142172030577,0.086265077442861,0.5339075775106487,0.8707142865431637,0.8707142865431639,0.2716390204982051,11.0,15.0,11.0,21.0,10.0,29.0,6.0,29.0,46.0,34.0,40.36363636363637,45.0,42.0,10.0
147,30190.0,0.3981975400905827,0.7035139815962453,0.5878647484502687,0.1019132318640269,0.4297254915208391,0.7589285682740375,0.7589285682740375,0.7212345599161575,16.0,16.0,6.0,12.0,13.0,18.0,8.0,40.0,37.0,37.0,50.0,43.0,47.0,4.0
148,30192.0,0.3932862012867359,0.5520523703647102,0.6766134685288631,0.1270078981340829,0.2089864257275338,0.4557142924890789,0.45571429248907896,0.7436570412821909,19.0,16.0,9.0,10.0,12.0,21.0,7.0,35.0,30.0,47.0,47.0,52.0,47.0,3.0
149,30193.0,0.3865068518558174,0.5354793093054366,0.7475856335676955,0.0961900932499512,0.5035880924596711,0.6635714341871051,0.6635714341871051,0.49292284930173247,25.0,23.0,14.0,12.0,18.0,13.0,26.0,53.0,20.0,29.0,37.0,48.0,59.0,1.0
150,30194.0,0.4008018362661111,0.6289254715122884,0.5000517199992284,0.0844571414172361,0.626662694040194,0.5996428599031054,0.5996428599031054,0.3102884337746244,8.0,14.0,5.0,18.0,5.0,24.0,4.0,35.0,48.0,49.0,47.0,58.0,38.0,5.0
151,30195.0,0.4662162608713959,0.999930286436566,0.8051006567273193,0.0476321541270965,0.4135714279474068,1.0,0.9135714279474069,1.0,17.0,15.0,13.0,16.0,18.0,10.0,22.0,43.0,32.0,34.0,34.0,44.0,68.0,5.0
152,30197.0,0.4686447645461979,0.8498996729683727,0.39816222018982383,0.098888149865115,0.5836689202494146,0.106428570540771,0.10642857054077104,0.490034637089702,23.0,13.0,11.0,9.0,10.0,2.0,0.0,22.0,29.0,41.0,46.0,53.0,63.0,0.0
153,30199.0,0.3728994995261176,0.5514353029598704,0.6468903753159984,0.1409977057293293,0.3308783427326233,0.436428578845987,0.43642857884598707,0.630967472378463,8.0,17.0,9.0,15.0,11.0,13.0,10.0,47.0,37.0,39.0,43.0,29.0,46.0,8.0
154,30201.0,0.0,0.42331201147930714,0.9739886408600348,0.0421985646022283,0.1277003907250115,0.5896428633390471,0.5752976240366109,1.0,5.0,11.0,2.0,20.0,3.0,22.0,2.0,27.0,43.0,43.0,45.0,54.0,39.0,5.0
155,30202.0,0.4973207445024203,0.9249134326150847,0.5333194537868635,0.0501472623831359,0.6419119399434338,0.5217857187935232,0.5217857187935232,0.3451580672121403,7.0,8.0,8.0,19.0,10.0,24.0,10.0,27.0,39.0,40.0,51.0,51.0,29.0,4.0
156,30204.0,0.4009358714000371,0.5247473400155,0.6984291563164446,0.1110460418355394,0.6054358983097341,0.5803571427189158,0.5803571427189158,0.3541843960373833,10.0,17.0,13.0,16.0,15.0,25.0,10.0,35.0,38.0,34.0,33.81818181818182,38.0,46.0,4.0
157,30205.0,0.1752144073687845,0.4707462165292267,0.7696293242216908,0.0942962683634419,0.4927308939272581,0.4782142912091565,0.4782142912091565,0.5066621035220682,7.0,12.0,6.0,16.0,0.0,38.0,0.0,19.0,44.0,37.0,47.0,48.0,34.0,2.0
158,30206.0,0.5067055589753584,0.8116242143674178,0.9387033558883131,0.0891473149062015,0.6083509196334128,0.8217296692856741,0.8217296692856741,0.0005609458377022241,6.0,16.0,8.0,20.0,1.0,40.0,0.0,29.0,49.0,38.0,44.0,56.0,30.0,3.0
159,30207.0,0.2403998614019175,0.519433950926115,0.7827173923659263,0.1530448578035945,0.5225414966184164,0.5767142896841079,0.5767142896841079,0.469287876028215,11.0,15.0,14.0,16.0,10.0,6.0,5.0,44.0,40.0,37.0,37.0,39.0,65.0,1.0
160,30208.0,0.4273148402836647,0.5312254012004736,0.6680644203477569,0.0944579264749187,0.6100973302638629,0.391428569392331,0.3914285693923312,0.4291862248017994,11.0,12.22222222222222,18.0,16.0,13.0,34.0,5.0,31.0,46.0,42.0,40.0,49.0,40.0,1.0
161,30209.0,0.2554748864158902,0.39592443572349073,0.5894677387377006,0.1410198686385584,0.6026894862256311,0.2629285789624267,0.2629285789624269,0.4633685421560925,21.0,15.0,11.0,13.0,18.0,11.0,12.0,42.0,32.0,35.0,41.0,42.0,57.0,0.0
162,30210.0,0.4294584132887763,0.8868195471152976,0.9902741006473081,0.0822102065648445,0.6383892412310931,0.7346428649915828,0.7346428649915828,0.11686853206793668,2.0,8.0,2.0,9.0,0.0,17.0,1.0,26.0,48.0,56.0,51.0,46.0,31.0,10.0
163,30212.0,0.4346243973628755,0.6627175299284435,0.5299397834222238,0.1223663635669445,0.4964949266552913,0.3396428643616221,0.33964286436162205,0.5018027716917808,9.0,12.0,10.0,10.0,10.0,21.0,3.0,28.0,42.0,45.0,45.0,38.0,39.0,5.0
164,30213.0,0.4024327323462839,0.7413806062843853,0.9805495470837939,0.0553140970719442,0.418840581767912,0.9857142893895234,0.912857146424852,1.0,16.0,22.0,17.0,21.0,17.0,8.0,32.0,53.0,27.0,35.0,37.0,38.0,63.0,3.0
165,30214.0,0.3368322028300345,0.5397130258456506,0.9009760513774946,0.0780425783771985,0.2298091104180065,0.162142856097556,0.16214285609755602,0.5522875801050218,11.0,16.0,11.0,19.0,8.0,10.0,3.0,35.0,37.0,46.0,45.0,45.0,44.0,6.0
166,30215.0,0.2182246435967684,0.5190986948931229,0.7917762530110733,0.0832658857647405,0.6395213090881434,0.4078571440518547,0.4078571440518547,0.4039002799958639,1.0,8.0,7.0,14.0,0.0,33.0,0.0,22.0,54.0,50.0,43.0,56.0,20.0,6.0
167,30216.0,0.3206013331569209,0.7038019250541292,0.8231927494347644,0.1407809084928819,0.5179096517403083,0.890714279955527,0.8907142799555271,0.3540304941246554,20.0,24.0,13.0,14.0,14.0,9.0,15.0,51.0,24.0,45.0,36.0,22.0,52.0,4.0
168,30217.0,0.3019364221710418,0.9079903287836947,0.9818724336374303,0.0509784188966623,0.4725801174921304,0.7207142942589482,0.7207142942589482,0.5707587279409327,6.0,13.0,3.0,9.0,4.0,18.0,11.0,39.0,38.0,43.0,40.0,45.0,46.0,10.0
169,30218.0,0.3831816211136715,0.7276538723728749,0.5926088148188557,0.0911657381953371,0.6958071351535521,0.5678571408138596,0.5678571408138597,0.24269971710592328,23.0,18.0,7.0,14.0,14.0,13.0,12.0,47.0,29.0,39.0,46.0,55.0,38.0,2.0
170,30219.0,0.3056419769391792,0.7733328133273548,0.9117649083061992,0.0222772689721762,0.3678508979926541,0.8846428569608104,0.8254166693358211,1.0,13.0,16.0,11.0,15.0,8.0,29.0,4.0,26.0,35.0,39.0,43.0,49.0,35.0,3.0
171,30220.0,0.3399096071395032,0.4126324485570305,0.5193668730824405,0.126030347145812,0.6376344150294142,0.3321428638453503,0.3321428638453504,0.4315507968743729,5.0,10.0,11.0,14.0,8.0,34.0,1.0,22.0,47.0,37.0,43.0,54.0,29.0,3.0
172,30221.0,0.4931000073487509,0.7317636028187922,0.7841195863834289,0.1163387926428583,0.4042071244096558,0.735714290220486,0.735714290220486,0.7666666598505294,16.0,16.0,11.0,17.0,14.0,10.0,18.0,50.0,27.0,42.0,43.0,43.0,56.0,7.0
173,30222.0,0.3353322941797579,0.6583954245391146,0.7606377422224277,0.1240449984824672,0.6746411532007035,0.5374285773441743,0.5374285773441743,0.29709696294785154,21.0,21.0,21.0,24.0,13.0,20.0,29.0,44.0,32.0,41.0,35.0,42.0,67.0,1.0
174,30223.0,0.4075304591237593,0.8082572879727272,0.34182129168424813,0.0932750342455094,0.7279981776905755,0.2610714347849385,0.26107143478493855,0.41944578382795933,21.0,22.0,13.0,24.0,20.0,16.0,30.0,56.0,21.0,46.0,32.0,33.0,59.0,2.0
175,30224.0,0.171332283758714,0.5067838702206349,0.9456112744123593,0.1188349300632939,0.4536717657091264,0.7246428611577099,0.7246428611577099,0.6219195710344424,19.0,17.0,5.0,17.0,15.0,21.0,2.0,28.0,29.0,54.0,35.0,40.0,48.0,4.0
176,30228.0,0.4450784393804913,0.874329933991863,0.9071623818848022,0.0361951950182336,0.6237491664337925,0.8014439568041677,0.8014439568041677,0.0005036361441861116,4.0,14.0,9.0,28.0,5.0,24.0,0.0,36.0,44.0,42.0,50.0,50.0,51.0,2.0
177,30229.0,0.3850912527909874,0.8178203223181619,0.8985833976764307,0.0682527607315015,0.6268620871262608,0.7432142863049878,0.7432142863049879,0.13282336004607523,26.0,20.0,11.0,18.0,24.0,23.0,15.0,33.0,25.0,46.0,33.0,41.0,57.0,5.0
178,30230.0,0.3045810574410247,0.49057859184998076,0.6782894944223326,0.113793785653324,0.6931693168405881,0.7211802193993603,0.7211802193993604,0.00035865461117779313,21.0,23.0,19.0,10.0,13.0,12.0,18.0,45.0,27.0,47.0,43.0,34.0,49.0,0.0
179,30231.0,0.2932911523720668,0.8990407944176875,0.9661244791997683,0.1242025880267812,0.4186430948813592,0.8282142909191531,0.8282142909191532,0.8922383989025576,7.0,15.0,6.0,19.0,6.0,35.0,7.0,29.0,51.0,38.0,46.0,57.0,28.0,3.0
180,30232.0,0.3450210412378827,0.7306840003037798,0.7391646994999981,0.153666311733561,0.6521815066968665,0.6821428563902654,0.6821428563902654,0.17340822833470038,20.0,18.0,13.0,18.0,15.0,20.0,15.0,42.0,33.0,38.0,46.0,44.0,44.0,2.0
181,30234.0,0.4114142611078158,0.8905330383512025,0.9056716519710756,0.0935111479738703,0.4802469168533858,0.7714285724531497,0.7714285724531497,0.566666656007202,15.0,18.0,0.0,9.0,4.0,28.0,25.0,51.0,32.0,42.0,37.0,30.0,60.0,4.0
182,30235.0,0.0,0.29724259811051235,0.8772097313316654,0.1102709913211875,0.7529474886295138,0.5775714278990934,0.5775714278990935,0.15415397574873357,26.0,29.0,19.0,15.0,24.0,21.0,16.0,45.0,26.0,40.0,36.0,34.0,70.0,2.0
183,30236.0,0.3711025861464228,0.5308248241080447,0.5823512290094897,0.140082761618948,0.5945304485475086,0.5767857170978051,0.5767857170978051,0.37116736188780186,12.0,13.0,11.11111111111111,16.0,5.0,26.0,3.0,26.0,41.0,38.0,44.0,48.0,30.0,4.0
184,30237.0,0.4626231139934366,0.8849999989557127,0.7971014506852329,0.0226201202662582,0.6752657828062666,0.740301097328696,0.7403010973286961,0.00038506131127773044,15.0,25.0,10.0,13.0,13.0,20.0,8.0,35.0,37.0,50.0,45.0,52.0,41.0,1.0
185,30239.0,0.4893048931809891,0.8960196972570568,0.5355592791785436,0.1238775264031132,0.5937310877789331,0.8260714285148381,0.8260714285148381,0.05482544980024461,27.0,27.0,10.0,25.0,23.0,21.0,28.0,55.0,28.0,52.0,37.0,38.0,78.0,0.0
186,30240.0,0.4807103956876914,0.5711331865185444,0.5286982216382382,0.0913969571747428,0.6228346472737979,0.4535714399048715,0.45357143990487164,0.3980392096919602,7.0,12.0,12.22222222222222,13.0,5.0,28.88888888888889,1.0,19.0,46.0,39.27272727272727,48.0,52.0,35.0,3.0
187,30241.0,0.4604499367806729,0.9999998829635944,0.9400545125426568,0.0287375327050866,0.3462857148721817,1.0,0.8462857148721818,1.0,10.0,16.0,13.0,16.0,16.0,20.0,9.0,36.0,41.0,34.0,36.0,42.0,43.0,5.0
188,30243.0,0.3492516785764396,0.3189861573360665,0.5734516912923762,0.1398576656637784,0.6183462599340702,0.4607142852295488,0.4607142852295489,0.3988962417105304,9.0,13.0,13.0,22.0,10.0,35.0,2.0,38.0,43.0,35.0,43.0,49.0,42.0,4.0
189,30244.0,0.3445591218280083,0.7741083979809781,0.9755312445503258,0.1199302342765527,0.3667164954843346,0.9557142898638508,0.850476195063171,1.0,21.0,28.0,25.0,23.0,17.0,28.0,10.0,37.0,29.0,45.0,35.0,50.0,46.0,5.0
190,30245.0,0.4565289237409428,0.6766656436073054,0.5309290652693153,0.0340016352026883,0.7002017175346,0.4721428654576994,0.4721428654576995,0.3209291749588654,12.0,10.0,3.0,16.0,4.0,27.0,8.0,19.0,42.0,42.0,47.0,48.0,23.47058823529412,5.0
191,30246.0,0.0,0.5,1.0,0.0119989311533565,0.2857142893814947,1.0,0.7857142893814947,1.0,9.0,12.0,15.0,18.0,3.0,40.0,0.0,24.0,52.0,36.0,48.0,60.0,20.0,2.0
192,30248.0,0.4781647548871991,0.9438835909581144,0.8525052630838086,0.0907779620690087,0.6620960777959727,0.7550263727042437,0.7550263727042437,0.00040820720623640914,14.0,17.0,20.0,11.0,12.0,7.0,2.0,36.0,34.0,29.0,39.0,43.0,50.0,0.0
193,30250.0,0.33674925183644,0.7484285980513814,0.6944770118511642,0.1066150457357478,0.4395248422197959,0.4960714286543056,0.4960714286543057,0.5595322425120851,8.0,10.0,12.0,18.0,4.0,21.0,0.0,25.0,44.0,54.0,51.0,53.0,36.0,6.0
194,30251.0,0.4081726118162143,0.44713759509495515,0.6046817559648454,0.0728028595467034,0.6421392728455928,0.4975000042325248,0.4975000042325249,0.35927504589470205,14.0,14.0,12.0,17.0,15.0,25.0,10.0,38.0,39.0,32.0,42.0,42.0,53.0,6.0
195,30252.0,0.363612705082257,0.6882763855954632,0.9999977302036799,0.0431029078433247,0.6061622379424343,0.8246967044612803,0.8246967044612803,0.0005704399320771056,9.0,13.0,13.0,13.0,4.0,21.0,0.0,18.0,46.0,40.0,48.0,47.0,28.0,6.0
196,30254.0,0.4828802419872989,0.7449503137326987,0.9049239527000243,0.1192960011083238,0.4983794615257851,0.7640000008675427,0.7640000008675429,0.5052461500010903,7.0,16.0,19.0,21.0,14.0,24.0,14.0,43.0,36.0,48.0,38.0,29.0,43.0,3.0
197,30255.0,0.2118558694648354,0.6475278669990974,0.9290918202394658,0.1297553302940012,0.3711340249456329,0.6928571470912138,0.6928571470912139,0.7906976704413566,22.0,9.0,11.0,18.0,8.0,18.0,0.0,33.0,37.0,41.0,44.0,45.0,44.0,5.0
198,30256.0,0.2701011431849431,0.7248142510171113,0.9692503491028412,0.1095775870066759,0.3690729007644889,0.5382857195653037,0.5382857195653037,0.6526402600245175,9.0,19.0,9.0,17.0,6.0,21.0,13.0,33.0,46.0,39.0,48.0,42.0,45.0,4.0
199,30257.0,0.4359953451673937,0.788940125983636,0.7522178357168506,0.0923555447944463,0.552083337073958,0.777142861925247,0.7771428619252472,0.31837605031661126,21.0,17.0,7.0,11.0,15.0,30.0,4.0,19.0,33.0,41.0,48.0,55.0,31.0,4.0
200,30259.0,0.3804680164265107,0.9427725875010152,0.9697666815708994,0.063756454042033,0.5858356118925353,0.7850000023432698,0.78500000234327,0.18660020338996958,11.0,11.0,12.0,15.0,9.0,23.0,3.0,18.0,39.0,46.0,48.0,43.0,42.0,2.0
201,30260.0,0.46526008686739,0.947052329526058,0.6159256886368444,0.086465346744691,0.5745762753674629,0.7375000074948362,0.7375000074948365,0.29047617061795156,14.0,15.0,5.0,20.0,5.0,19.0,3.0,24.0,33.0,50.0,49.0,38.0,30.0,6.0
202,30262.0,0.3700168739633456,0.5003277141295948,0.7031243483913417,0.0962658100896939,0.6156515102705009,0.463214286069277,0.46321428606927695,0.40019959478709655,8.0,16.0,15.0,8.0,6.0,14.0,0.0,28.0,35.0,25.0,46.0,44.0,30.0,3.0
203,30263.0,0.2774998903198334,0.6492515065794436,0.8836068711102987,0.1136077015994283,0.5405209879371285,0.7403571419110003,0.7403571419110004,0.3844566608250042,12.0,20.0,13.0,11.0,12.0,21.0,9.0,36.0,43.0,47.0,46.0,55.0,29.0,10.0
204,30264.0,0.4540234056691046,0.717782359311064,0.364174747711552,0.1200409677327718,0.5331262992745175,0.2875000072403796,0.2875000072403796,0.4866332471887002,23.0,25.0,10.0,18.0,18.0,21.0,4.0,33.0,30.0,46.0,44.0,37.0,42.0,1.0
205,30266.0,0.392699674608998,0.6115193852376645,0.7459198525206167,0.0754685035163659,0.5417470507471893,0.4813571432790027,0.4813571432790028,0.46125418324463535,12.0,14.0,14.0,19.0,11.0,25.0,0.0,28.0,42.0,40.0,40.0,47.0,40.0,5.0
206,30270.0,0.4487661052423647,0.8214917250444778,0.9119987100538179,0.1172307719544415,0.4236865603014261,0.9072857189239968,0.8844047654615148,1.0,5.0,13.0,11.0,18.0,5.0,38.0,4.0,23.0,47.0,42.0,43.0,59.0,34.0,3.0
207,30273.0,0.0,0.34973007487746577,0.8143346827505165,0.1306788443205441,0.6097710217189176,0.6810714292839128,0.6810714292839128,0.26558416673615504,19.0,16.0,13.0,16.0,22.0,26.0,9.0,43.0,40.0,43.0,33.0,41.0,51.0,5.0
208,30274.0,0.3424723898337691,0.7640875758911142,0.9976203343378856,0.0839197847751448,0.4422772006569183,0.7507142876837111,0.7507142876837111,0.6738299792206737,14.0,12.0,6.0,10.0,8.0,20.0,3.0,26.0,37.0,40.0,42.0,59.0,25.0,4.0
209,30277.0,0.3926285385359185,0.5433223986399931,0.441619170554384,0.0356542730119101,0.1209150399498114,0.4189285726637178,0.41892857266371775,0.7733046468316546,15.0,12.0,15.0,13.0,9.0,21.0,2.0,27.0,38.0,32.0,39.0,34.0,39.05555555555556,2.0
210,30278.0,0.4616238237645589,0.44767965349147754,0.5571139837305457,0.1489417217716262,0.5809695788061523,0.5540000030506762,0.5540000030506762,0.39942343674339265,12.0,16.0,9.0,11.0,16.0,35.0,10.0,31.0,43.0,42.0,42.0,51.0,42.0,4.0
211,30279.0,0.4050420297441115,0.6390684371401869,0.46425581616623235,0.0608982227202809,0.7933114118023384,0.4342857133787665,0.4342857133787666,0.27483164429609336,21.0,13.0,12.0,8.0,14.0,3.0,1.0,31.0,22.0,42.0,45.0,44.0,64.0,2.0
212,30281.0,0.4249389860855201,0.7334362926639619,0.52925938335131,0.0980019817550932,0.6966426785824171,0.0992857163642672,0.09928571636426708,0.47832408171430807,17.0,23.0,11.0,21.0,17.0,19.0,8.0,37.0,42.0,44.0,38.0,30.0,56.0,3.0
213,30282.0,0.1454338489171609,0.33194398312475515,0.7255686629214255,0.0574097006322951,0.2891106232173333,0.4832142934760052,0.4832142934760053,0.6971895892575346,13.0,13.0,7.0,15.0,13.0,20.0,9.0,36.0,42.0,52.0,45.0,47.0,47.0,3.0
214,30284.0,0.4438098273881736,0.5609220402110171,0.5910640982182245,0.1488732340461493,0.5142579457334152,0.5510714318279657,0.5510714318279657,0.48249800273965276,12.0,10.0,7.0,24.0,8.0,23.0,2.0,38.0,31.0,40.0,43.0,51.0,51.0,2.0
215,30285.0,0.4730391556350288,0.5347297943267991,0.30135614524208804,0.1214663389066899,0.6839904422720939,0.0996428556240748,0.09964285562407493,0.47963771022416274,16.0,19.0,15.0,7.0,13.0,20.0,9.0,27.0,29.0,45.0,42.0,40.0,33.0,8.0
216,30286.0,0.245467635394801,0.807470203163297,0.9947617141609691,0.1068357852899564,1.0,0.0142571427375805,0.014257142737580386,0.00010144633487653921,12.0,18.0,10.0,16.0,6.0,25.0,8.0,26.0,35.0,40.0,45.0,52.0,37.0,6.0
217,30287.0,0.4143189919187522,0.47996984384209507,0.6698850580838716,0.0459859847097666,0.6975700013142626,0.4507142916817305,0.45071429168173055,0.33788468942228495,7.0,13.0,12.0,26.0,5.0,30.0,6.0,30.0,41.0,46.0,45.0,49.0,51.0,2.0
218,30288.0,0.3802363008538215,0.7297624862627812,0.4879532025443095,0.0634443303349093,0.4934930485509088,0.4025000086662618,0.4025000086662619,0.5043833440211504,21.0,22.0,11.0,13.0,11.0,14.0,9.0,42.0,32.0,39.0,46.0,38.0,63.0,2.0
219,30289.0,0.3850188134043577,0.7540967420584124,0.6801993860680552,0.0765112064084773,0.6225710084105675,0.4778571438978456,0.4778571438978456,0.38782489060370595,15.0,16.0,11.0,12.0,12.0,18.0,5.0,31.0,35.0,33.0,37.0,49.0,44.0,1.0
220,30290.0,0.5633234649040337,0.8980613220126497,0.39038714483437226,0.0987581576509499,0.585885889059807,0.7928571469680435,0.7928571469680437,0.17126434743916907,9.0,11.0,7.0,15.0,7.0,33.0,2.0,23.0,42.0,33.0,46.0,56.0,33.0,2.0
221,30291.0,0.4173713645769271,0.6619362035977671,0.822497549734388,0.0480729137462507,0.3408800794259045,0.6341428637371317,0.6341428637371318,0.7758037280376618,26.0,28.0,10.0,18.0,25.0,26.0,6.0,44.0,30.0,45.0,41.0,36.0,62.0,2.0
222,30292.0,0.4336146682246168,0.8883318514384468,0.7313465617206376,0.032826729132497,0.4087422265205214,0.6580000017583019,0.658000001758302,0.6755778228616213,17.0,15.0,15.0,14.0,13.0,22.0,1.0,27.0,35.0,39.0,46.0,46.0,42.0,0.0
223,30293.0,0.4239708772210292,0.3422638976260739,0.5633616148761176,0.1158034433830318,0.6724327275366863,0.2167857218268621,0.21678572182686223,0.452272380180802,9.0,14.0,8.0,16.0,4.0,21.0,9.0,43.0,32.0,57.0,42.0,41.0,49.0,8.0
224,30294.0,0.4891406636226695,0.793205559290507,0.5924821882113516,0.1201640975642105,0.5017194803159519,0.9692857166800404,0.9692857166800403,0.44573639589755415,14.0,18.0,5.0,11.0,5.0,16.0,3.0,39.0,36.0,46.0,49.0,35.0,41.0,6.0
225,30295.0,0.1874609585310058,0.3863358771175698,0.7189895635712502,0.1446009958570828,0.5235294150992135,0.7589285771799495,0.7589285771799495,0.4259259130998198,15.0,14.0,8.0,23.0,9.0,32.0,1.0,20.0,31.0,44.0,42.0,59.0,49.0,3.0
226,30296.0,0.3150421109648826,0.7349184920984005,0.542368631992959,0.1080540657886475,0.6852813897515981,0.6875000042207153,0.6875000042207153,0.09238093453859915,12.0,12.0,14.0,5.0,6.0,24.0,3.0,24.0,35.0,37.0,41.0,46.0,46.0,2.0
227,30297.0,0.0,0.24848703123039234,0.8594832037357222,0.2229997385780845,0.5578034615251162,0.1235714343011037,0.12357143430110384,0.49185004126088555,6.0,16.0,5.0,16.0,10.0,26.0,0.0,20.0,41.0,47.0,40.0,53.0,28.0,5.0
228,30298.0,0.3232544838651386,0.6245196686466652,0.608695638249507,0.1587795307460061,0.4049487749410033,0.5460714283952584,0.5460714283952586,0.6143456514649217,4.0,13.0,15.0,19.0,4.0,25.0,3.0,21.0,45.0,43.0,49.0,48.0,41.0,5.0
229,30299.0,0.3725335350396778,0.7466162992527617,0.6687333205556589,0.085509782381658,0.7012356577208207,0.4046428643280672,0.4046428643280673,0.3632273503311698,7.0,11.0,15.0,17.0,8.0,9.0,1.0,36.0,39.0,37.0,42.0,46.0,47.0,4.0
230,30302.0,0.3956899419956323,0.8329371150757193,0.5279910779871604,0.0817617083933481,0.5949574375389663,0.7271428623120886,0.7271428623120887,0.24694587975601842,16.0,17.0,14.0,20.0,14.0,23.0,7.0,36.0,33.0,40.0,42.0,49.0,48.0,3.0
231,30303.0,0.5151941461852605,0.6916381902074897,0.7298353731704192,0.1402854099350218,0.549913946522243,0.4150000059218854,0.4150000059218855,0.4645909601504208,16.0,16.0,7.0,10.0,13.0,17.0,10.0,43.0,35.0,44.0,42.0,43.0,59.0,1.0
232,30304.0,0.5077338371795685,0.9973062081587949,0.44909547019731677,0.0755993391591063,0.524708930353152,0.9527186809333424,0.9527186809333424,0.002115000215180527,11.11111111111111,17.0,12.0,3.0,8.0,35.0,9.0,21.0,48.0,22.0,46.0,54.0,36.0,4.0
233,30305.0,0.3467053960565891,0.5019418042221655,0.6246562609739464,0.0817004820772453,0.5768432036908042,0.5732142903897709,0.573214290389771,0.3967921805181143,9.0,18.0,10.0,14.0,7.0,26.0,11.0,27.0,40.0,32.0,42.0,40.0,36.0,5.0
234,30306.0,0.3971095126898898,0.7026117857547138,0.7291408270469966,0.1515057355872973,0.5698780893085844,0.8007142912766678,0.8007142912766679,0.2192353374713416,15.0,21.0,5.0,13.0,15.0,19.0,3.0,29.0,33.0,33.0,40.0,28.0,51.0,0.0
235,30307.0,0.3289026335425951,0.6679367844682933,0.5482780823476533,0.0448407656209563,0.8603286302919998,0.4057142964139194,0.4057142964139195,0.254006404942005,16.0,19.0,11.0,25.0,21.0,12.0,0.0,31.0,35.0,41.0,43.0,42.0,49.0,4.0
236,30308.0,0.4703909206036763,0.8946984030619152,0.8091479543663832,0.0571006626287411,0.3850000017638885,1.0,0.8850000017638886,1.0,9.0,17.0,9.0,15.0,2.0,29.0,2.0,22.0,39.0,44.0,49.0,47.0,35.0,5.0
237,30309.0,0.1597826777675174,0.515563971468997,0.8179944328831684,0.1580274855485193,0.3201843619867888,0.7025714282826114,0.7025714282826115,0.9247518283029332,6.0,15.0,6.0,10.0,3.0,19.0,5.0,41.0,37.0,27.0,47.0,42.0,31.0,3.0
238,30310.0,0.1987792026059354,0.4814140697742759,0.8660447693817246,0.0996161526062604,0.3212914544114911,0.6821428602275819,0.682142860227582,0.883520592056353,15.0,19.0,17.0,18.0,10.0,21.0,4.0,31.0,26.0,41.0,29.0,52.0,39.0,3.0
239,30311.0,0.4119602156002491,0.9741324951122804,0.9982504019651486,0.0586335540668721,0.3869047607695485,1.0,0.8869047607695485,1.0,20.0,24.0,11.0,23.0,17.0,17.0,25.0,48.0,33.0,49.0,45.0,46.0,46.0,5.0
240,30312.0,0.0,0.31949321840837847,0.9018363592846483,0.0688229576672593,0.7958289554109156,0.3396428630073233,0.33964286300732344,0.3478456766079542,8.0,18.0,14.444444444444445,16.0,5.0,33.0,1.1111111111111112,31.0,44.0,38.0,42.0,54.0,43.0,4.0
241,30313.0,0.3796249757817143,0.884619998084576,0.7068375019461439,0.1202655472266652,0.4091391783081084,0.6278571395680733,0.6278571395680733,0.6532949350151809,9.0,6.0,0.0,15.0,3.0,32.0,0.0,18.0,43.0,35.0,50.0,50.0,24.0,3.0
242,30314.0,0.3594093776322904,0.8323182399904384,0.9734190703838108,0.1147928436938735,0.4834289384791728,0.9339285754373868,0.9339285754373869,0.7342342091468805,24.0,20.0,13.0,21.0,9.0,3.0,31.0,56.0,19.0,40.0,40.0,49.0,79.0,0.0
243,30315.0,0.3298884100831014,0.6424859171059275,0.7746236991011642,0.1072584479218132,0.4362345159115836,0.7878571428255847,0.7878571428255848,0.7368125553408865,19.0,15.0,12.0,12.0,8.0,18.0,6.0,43.0,21.0,41.0,33.0,46.0,63.0,3.0
244,30316.0,0.4048143579193857,0.9066087930798112,0.9107598169811943,0.0425868372862224,0.5589243662488222,0.6667142916020637,0.6667142916020637,0.38212600747111014,28.0,29.0,20.0,24.0,26.0,4.0,22.0,59.0,18.0,51.0,37.0,28.0,60.0,1.0
245,30317.0,0.2876383523462312,0.9341504193113165,0.9905262078123239,0.0962704118476859,0.624639900957209,0.800301100256235,0.800301100256235,0.0005007538856163489,5.0,15.0,4.0,21.0,7.0,35.0,8.0,38.0,50.0,37.0,49.0,58.0,44.0,3.0
246,30319.0,0.289443078608519,0.5796100372270196,0.9999877529003078,0.0527720723640218,0.4802215220676221,0.9028571478044628,0.902857147804463,0.683823511152379,5.0,18.0,10.0,24.0,3.0,37.0,8.0,27.0,50.0,34.0,45.0,53.0,28.0,3.0
247,30320.0,0.478366239554828,0.9504276458461429,0.9901686081654935,0.0679378019689982,0.58526208267601,0.854147252653535,0.854147252653535,0.0006856230123828633,13.0,14.0,4.0,20.0,16.0,17.0,8.0,42.0,38.0,49.0,44.0,52.0,52.0,1.0
248,30322.0,0.3634476151962991,0.5543821453593573,0.7547857510071825,0.1455131487079112,0.4623744327303516,0.6517857162302412,0.6517857162302413,0.5704273444670986,19.0,19.0,15.0,7.0,19.0,7.0,31.0,49.0,39.0,37.0,44.0,38.0,34.0,1.0
249,30323.0,0.28928424576735,0.3283259074062168,0.503727571138677,0.0271212656110254,0.5975826198785028,0.5367857172192823,0.5367857172192823,0.38691852011736105,9.0,11.0,9.0,23.0,12.0,22.0,17.0,49.0,42.0,48.0,42.0,35.0,53.0,1.0
250,30324.0,0.4330342474421035,0.8162762246157034,0.8129410487352093,0.1029225873052891,0.4976390779458299,0.806785716346725,0.8067857163467251,0.5098582680053332,19.0,19.0,9.0,20.0,11.0,12.0,23.0,53.0,36.0,44.0,49.0,43.0,57.0,2.0
251,30325.0,0.4011096886985716,0.8809597359125415,0.9912022344321182,0.0856204982478936,0.4928571457724381,1.0,0.9928571457724382,1.0,7.0,12.0,15.0,15.0,4.0,38.0,0.0,12.0,42.0,48.0,51.0,59.0,25.0,7.0
252,30326.0,0.3749822040153744,0.6780481242821467,0.6410673003036397,0.0849258695143268,0.4560014136181476,0.6764285685375985,0.6764285685375985,0.5919793835612849,9.0,12.0,16.0,17.0,11.0,17.0,2.0,27.0,32.0,29.0,45.0,51.0,51.0,5.0
253,30327.0,0.4751814630140859,0.8333333333333327,1.0,0.0138515162306069,0.4999,1.0,0.9999,1.0,14.0,22.0,3.0,22.0,10.0,16.0,18.0,55.0,29.0,50.0,43.0,37.0,60.0,2.0
254,30328.0,0.3118501789454831,0.8159553572139929,0.9940774478546458,0.0978656681981318,0.5459296708318847,0.9156857132133064,0.9156857132133065,0.0011860386158871242,23.0,25.0,18.0,11.0,12.0,8.0,6.0,56.0,21.0,23.0,42.0,39.0,64.0,3.0
255,30329.0,0.3176239722901743,0.8062264082402277,0.990939819101145,0.1039262260068299,0.3328571405763888,1.0,0.8328571405763889,1.0,12.0,11.0,9.0,11.0,15.0,14.0,6.0,40.0,31.0,26.181818181818183,41.0,46.0,50.0,10.0
256,30330.0,0.3549511798111574,0.4227057912863492,0.6246494979875059,0.0607612818364958,1.0,0.1467857226491625,0.14678572264916256,0.05071856438302441,7.0,11.0,3.0,15.0,6.0,26.0,7.0,29.0,44.0,33.0,46.0,46.0,26.0,9.0
257,30331.0,0.3552185972513842,0.8419352555899293,0.9928338340331342,0.0925611671521132,0.410476190485449,1.0,0.910476190485449,1.0,6.0,18.0,6.0,18.0,2.0,38.0,0.0,20.0,53.0,38.0,51.0,54.0,22.0,3.0
258,30332.0,0.3271926670630827,0.80077856904801,0.7217310343757726,0.121932188682552,0.6308481420610736,0.5710000039415212,0.5710000039415212,0.3258408151070724,14.0,11.0,16.0,10.0,10.0,24.0,6.0,27.0,44.0,42.0,40.0,40.0,37.0,4.0
259,30333.0,0.4514626006639469,0.9423371326032125,0.581705692146824,0.0919027271487723,0.5019619410922743,0.6067857176991707,0.6067857176991707,0.4969724450831407,7.0,19.0,13.0,8.0,12.0,16.0,11.0,41.0,44.0,47.0,37.0,40.0,44.0,8.0
260,30334.0,0.4164046136779054,0.5665688010113406,0.5160635551143626,0.1427033323530728,0.6808143520783442,0.3450000096393885,0.3450000096393885,0.40476190209464796,24.0,19.0,15.0,11.0,16.0,5.0,10.0,47.0,23.0,44.0,34.0,26.0,61.0,3.0
261,30335.0,0.4805517202659811,0.6440156235801161,0.4325275669920641,0.1035056630820829,0.5163154312460635,0.5253571528766524,0.5253571528766525,0.4819413090087942,24.0,19.0,2.0,13.0,12.0,19.0,10.0,39.0,24.0,53.0,46.0,43.0,33.0,2.0
262,30336.0,0.339998708614575,0.8099530807289594,0.787484834040685,0.1177447466484726,0.7385449392153086,0.3403571518730671,0.3403571518730672,0.37691752235986775,13.0,22.0,12.0,14.0,13.0,26.0,9.0,32.0,40.0,38.0,44.0,45.0,53.0,4.0
263,30337.0,0.5791995481753672,0.7422313977209946,0.24063085085245473,0.1525261706786286,0.7122710478061636,0.7018395616945561,0.7018395616945561,0.0003353899013844258,17.0,23.0,5.0,14.0,10.0,17.0,6.0,53.0,26.0,50.0,42.0,30.0,50.0,2.0
264,30338.0,0.4115227374698778,0.6076219093349032,0.543272662358307,0.1161179693922939,0.6054018485285632,0.7228571352758035,0.7228571352758036,0.22508591063329844,20.0,17.0,9.0,16.0,20.0,24.444444444444443,23.0,44.0,37.0,33.0,48.0,34.0,56.0,5.0
265,30339.0,0.3824082396291119,0.8477969964434171,0.9241770597353415,0.1352359567631936,0.5082758656679021,0.7767857114414808,0.7767857114414808,0.47119998794812795,2.0,13.0,4.0,8.0,5.0,13.0,0.0,13.0,36.0,52.0,40.0,51.0,33.0,5.0
266,30340.0,0.3471029842364915,0.5771020646721117,0.7952352503859116,0.1684713012136033,0.3726509820221678,0.6525000040032841,0.6525000040032842,0.739122980424826,13.0,21.0,18.0,22.22222222222222,16.0,18.0,9.0,41.0,44.0,44.0,35.0,45.0,58.0,2.0
267,30341.0,0.4324485709063395,0.7192838141331349,0.6433727041827039,0.0630614317774245,0.7357648523108418,0.3867857229410145,0.3867857229410146,0.35129100502603144,15.0,13.0,6.0,8.0,10.0,20.0,4.0,28.0,39.0,42.0,40.0,41.0,53.0,2.0
268,30342.0,0.0,0.4383306377745124,0.9376856297480217,0.0361794599655339,0.5599647321992313,0.6750000004028616,0.6750000004028616,0.37545786366519435,4.0,7.0,6.0,15.0,0.0,36.0,0.0,19.0,55.0,48.0,50.0,59.0,21.0,5.0
269,30343.0,0.4046401226182203,0.7081692904897233,0.8068995624911783,0.1309253289851735,0.5523897520692322,0.5026428607281811,0.5026428607281811,0.44705346968282444,20.0,17.0,11.0,18.0,9.0,17.0,1.0,50.0,30.0,39.0,46.90909090909091,35.0,69.0,1.0
270,30344.0,0.3612334245525048,0.6557150595012199,0.7944801510906164,0.1358398761169597,0.4928586497082696,0.5667857138458773,0.5667857138458774,0.5093432175537301,27.0,18.0,19.0,20.0,16.0,14.0,0.0,25.0,29.0,49.0,35.0,56.0,41.0,6.0
271,30345.0,0.4750669741324768,0.8333333333333325,1.0,0.0139153006076169,0.6399651702886516,0.7811362605476229,0.7811362605476229,0.0004569052884238011,15.0,14.0,6.0,13.0,5.0,15.0,15.0,36.0,23.0,37.0,45.0,54.0,72.0,1.0
272,30346.0,0.4268502869853672,0.9999139955455824,0.9616442851843456,0.045408931492192,0.4125037868196784,0.7864285735427681,0.7864285735427681,0.8221850566024734,16.0,25.0,7.0,16.0,8.0,27.0,6.0,49.0,36.0,36.0,43.0,44.0,56.0,3.0
273,30348.0,0.729328365391804,0.20023786771984087,0.4440488973870328,0.392302696693134,0.4683011389835406,0.4807142866726138,0.48071428667261396,0.5293443377523748,8.0,7.0,4.0,11.0,2.0,27.0,0.0,18.0,42.0,41.0,48.0,53.0,24.0,4.0
274,30352.0,0.3924642503351415,0.47024320149406196,0.5285203530337425,0.1533429484195678,0.3539507084497174,0.5167857167690774,0.5167857167690775,0.6561961027161103,8.0,6.0,7.0,12.0,4.0,22.0,0.0,17.0,46.0,47.0,48.0,56.0,20.0,4.0
