,subID,PSE_subt,range_subt,bias_subt,sigma_subt,PSE_pf,slope_pf,bias_pf,social_skill,attn_switch,img,attn_to_det,comm,posAffect,negAffect,neuroticism,extraversion,openness,agreeableness,conscientiousness,loneliness,nfriends
0,30002.0,0.5529509502277088,0.9008213238514855,0.3155037025430308,0.1033595669543934,0.4869459670131092,0.7842857132220876,0.5474613514221653,21.0,23.0,9.0,10.0,16.0,20.0,0.0,38.0,28.0,31.0,34.0,39.0,56.0,3.0
1,30004.0,0.2768959343552792,0.8058338247396377,0.9994581811203578,0.0768660452604529,0.127092856903579,0.4692857213297545,0.8297442798703303,21.0,20.0,9.0,15.0,15.0,25.0,11.0,38.0,26.181818181818183,50.0,50.0,46.0,56.0,3.0
2,30005.0,0.3205831949598149,0.7101310746171048,0.8617297901377517,0.1153528375683775,0.4983036472023455,0.8421428532569274,0.5090497732577942,17.0,29.0,21.0,16.0,16.0,20.0,21.0,51.0,39.0,40.0,43.0,19.0,41.0,5.0
3,30006.0,0.4648232418961557,0.9893963329571449,0.8895718055150366,0.0792208985984395,0.2602627293664379,0.7250000026906381,1.0,8.0,10.0,5.0,10.0,3.0,25.0,0.0,18.0,41.0,31.0,44.0,57.0,30.0,4.0
4,30008.0,0.3251177869162705,0.5822519257303093,0.6927098441068518,0.1725848032860475,0.3224085790625859,0.5110714376376323,0.6856342823828039,5.0,15.0,12.0,17.0,12.22222222222222,28.0,4.0,27.0,46.0,42.54545454545455,46.0,50.0,45.0,5.0
5,30009.0,0.4895738571064396,0.7210436151361144,0.6367060862812857,0.1270228616930065,0.4212422521730673,0.6179285746202062,0.6273758245768252,10.0,21.0,8.0,8.0,12.22222222222222,18.0,17.0,48.0,38.0,42.0,44.0,29.0,32.0,9.0
6,30010.0,0.419273206163381,0.6879831073440233,0.7419902917895216,0.1257778890022537,0.4475367920188171,0.74428571197142,0.6527001733286617,13.0,12.0,9.0,21.0,11.0,29.0,11.0,32.0,43.0,35.0,37.0,48.0,43.27777777777778,5.0
7,30011.0,0.3825255893456694,0.8783898394651879,0.9209316606391144,0.10446386522336,0.6206777367335601,0.6885714268862493,0.23318041904369594,21.0,14.0,17.0,18.0,9.0,15.0,1.0,31.0,21.0,42.0,38.0,53.0,31.0,2.0
8,30013.0,0.3186032318511019,0.5944617681977196,0.612884857421496,0.0873380843520618,0.6006366839362105,0.5796428622353549,0.361229106676142,12.0,11.0,9.0,12.0,8.0,33.0,4.0,31.0,48.0,35.0,44.0,54.0,36.0,5.0
9,30014.0,0.4070279594756171,0.9961781622749921,0.9290324979383473,0.0722054798282495,0.5060876173611683,0.987773624271956,0.008179038680336564,12.0,12.0,14.0,13.0,11.11111111111111,18.0,0.0,24.0,46.0,33.0,44.0,48.0,33.0,10.0
10,30016.0,0.3208284994058807,0.6012796486407941,0.6956206539728063,0.1815969181458739,0.5522161547362651,0.5882142840040663,0.42541196336217507,7.0,17.0,9.0,11.0,10.0,22.0,7.0,38.0,44.0,47.0,42.0,32.0,40.0,5.0
11,30017.0,0.5509971796197045,0.9984047915932448,0.1813533156770752,0.0676255222244547,0.3942479488520986,0.9996428582613625,1.0,24.0,18.0,10.0,5.0,19.0,0.0,33.0,57.0,13.0,28.0,33.0,32.0,79.0,1.0
12,30018.0,0.4776413697954618,0.9043676779366858,0.989079034620649,0.0749245367478057,0.5085197079174562,0.5589285748880441,0.48920377078710686,15.0,15.0,13.0,18.0,9.0,16.0,2.0,33.0,29.0,40.0,40.0,40.0,54.0,3.0
13,30019.0,0.1892402433161013,0.5746596427805636,0.9275628375039411,0.1208184481297142,0.7291396503504556,0.5507142807734972,0.21913089524257912,19.0,22.0,11.0,14.0,13.0,18.0,7.0,37.0,28.0,36.0,34.0,46.0,49.0,3.0
14,30020.0,0.5507682045615743,0.5772240210410715,0.37436532019237306,0.1073112422036759,0.3288389535343822,0.6357142803397099,0.7986927996451543,10.0,14.0,9.0,11.0,6.0,15.0,12.0,48.0,30.0,50.0,47.0,54.0,44.0,4.0
15,30022.0,0.3739323218934789,0.9999996187274249,0.9999530195994956,0.0253002324174249,0.4521428574301977,1.0,1.0,14.0,12.0,14.0,14.444444444444445,11.0,24.0,0.0,24.0,40.0,39.0,43.0,44.0,55.0,1.0
16,30024.0,0.5287288833768315,0.8478144146740476,0.4927465141378931,0.123031833431153,0.2538153941697216,0.4524285793426118,0.7034089933658244,8.0,10.0,10.0,23.0,3.0,20.0,3.0,24.0,48.0,46.0,49.0,51.0,40.0,10.0
17,30027.0,0.3221519475918983,0.7271915227556058,0.9408617866244591,0.1184814353677412,0.5994526106943783,0.8339274716327265,0.0006021465499630832,9.0,8.0,6.0,17.0,5.0,27.0,0.0,20.0,46.0,50.0,48.0,58.0,29.55555555555556,10.0
18,30028.0,0.3217713692582785,0.7823558999425396,0.9676042964388539,0.1312794311491271,0.3624631340514103,0.6457142881486733,0.7506720325415248,20.0,21.0,14.0,15.0,14.0,6.0,13.0,46.0,25.0,37.0,39.0,46.0,63.0,3.0
19,30029.0,0.3721002572179432,0.6069733372002268,0.8966351562018532,0.1372783050396306,0.3974938816472392,0.6317857116301611,0.6758810099864915,12.0,10.0,11.0,16.0,7.0,28.0,0.0,16.0,40.0,33.0,47.0,53.0,47.0,1.0
20,30030.0,0.0254055524082817,0.384819290289503,0.8051460470040442,0.13951988252471,0.3250049465295467,0.3616428595161273,0.599138409402395,18.0,19.0,11.0,18.0,11.0,17.0,12.0,41.0,35.0,40.0,37.0,46.0,54.0,0.0
21,30031.0,0.4192994275685456,0.8478366220217404,0.8901527724791991,0.0577273775732475,1.0,0.2849999996497556,0.2289377245876591,24.0,14.0,14.0,11.0,19.0,12.0,19.0,56.0,15.0,46.0,39.0,32.0,55.0,2.0
22,30032.0,0.1916047471999004,0.6712503733822811,0.9666475944691557,0.1101124902185247,0.4705059791410515,0.4682142917830889,0.5259682083871937,12.0,17.0,4.0,14.0,9.0,18.0,9.0,44.0,35.0,49.0,39.0,30.0,40.0,3.0
23,30033.0,0.3607900995327894,0.9978230755789911,0.9912794776482239,0.0587946851501435,0.376057880428632,0.8721428586707899,1.0,6.0,12.0,12.0,15.0,7.0,26.0,0.0,26.0,49.0,35.0,43.0,52.0,44.0,7.0
24,30034.0,0.2747529104659794,0.779638490958561,0.988514760796837,0.1169322464961165,0.3985853283303867,0.5385714264123169,0.6183694454714159,3.0,12.0,5.0,11.0,6.0,27.0,7.0,31.0,48.0,42.0,48.0,43.63636363636363,26.0,20.0
25,30035.0,0.4031246165952122,0.7633328515461618,0.9865917360153961,0.0979167451417732,0.2563946480842206,0.5864285741061732,0.8454231366682419,8.0,15.0,5.0,9.0,3.0,29.0,7.0,39.0,47.0,52.0,51.0,32.0,42.0,5.0
26,30036.0,0.4888857301111329,0.7760449418960953,0.6604816442864303,0.1108171147319654,0.4132877008940363,0.6782142874489502,0.6827598860278221,12.0,13.0,11.0,11.0,15.0,24.444444444444443,20.0,43.0,40.0,43.0,45.0,51.0,51.0,6.0
27,30037.0,0.3178122340432102,0.4841946416044156,0.7540291801743444,0.0761605572495246,0.3556321892179665,0.7767857193950091,1.0,3.0,7.0,6.0,23.0,7.0,39.0,6.0,30.0,46.0,51.0,49.0,54.0,28.0,3.0
28,30039.0,0.3607478983685857,0.7005364993479236,0.7991452335539869,0.0712259416436643,0.3575851440064967,0.6921428575553655,0.8201856049300741,15.0,18.0,10.0,16.0,12.0,15.0,25.0,53.0,31.0,41.0,47.0,31.0,59.0,2.0
29,30041.0,0.336212220164459,0.7545802958923986,0.7341926941175309,0.1061681620019536,0.3279384271721247,0.8274999943647087,1.0,1.0,4.0,6.0,14.0,0.0,37.0,1.0,16.0,55.0,43.0,52.0,59.0,20.0,5.0
30,30042.0,0.346070537539174,0.7728655481710272,0.9300843585868085,0.1149899525890922,0.4619760036500532,0.7639285781632204,0.6230458868832585,14.0,19.0,10.0,13.0,10.0,15.0,8.0,44.0,22.0,34.0,40.0,43.0,55.0,2.0
31,30044.0,0.5145186860346875,0.6746344271930836,0.10573525522005103,0.131296423544325,0.4404617313351734,0.587857147720268,0.5849220036303154,8.0,15.0,5.0,22.0,2.0,37.0,2.0,21.0,46.0,47.0,43.0,57.0,40.0,5.0
32,30045.0,0.1780905018730148,0.6057046494146144,0.9426645643767162,0.1941942082319345,0.3814285742533596,1.0,1.0,12.0,14.0,9.0,20.0,10.0,24.0,7.0,34.0,43.0,35.0,37.0,46.0,44.0,2.0
33,30046.0,0.4055237518516546,0.9569348091583418,0.9248030583321871,0.1033554514260555,0.5315139840841637,0.9405208799188288,0.001681262262513799,10.0,14.0,8.0,15.0,10.0,11.0,6.0,39.0,33.0,49.0,44.0,39.0,35.0,7.0
34,30050.0,0.4334423676268714,0.6822540830969276,0.5170120769498323,0.0661466637001618,0.2954830657421311,0.5692857193714509,0.770315091184644,21.0,24.0,15.0,16.0,17.0,11.0,6.0,37.0,23.0,46.0,40.0,54.0,45.0,2.0
35,30051.0,0.4445322659991783,0.8142245474794668,0.6045398506130888,0.0630414195858489,0.4371952429691533,0.6103571404776879,0.5983806862436509,14.0,15.555555555555555,11.0,11.11111111111111,5.0,22.0,4.0,24.0,31.63636363636364,38.0,43.0,49.0,35.0,3.0
36,30053.0,0.2755879818800684,0.5555808969822074,0.7566208758918681,0.1317371355109281,0.3942307731981252,0.6685714315396731,0.7133620638205138,16.0,12.0,12.0,21.0,13.0,26.0,6.0,26.0,37.0,36.0,37.0,50.0,44.0,2.0
37,30054.0,0.3693439744236625,0.5914278658458133,0.8061478212837041,0.160490397440124,0.627504559932728,0.653571427753669,0.25945016099572327,10.0,19.0,12.0,16.0,11.0,31.0,9.0,36.0,46.0,33.0,41.0,49.0,37.0,4.0
38,30055.0,0.4379768587032744,0.9565936894559145,0.9614774787879308,0.0462245015768327,0.3197767161685607,0.4478571489185979,0.646183702111532,6.0,10.0,4.0,17.0,3.0,33.0,5.0,21.0,43.0,41.0,46.0,51.0,29.0,6.0
39,30056.0,0.3100677962105186,0.5461188047003204,0.8403549860678539,0.0885869522423082,0.4403763780387585,0.6389285712337303,0.6055060925801916,16.0,18.0,14.0,8.0,13.0,20.0,20.0,41.0,28.0,33.0,41.0,39.0,41.0,5.0
40,30057.0,0.3709291685122978,0.7888069308800509,0.7783024580894835,0.0990418676315798,0.2547928328567769,0.7700000070284161,1.0,21.0,15.0,16.0,11.0,13.0,13.0,12.0,40.0,23.0,38.0,39.0,34.0,61.0,0.0
41,30059.0,0.5030054319602864,0.654821037632002,0.39797951173909757,0.1414789917645784,0.4698340887534881,0.6314285706393031,0.5516795842082932,18.0,21.0,10.0,18.0,17.0,19.0,7.0,44.0,33.0,44.0,43.0,49.0,53.0,6.0
42,30061.0,0.3607392910112288,0.42398471454447845,0.5683842642086921,0.1443214801723098,0.5566572260669418,0.2521428536887525,0.480897802831636,11.0,19.0,4.0,19.0,9.0,27.0,5.0,25.0,38.0,39.0,47.0,44.0,39.0,8.0
43,30062.0,0.4360361204023921,0.8979776810091151,0.607586710871764,0.0552709420843184,0.5537518060266277,0.6600000048710601,0.3956582566245371,15.0,10.0,6.0,19.0,8.0,30.0,2.0,24.0,37.0,45.0,44.0,59.0,30.0,3.0
44,30064.0,0.2677066016868669,0.5984663343624429,0.8960253123049443,0.1171590487867749,0.4417273681975313,0.6864285765882556,0.6275626435183697,2.0,8.0,5.0,10.0,1.0,31.0,2.0,21.0,43.0,43.0,49.0,54.0,32.0,3.0
45,30065.0,0.515905773701762,0.970537076205622,0.7495241713938087,0.0667963777829322,0.4950372264988043,0.4317857144714143,0.5037712087790615,4.444444444444445,10.0,14.0,19.0,6.0,34.0,4.0,31.0,53.0,45.0,48.0,55.0,32.0,5.0
46,30066.0,0.3530362834714663,0.6783571295834323,0.6141786993736341,0.0925974287104726,0.3137727821461284,0.4442857213698445,0.6488860319134813,8.0,5.0,1.1111111111111112,14.0,6.0,14.0,13.333333333333334,39.0,34.0,43.63636363636363,43.2,36.0,53.0,6.0
47,30067.0,0.3214062356054533,0.782195298677823,0.9308038633490537,0.0693610004288163,0.4557041402905434,0.8546428595947375,0.7604422466261366,23.0,20.0,8.0,20.0,12.0,32.0,14.0,45.0,36.0,48.0,46.0,45.0,67.0,0.0
48,30068.0,0.4655583317432007,0.7256013660258416,0.45938190110324456,0.0486390424605498,0.5080459752125073,0.4142857245670704,0.49430894412075166,11.0,12.0,9.0,13.0,10.0,12.22222222222222,6.0,40.0,38.0,32.72727272727273,42.0,41.0,47.0,3.0
49,30069.0,0.4446705319729841,0.49833103206075957,0.5481745236878787,0.0365679957331409,0.6217656065889274,0.4692857170980766,0.39232839241952877,10.0,15.0,11.11111111111111,18.0,11.0,27.0,5.0,35.0,41.0,37.0,43.0,42.0,35.0,2.0
50,30070.0,0.4128118841261384,0.8775446428609125,0.7059429777793702,0.1085233827913207,0.6709401741590953,0.7242857118850972,0.05094991058647681,24.0,23.0,24.0,22.0,22.0,11.0,19.0,52.0,24.0,34.0,27.0,36.0,56.0,3.0
51,30071.0,0.47008961805426,0.4914203673239872,0.6464592600655792,0.137100457819658,0.5579433324006269,0.7478571533832044,0.32813973821542847,15.0,27.0,3.0,13.0,16.0,25.0,14.0,46.0,38.0,45.0,41.0,41.0,52.0,2.0
52,30072.0,0.356708171090404,0.8173867593729753,0.7479897814847091,0.0933858972098985,0.5742231200753615,0.5324999962812952,0.4154570890914951,18.0,20.0,10.0,7.0,8.0,20.0,7.0,35.0,30.0,32.0,39.0,39.0,56.0,1.0
53,30073.0,0.4600320008527542,0.8455195643719343,0.7161572263211217,0.0882652231929995,0.396686165128553,0.7328571444441503,0.7834224476934742,16.0,19.0,11.0,19.0,15.0,23.0,13.0,28.0,42.0,49.0,45.0,44.0,39.0,6.0
54,30074.0,0.355395121120466,0.6538730258309693,0.670064471538942,0.1411064233999605,0.3306327210699321,0.6171428582001912,0.7730099433776407,10.0,7.0,12.0,6.0,15.0,14.0,16.0,40.0,39.0,44.0,39.0,28.0,52.0,0.0
55,30075.0,0.3399241415052076,0.7728412481641973,0.9632064339370473,0.1108123983446817,0.4037105219896399,0.7764285671983924,0.834398274909331,9.0,15.0,13.0,16.0,11.0,28.0,7.0,42.0,41.0,32.0,40.0,52.0,55.0,6.0
56,30076.0,0.3945354590870984,0.7779510036502265,0.7378761253370864,0.0933138652206872,0.4961970003413989,0.6260714257599359,0.5063673909469576,18.0,22.0,12.0,18.0,13.0,11.0,30.0,50.0,29.0,43.0,41.0,37.0,69.0,0.0
57,30077.0,0.3306457834226948,0.5933333333333334,0.6352459016393442,0.0062309907848662,0.4717000217766218,0.588928563795892,0.5405444505812701,21.0,21.0,16.0,22.0,15.0,15.0,0.0,36.0,21.0,33.0,36.0,53.0,63.0,3.0
58,30078.0,0.409216588742241,0.2895418525263872,0.5605863485626358,0.1857047663951348,0.4886685574849083,0.378214293930434,0.5068925893410281,7.0,14.0,12.0,15.0,9.0,27.0,3.0,26.0,45.0,28.0,47.0,57.0,30.0,5.0
59,30079.0,0.2672210571515144,0.701031541480897,0.7750212571431971,0.0979139560960096,0.6756594143894938,0.6923571389826046,0.10467455939049776,8.0,15.0,9.0,9.0,7.0,23.0,16.0,44.0,43.0,35.0,43.0,37.0,38.0,5.0
60,30080.0,0.4876490197935604,0.44166666666666676,0.6029850746268657,0.007929848261495,0.4671381646761864,0.8332142860153187,0.6641684410632382,23.0,24.0,17.0,5.0,21.0,29.0,3.0,15.0,29.0,21.0,39.0,51.0,47.0,2.0
61,30081.0,0.3259643893367559,0.6135966795949546,0.7839654458316795,0.1232478088133816,0.370731714355643,0.5857142926942966,0.6827586159956972,19.0,14.0,16.0,16.0,8.0,17.0,23.0,53.0,32.0,41.0,47.0,33.0,57.0,
62,30083.0,0.3043422018139926,0.9087594572540478,0.9498817059091171,0.1292313570211452,0.5829371577460352,0.8575538432528409,0.0007020196422533132,18.0,22.0,15.0,11.0,16.0,15.0,21.0,50.0,27.0,47.0,37.0,35.0,58.0,3.0
63,30084.0,0.3054935094447983,0.6616663334733887,0.8201988180046513,0.1304534806271322,0.5593137285399443,0.4857142880250766,0.4439814780829522,16.0,23.0,13.0,16.0,13.0,13.0,2.0,55.0,26.0,34.0,45.0,39.0,55.0,3.0
64,30085.0,0.346665776902568,0.6784973210329126,0.53805698085325,0.0788986528566505,0.5222997171855923,0.5530714347124428,0.47240423294585815,13.0,19.0,14.0,17.0,10.0,14.444444444444445,0.0,37.0,40.0,44.0,44.0,48.0,44.0,3.0
65,30086.0,0.3542771135298403,0.8883658283711429,0.7905557554265432,0.0647517950397564,0.3626584169667582,0.8078571437272837,1.0,14.0,14.0,9.0,16.0,4.0,22.0,7.0,34.0,30.0,45.0,41.0,52.0,56.0,3.0
66,30087.0,0.6457580920687026,0.5871150092698174,0.18454739573968584,0.0721743679326478,0.2478594734912522,0.4032142881020551,0.670357065980306,12.0,11.0,6.0,15.0,7.0,23.0,0.0,15.0,39.0,43.0,46.0,56.0,48.0,4.0
67,30088.0,0.4473182188950104,0.9816620275700444,0.5455562596723555,0.0363289624379034,0.5764661002268585,0.8671802206639259,0.0007528999106900325,9.0,16.0,11.0,12.0,5.0,36.0,10.0,28.0,45.81818181818182,31.0,41.0,45.0,42.0,4.0
68,30089.0,0.3614940364499924,0.8155618091049761,0.6169467247041648,0.1074923810950145,0.400046279225396,0.7717857145061854,0.8380281547172047,29.0,24.0,14.0,16.0,21.0,9.0,19.0,52.0,17.0,42.0,38.0,44.0,65.0,0.0
69,30090.0,0.4342837184095304,0.8695724672438996,0.5249974380107508,0.0704441132202823,0.4133574040842968,0.7914285723557517,0.8287671123761055,12.0,14.0,6.0,10.0,9.0,29.0,8.0,26.0,39.0,45.0,43.0,40.0,42.0,3.0
70,30091.0,0.2321666627600242,0.5537983430308488,0.7235927904423427,0.0431102958399411,0.630160447609686,0.660357143168854,0.2469330515617381,13.0,21.0,16.0,14.0,16.0,22.0,14.0,38.0,31.0,45.0,47.0,36.0,46.0,5.0
71,30093.0,0.4084512185490054,0.6881501870892951,0.808796407441492,0.0983495013158626,0.4286039129384614,0.5235714379595338,0.578460770293446,8.0,10.0,10.0,18.0,6.0,22.0,0.0,26.0,38.0,42.0,45.0,46.90909090909091,34.0,4.0
72,30094.0,0.471148333026447,0.8060585490935642,0.9495760786593029,0.0881732731087436,0.4848908236504799,0.920285717464392,0.6744324700018838,14.0,14.0,14.0,13.0,16.0,20.0,15.0,41.0,38.0,31.0,33.0,37.0,45.0,4.0
73,30095.0,0.3869908139590528,0.6687183412637316,0.7220385480183998,0.1339078285869516,0.705361651972656,0.4707142935302921,0.3173639232178002,20.0,25.0,14.0,18.0,15.0,28.0,11.0,43.0,35.0,49.0,41.0,46.0,64.0,2.0
74,30096.0,0.5251700023327099,0.4149974326630144,0.529912913610822,0.0384835551034856,0.3679504856004704,0.2596428636330062,0.5463096961937656,13.0,19.0,14.0,14.0,10.0,23.0,8.0,44.0,34.0,45.0,46.0,42.0,55.0,3.0
75,30097.0,0.3824294104803572,0.7129425117735153,0.8588089328997371,0.0792540953081868,0.4478114500434197,0.707142862838986,0.6260162582393244,4.0,15.0,8.0,14.0,8.0,8.0,13.0,47.0,40.0,36.0,41.0,44.0,42.0,7.0
76,30098.0,0.3215265090710187,0.6463156666374472,0.6900138526337778,0.1498047484450922,0.5334041059704621,0.8410714276445623,0.3232209685056958,7.0,14.0,13.0,16.0,7.0,20.0,6.0,23.0,49.0,33.0,42.0,47.0,32.0,5.0
77,30099.0,0.3930091314905929,0.8787902998495568,0.6275912302219357,0.068856953545982,0.4499478587659206,0.3424999978822646,0.5260727881543114,21.0,19.0,11.0,18.0,14.0,17.0,4.0,22.0,30.0,46.0,41.0,31.0,43.0,3.0
78,30101.0,0.4289674867319525,0.6432487037907302,0.7258359255685131,0.0834494285916258,0.1687370718832457,0.3450000078520043,0.674482006368537,26.0,23.0,18.0,24.0,21.0,25.0,11.0,48.0,30.545454545454547,40.0,38.0,43.0,69.0,3.0
79,30102.0,0.3352974595699865,0.8098717073783376,0.9999062724879565,0.0593528852945042,0.2428984127008998,0.7417857136580285,1.0,4.0,13.0,8.0,17.0,4.0,37.0,4.0,21.0,48.0,47.0,43.0,56.0,36.0,3.0
80,30103.0,0.3915744495499015,0.798498961323503,0.8027289463309281,0.0917524329083683,0.3609171826335611,0.8696428634849817,1.0,12.0,13.0,7.0,10.0,0.0,40.0,0.0,12.0,46.0,29.0,41.0,59.0,21.0,8.0
81,30104.0,0.3856288174836145,0.7012635908656012,0.6652244412579313,0.053532686553293,0.5143285127225401,0.9139285751024958,0.3478561586328653,12.0,18.0,6.0,11.0,12.0,29.0,11.0,35.0,41.0,44.0,44.0,40.0,44.0,4.0
82,30105.0,0.4007147814537355,0.5327028414676306,0.6834969565980451,0.1992312851666013,0.5624515946137194,0.5840714329878691,0.412301786288825,17.0,26.0,14.0,24.0,17.0,6.0,14.0,37.0,29.0,47.0,44.0,33.0,48.0,3.0
83,30106.0,0.2400093316456513,0.6255613788245734,0.9768038253931233,0.1098508808643122,0.906692394670502,0.1850000067795044,0.40768331730419977,16.0,9.0,6.0,20.0,5.0,25.0,0.0,22.0,24.0,54.0,50.0,47.0,45.0,1.0
84,30109.0,0.423495123238937,0.6183309474294436,0.7248922979784764,0.0354803626026974,0.4006131114625062,0.3689285716937007,0.5581022388093633,7.0,9.0,4.0,22.0,4.0,29.0,9.0,33.0,44.0,39.0,44.0,56.0,48.0,4.0
85,30110.0,0.4585845862811077,0.5883333182118562,0.5506073019620374,0.026369623504652,0.5825723047586739,0.6257142884789301,0.36195927514793585,16.0,17.0,16.0,10.0,11.0,11.0,7.0,29.454545454545453,30.0,40.0,46.0,39.0,38.0,3.0
86,30111.0,0.425728128031439,0.3904880495407447,0.5496887176582755,0.1362343043199371,0.3820479025207351,0.5417857242297278,0.6394648005014534,16.0,10.0,11.0,15.0,9.0,27.0,0.0,29.0,40.0,34.0,41.0,58.0,47.0,3.0
87,30112.0,0.3550673955915006,0.8327542942068904,0.7077021462755474,0.1063573913864628,0.3095833364179248,0.7999999965009462,1.0,11.0,20.0,10.0,17.0,13.0,16.0,5.0,41.0,33.0,41.0,46.0,38.0,51.0,2.0
88,30113.0,0.3949714205545049,0.992196751330585,0.9960538922503271,0.0582041225922996,1.0,0.3837076886490987,0.00016226066455510673,9.0,11.0,7.0,6.0,3.0,8.0,0.0,13.0,37.0,40.0,44.0,49.0,33.0,2.0
89,30114.0,0.4440927912611204,0.7343618771040499,0.8277938417830122,0.0896538217003699,0.3669760242039447,0.9235714229884876,1.0,11.0,10.0,11.0,13.0,6.0,28.0,3.0,28.0,41.0,45.0,48.0,50.0,31.0,3.0
90,30116.0,0.0442391858569143,0.5002815400346087,0.9616851582747531,0.1652708860174792,0.5229525314638637,0.9128571394942206,0.25956283630528526,8.0,16.0,9.0,14.0,4.0,22.0,3.0,41.0,41.0,40.0,46.0,52.0,35.0,3.0
91,30118.0,0.387747715009813,0.9731539739034356,0.9999476783970058,0.0453402097946616,0.0,0.2096428593906591,0.8991564989451587,20.0,22.0,15.0,19.0,20.0,16.0,10.0,50.0,33.0,43.0,37.0,44.0,42.0,0.0
92,30119.0,0.3091781629598418,0.5210186146725343,0.8955012737017929,0.0626160910589318,0.496969697894444,0.4714285813022493,0.5027027019850205,14.0,15.0,6.0,23.0,10.0,25.0,4.0,23.0,38.0,43.0,41.0,45.0,51.0,4.0
93,30120.0,0.4765974907890657,0.812481025921063,0.7754967714695236,0.0929294148564872,0.1309373667212288,0.2832142867746869,0.6458229545185971,22.0,22.0,14.0,11.0,18.0,27.0,9.0,42.0,27.0,41.0,43.0,56.0,53.0,2.0
94,30121.0,0.3319327714035778,0.8331726513812273,0.8022957807343907,0.100314575228089,0.4297671091271454,0.6542857163159853,0.6329201004482908,5.0,9.0,8.0,18.0,2.0,30.0,1.0,24.0,42.0,49.0,50.0,49.0,28.0,4.0
95,30123.0,0.4001622304255064,0.6156406222342179,0.4964206171466723,0.1643364013082834,0.4403202396996634,0.4907142938673667,0.5575035016323951,6.0,16.666666666666668,14.0,12.0,7.0,23.33333333333333,7.0,37.0,41.45454545454545,34.0,37.0,33.0,32.0,7.0
96,30124.0,0.3374670492791191,0.5768145198813336,0.7466950617129167,0.1303422908685233,0.0,0.0503571459217876,0.5371066808012679,21.0,24.0,14.0,16.0,21.11111111111111,4.0,19.0,50.0,26.0,44.0,42.0,29.0,69.0,0.0
97,30127.0,0.3419046937172085,0.7510360058468062,0.5406579408547935,0.1444004654480507,0.4321033281259748,0.483928570382821,0.5636678131516055,7.0,10.0,9.0,22.0,16.0,32.0,22.0,26.0,44.0,43.0,39.0,35.0,55.0,1.0
98,30128.0,0.4209695422174023,0.9204284058751927,0.8153766368973788,0.1141576361375965,0.4488237751308196,0.8653571409713908,0.8289124425759042,14.0,14.0,10.0,14.0,9.0,20.0,1.0,27.0,43.0,41.0,38.0,59.0,60.0,3.0
99,30129.0,0.4620554692145682,0.905938957203232,0.5270508060601704,0.0805626613557645,0.6478382172424157,0.6828571436930855,0.18168167515923042,18.0,14.0,19.0,19.0,13.0,15.0,9.0,37.0,28.0,28.0,35.0,38.0,58.0,2.0
100,30130.0,0.5198568737129857,0.8719416131424869,0.5326493377670902,0.1279723722928035,0.5223591471679381,0.9570043957501188,0.00232581915627518,12.0,14.0,11.0,14.0,16.0,29.0,17.0,43.0,40.0,34.0,43.0,41.0,47.5,3.0
101,30131.0,0.3847381555293655,0.7602346842438854,0.9980474743778971,0.0765513864685785,0.4763837652718906,0.9678571509430453,1.0,7.0,14.0,8.0,16.0,3.0,25.0,6.0,26.0,47.0,47.0,50.0,49.0,34.0,3.0
102,30133.0,0.3338974200225704,0.6342860170798217,0.57978083232281,0.1130995997251883,0.4309994905378247,0.4692857083215864,0.5610139079825808,2.0,13.0,5.0,15.0,8.88888888888889,25.0,0.0,38.0,54.0,43.0,42.0,31.63636363636364,36.0,13.0
103,30134.0,0.3734003855072277,0.7249417361933332,0.6059915935618513,0.0631886710533925,0.5813333364224885,0.5357142935932429,0.4061538396166296,16.0,18.0,5.0,26.0,12.0,22.0,12.0,53.0,29.0,45.0,44.0,44.0,71.0,2.0
104,30135.0,0.3529526248791177,0.8121024067513789,0.9995071021133357,0.0677932533036216,0.387337741000249,0.9721428493112352,1.0,14.0,25.0,13.0,6.0,9.0,19.0,8.0,48.0,24.0,31.0,34.0,35.0,46.0,3.0
105,30136.0,0.4897693663362492,0.9999999999999952,0.8137299551834342,0.0147596790491568,0.4015908273418841,0.965357146200184,1.0,5.0,13.0,11.0,23.0,6.0,30.0,1.0,32.72727272727273,50.0,39.0,51.0,56.0,25.0,2.0
106,30138.0,0.5400931724243583,0.7876609109053065,0.581426909028309,0.1396642969211545,0.5056818191167398,0.7542857054726607,0.48255813749427057,6.0,13.0,10.0,25.0,4.0,29.0,0.0,27.0,41.0,36.0,42.0,55.0,32.0,3.0
107,30139.0,0.1382892660341715,0.4692124628869865,0.8342967234967681,0.1145550863279508,0.471410008593344,0.9160714296632612,0.8120567191467002,19.0,21.0,10.0,24.0,14.0,28.0,6.0,45.0,36.0,36.0,38.0,48.0,54.888888888888886,2.0
108,30140.0,0.2496046933028308,0.4549929787653616,0.6422064443164768,0.0240712259818957,0.5637140695202715,0.612857145555033,0.39913898105165946,16.0,16.0,13.0,12.0,14.0,29.0,8.0,30.0,41.0,29.0,40.0,47.0,40.0,2.0
109,30142.0,0.376624045699828,0.6857566761257837,0.7932952746478781,0.094699382670563,0.429437713517012,0.6478571450487552,0.6298174329713726,14.0,17.0,4.0,14.0,8.0,9.0,11.0,51.0,28.0,45.0,42.0,42.0,59.0,4.0
110,30143.0,0.4514307940934682,0.7256204564941134,0.7861755470879602,0.1275222227366504,0.4664026920483524,0.496071437561535,0.5330734673445039,12.0,18.0,9.0,21.0,10.0,12.0,9.0,46.0,27.0,52.0,41.0,29.0,34.0,5.0
111,30144.0,0.4347941878492364,0.7011487428526891,0.9212973812906878,0.062938239201767,0.5005299390196565,0.8985714326511547,0.4953051879114822,20.0,18.0,6.0,16.0,16.0,18.0,10.0,41.0,29.0,49.0,39.0,51.0,55.0,2.0
112,30145.0,0.4723288626770642,0.850476590253392,0.33020672829768866,0.0875167569049302,0.160265876084705,0.241785719217877,0.6083372624015759,18.0,17.0,10.0,21.0,11.0,19.0,9.0,41.0,28.0,52.0,47.0,48.0,61.0,3.0
113,30147.0,0.2458801870333541,0.36701299734882176,0.6767699846068806,0.1418998372047571,0.3888123169692998,0.5182142918981267,0.6195947606178557,2.0,5.0,6.0,12.0,0.0,23.0,2.0,19.0,46.0,43.0,47.0,46.0,32.0,7.0
114,30148.0,0.4730064144570263,0.9358555267773283,0.9714461220588676,0.0600684301235774,0.476701856843499,0.9810714322965572,1.0,4.444444444444445,10.0,10.0,14.0,4.0,40.0,0.0,14.0,48.0,43.0,48.0,57.81818181818182,25.0,3.0
115,30149.0,0.4194105476721622,0.9320989692307803,0.4941347233387408,0.0851892261758866,0.2617047777688472,0.765357141496612,1.0,6.0,9.0,7.0,22.0,1.0,35.0,6.0,34.0,46.0,48.0,50.0,54.0,31.0,5.0
116,30150.0,0.3163499907166904,0.6666666663785703,1.0,0.0154591193948753,0.3792857117990283,1.0,1.0,20.0,21.0,9.0,11.0,3.0,14.0,0.0,37.0,33.0,44.0,41.0,46.0,53.0,4.0
117,30151.0,0.4079416733826368,0.9494675962279047,0.9995625360741064,0.0549540348541609,0.3343347678348223,0.8321428603948237,1.0,23.0,26.0,12.0,10.0,18.0,10.0,24.0,51.0,24.0,51.0,36.0,38.0,61.0,7.0
118,30152.0,0.4540364838527188,0.48599960331962244,0.6225682658084465,0.0332500513291968,0.3632986693654846,0.4807142876439039,0.6265474501075465,8.0,12.0,9.0,21.0,9.0,29.0,0.0,26.0,46.0,42.0,45.0,48.0,32.0,5.0
119,30153.0,0.0,0.28717950541183995,0.891214447040384,0.2025729810222806,0.6013941764043292,0.4696428493182606,0.4102132405500778,11.0,15.555555555555555,13.0,14.0,13.333333333333334,31.0,0.0,27.6,42.66666666666666,33.6,38.4,48.0,42.0,3.0
120,30156.0,0.0,0.37074745702986156,0.9311828945978924,0.0962629199837537,0.4491821549437564,0.7496428606167495,0.6521635645469825,9.0,17.0,12.0,22.0,10.0,29.0,17.0,41.0,43.0,47.0,41.45454545454545,41.0,47.0,15.0
121,30157.0,0.2965519633642207,0.7104143114368897,0.9525347859600826,0.0858289613728282,0.3587215020199695,0.8510714236726071,1.0,6.0,11.0,9.0,21.0,5.0,34.0,1.0,24.0,44.0,41.0,38.0,46.0,41.0,2.0
122,30158.0,0.4395082200019672,0.6438112687553823,0.48398011603955093,0.0779434712282255,0.5250878130395468,0.711785717108972,0.43804211638671176,15.0,22.0,15.0,20.0,15.0,15.0,1.0,37.0,35.0,39.0,41.0,48.0,47.0,6.0
123,30160.0,0.3176805544606778,0.4114366143382197,0.6428706493143572,0.0801493515936293,0.0,0.524285719063947,1.0,12.0,22.0,11.0,18.0,9.0,18.0,8.0,44.0,37.0,50.0,42.0,41.0,74.0,1.0
124,30161.0,0.4307587427424345,0.5827661071944372,0.6601549722058406,0.0640454149972796,0.5126291636373946,0.622142860627843,0.4792060459522848,14.0,9.0,11.0,17.0,3.0,24.0,0.0,21.0,25.0,46.0,38.0,55.0,46.0,3.0
125,30162.0,0.3600666410947061,0.6825015750196252,0.8203922884525839,0.0784516038258139,0.4682029349739657,0.6664285676467243,0.5635260410376735,16.0,17.0,7.0,4.0,4.0,13.0,1.0,35.0,33.0,32.0,50.0,54.0,77.0,3.0
126,30163.0,0.2547442629222619,0.30040149316718634,0.6457597879045379,0.2383580843837346,0.4626168285436476,0.267500006739126,0.5136518753699738,18.0,17.0,17.0,22.0,17.0,15.0,13.0,46.0,34.0,41.0,40.0,41.0,68.0,2.0
127,30164.0,0.3862347716530859,0.7218243642487808,0.80396533309873,0.1411338691679481,0.350483734624217,0.6767857126764973,0.8130754925997342,21.0,12.0,21.0,23.0,11.0,14.0,3.0,34.0,26.0,35.0,39.0,57.0,42.0,3.0
128,30165.0,0.4142669255833733,0.9983836882022791,0.9361753714962282,0.0638114533180574,0.5418331184876192,0.9226087940053128,0.0012921364735789843,21.0,20.0,12.0,16.0,10.0,17.0,11.0,34.0,26.0,34.0,37.0,51.0,35.0,3.0
129,30166.0,0.4818849816104328,0.26645055481739727,0.41119137704800274,0.0880044749173416,0.14267484939848,0.2332142914804146,0.6086787754385192,9.0,11.0,9.0,14.0,8.0,30.0,2.0,24.0,40.0,43.0,44.0,46.0,37.0,3.0
130,30169.0,0.354754319512939,0.8331595136570809,0.7185416474763845,0.0794552929133082,0.3695991304116268,0.7632142857259491,0.9203117018526976,24.0,18.0,10.0,17.0,15.0,19.0,4.0,39.0,39.0,44.0,46.0,50.0,57.0,2.0
131,30170.0,0.1756132527264758,0.55828722486728,0.7467805669690626,0.0950444369244399,0.4559270552237543,0.4700000089111037,0.5390835561997201,12.0,15.0,10.0,17.0,9.0,13.0,3.0,42.0,36.0,43.0,44.0,36.0,55.0,5.0
132,30171.0,0.4617045890159573,0.9856664685162156,0.8760492517671562,0.0849090546077364,0.4760622381560499,0.7957142922735613,0.5932400970986119,11.0,16.666666666666668,14.0,20.0,15.0,35.0,7.0,34.0,48.0,39.0,40.0,50.0,40.0,3.0
133,30172.0,0.3559392731160956,0.788048881692879,0.8500780263004901,0.1467404412792266,0.3325146191717754,0.5089285794734015,0.6735757639002191,6.0,4.0,10.0,13.0,3.0,23.0,2.0,25.0,37.0,44.0,45.0,43.0,41.0,4.0
134,30173.0,0.4579658210910249,0.8848017539180416,0.27348905285883957,0.0704875336795494,0.6607142918174235,0.5199999991760307,0.32589285110588,17.0,15.0,13.0,18.0,13.0,18.0,1.0,38.0,28.0,38.0,42.0,44.0,57.0,3.0
135,30174.0,0.2841948416884433,0.794035858017642,0.7896068879974898,0.0443096890597312,0.098924733932173,0.4428571402231168,0.8188034132146178,11.0,11.0,10.0,17.0,3.0,25.0,1.0,25.0,45.0,36.0,48.0,51.0,37.0,5.0
136,30176.0,0.4188650467498296,0.7943908853468973,0.8080770555018442,0.1613004314196311,0.6477930418007141,0.5512857126808579,0.318423003944981,11.0,11.0,16.0,20.0,8.0,31.0,2.0,25.0,43.0,47.0,42.0,58.0,36.0,3.0
137,30177.0,0.4310821608801388,0.71428940823583,0.6425180284723736,0.1178627733984796,0.303493094929837,0.5752857172603496,0.7661733321061828,7.0,12.0,10.0,19.0,7.0,15.0,4.0,37.09090909090909,47.0,39.27272727272727,44.0,43.63636363636363,36.0,2.0
138,30178.0,0.5363520642659813,0.5136144319783491,0.4160764545208171,0.1173787045687231,0.3864516204026598,0.5535714299949606,0.6407999915117454,25.0,25.0,22.0,22.0,21.0,8.0,1.0,22.0,17.0,40.0,38.0,37.0,34.0,2.0
139,30179.0,0.4965909714430224,0.51893967314459,0.510317453248523,0.1098371817225241,0.9855967061727048,0.2314285748604663,0.3537794276620641,1.0,13.0,4.0,18.0,4.0,32.0,15.0,38.0,39.0,37.0,48.0,51.0,31.0,6.0
140,30180.0,0.3918305538847306,0.37649609161146885,0.607639209783004,0.1653785712210006,0.3424467189720113,0.3853571502117676,0.598779776587945,6.0,17.0,7.0,12.0,8.0,26.0,9.0,31.0,44.0,45.0,48.0,52.0,36.0,10.0
141,30181.0,0.4633517027452283,0.7290118887423717,0.6619949067392645,0.0949528057880929,0.4744851512303975,0.6532142839643426,0.5480604099269782,12.0,20.0,8.0,18.0,13.0,19.0,8.0,41.0,34.0,48.0,49.0,45.0,38.0,15.0
142,30183.0,0.3898880465314591,0.3268717829800054,0.6277153120611363,0.081660261254706,0.1741405113534273,0.3185714286649159,0.6523410188668338,21.0,20.0,15.0,16.0,14.0,9.0,0.0,43.0,28.0,39.0,43.0,31.0,37.0,3.0
143,30184.0,0.3999074441087604,0.5819768967387711,0.7218517141076877,0.1308619718009095,0.7938034260431318,0.4457142883894595,0.2637456960874878,4.0,4.0,2.0,12.0,0.0,30.0,0.0,18.0,46.0,42.0,51.0,55.0,20.0,7.0
144,30187.0,0.4261894548473278,0.73329201845699,0.5500638225551242,0.0437114976214567,0.4754020852668994,0.754999993039555,0.5758017343863867,10.0,10.0,8.0,14.0,7.0,34.0,2.0,20.0,46.0,44.0,47.0,55.0,32.0,4.0
145,30188.0,0.4863631312415064,0.7499985755232104,0.5666670916309925,0.0359485795053986,0.3306595371638333,0.6678571415092391,0.8405017887950761,14.0,9.0,8.88888888888889,13.0,14.0,19.0,6.0,48.0,29.454545454545453,39.27272727272727,44.0,47.0,48.0,5.0
146,30189.0,0.3584020569823843,0.6416428712751704,0.6219142172030577,0.086265077442861,0.4660924277725816,0.8707142855902146,0.7283609419871114,11.0,15.0,11.0,21.0,10.0,29.0,6.0,29.0,46.0,34.0,40.36363636363637,45.0,42.0,10.0
147,30190.0,0.3981975400905827,0.7035139815962453,0.5878647484502687,0.1019132318640269,0.5702745131703083,0.7589285706055295,0.2787654224961222,16.0,16.0,6.0,12.0,13.0,18.0,8.0,40.0,37.0,37.0,50.0,43.0,47.0,4.0
148,30192.0,0.3932862012867359,0.5520523703647102,0.6766134685288631,0.1270078981340829,0.7910135880625921,0.4557142869097991,0.2563429526524645,19.0,16.0,9.0,10.0,12.0,21.0,7.0,35.0,30.0,47.0,47.0,52.0,47.0,3.0
149,30193.0,0.3865068518558174,0.5354793093054366,0.7475856335676955,0.0961900932499512,0.4964119198016998,0.6635714301588753,0.5070771263862494,25.0,23.0,14.0,12.0,18.0,13.0,26.0,53.0,20.0,29.0,37.0,48.0,59.0,1.0
150,30194.0,0.4008018362661111,0.6289254715122884,0.5000517199992284,0.0844571414172361,0.3733373082434054,0.5996428613951259,0.6897115639841086,8.0,14.0,5.0,18.0,5.0,24.0,4.0,35.0,48.0,49.0,47.0,58.0,38.0,5.0
151,30195.0,0.4662162608713959,0.999930286436566,0.8051006567273193,0.0476321541270965,0.5642114218831349,0.8860153846788736,0.0008773113785423782,17.0,15.0,13.0,16.0,18.0,10.0,22.0,43.0,32.0,34.0,34.0,44.0,68.0,5.0
152,30197.0,0.4686447645461979,0.8498996729683727,0.39816222018982383,0.098888149865115,0.416331107901333,0.1064285679905117,0.5099653592901784,23.0,13.0,11.0,9.0,10.0,2.0,0.0,22.0,29.0,41.0,46.0,53.0,63.0,0.0
153,30199.0,0.3728994995261176,0.5514353029598704,0.6468903753159984,0.1409977057293293,0.6691216600090631,0.4364285788610193,0.3690325254903762,8.0,17.0,9.0,15.0,11.0,13.0,10.0,47.0,37.0,39.0,43.0,29.0,46.0,8.0
154,30201.0,0.0,0.42331201147930714,0.9739886408600348,0.0421985646022283,0.8775690934726187,0.5696417566642547,0.0002323645510421528,5.0,11.0,2.0,20.0,3.0,22.0,2.0,27.0,43.0,43.0,45.0,54.0,39.0,5.0
155,30202.0,0.4973207445024203,0.9249134326150847,0.5333194537868635,0.0501472623831359,0.3580880719804053,0.5217857240170538,0.6548419230190462,7.0,8.0,8.0,19.0,10.0,24.0,10.0,27.0,39.0,40.0,51.0,51.0,29.0,4.0
156,30204.0,0.4009358714000371,0.5247473400155,0.6984291563164446,0.1110460418355394,0.394564107894658,0.5803571511451551,0.6458156004270911,10.0,17.0,13.0,16.0,15.0,25.0,10.0,35.0,38.0,34.0,33.81818181818182,38.0,46.0,4.0
157,30205.0,0.1752144073687845,0.4707462165292267,0.7696293242216908,0.0942962683634419,0.5072691048044918,0.4782142913720974,0.4933378976359268,7.0,12.0,6.0,16.0,0.0,38.0,0.0,19.0,44.0,37.0,47.0,48.0,34.0,2.0
158,30206.0,0.5067055589753584,0.8116242143674178,0.9387033558883131,0.0891473149062015,0.3793281687582742,0.9214285727814348,1.0,6.0,16.0,8.0,20.0,1.0,40.0,0.0,29.0,49.0,38.0,44.0,56.0,30.0,3.0
159,30207.0,0.2403998614019175,0.519433950926115,0.7827173923659263,0.1530448578035945,0.4774585121242559,0.5767142902144596,0.5307121121268755,11.0,15.0,14.0,16.0,10.0,6.0,5.0,44.0,40.0,37.0,37.0,39.0,65.0,1.0
160,30208.0,0.4273148402836647,0.5312254012004736,0.6680644203477569,0.0944579264749187,0.3899026827752471,0.3914285735775981,0.5708137680557048,11.0,12.22222222222222,18.0,16.0,13.0,34.0,5.0,31.0,46.0,42.0,40.0,49.0,40.0,1.0
161,30209.0,0.2554748864158902,0.39592443572349073,0.5894677387377006,0.1410198686385584,0.3973105137953039,0.2629285783760771,0.5366314577256079,21.0,15.0,11.0,13.0,18.0,11.0,12.0,42.0,32.0,35.0,41.0,42.0,57.0,0.0
162,30210.0,0.4294584132887763,0.8868195471152976,0.9902741006473081,0.0822102065648445,0.3616107608870194,0.7346428644466477,0.8831314609970653,2.0,8.0,2.0,9.0,0.0,17.0,1.0,26.0,48.0,56.0,51.0,46.0,31.0,10.0
163,30212.0,0.4346243973628755,0.6627175299284435,0.5299397834222238,0.1223663635669445,0.5035050794292651,0.3396428678775093,0.49819722515047615,9.0,12.0,10.0,10.0,10.0,21.0,3.0,28.0,42.0,45.0,45.0,38.0,39.0,5.0
164,30213.0,0.4024327323462839,0.7413806062843853,0.9805495470837939,0.0553140970719442,0.5650524049547744,0.8846967035562143,0.0008672778930371129,16.0,22.0,17.0,21.0,17.0,8.0,32.0,53.0,27.0,35.0,37.0,38.0,63.0,3.0
165,30214.0,0.3368322028300345,0.5397130258456506,0.9009760513774946,0.0780425783771985,0.7701908859034153,0.1621428628650297,0.44771241800216216,11.0,16.0,11.0,19.0,8.0,10.0,3.0,35.0,37.0,46.0,45.0,45.0,44.0,6.0
166,30215.0,0.2182246435967684,0.5190986948931229,0.7917762530110733,0.0832658857647405,0.3604786956197577,0.4078571431195367,0.5960997163904391,1.0,8.0,7.0,14.0,0.0,33.0,0.0,22.0,54.0,50.0,43.0,56.0,20.0,6.0
167,30216.0,0.3206013331569209,0.7038019250541292,0.8231927494347644,0.1407809084928819,0.482090352987048,0.8907142832168207,0.645969472236312,20.0,24.0,13.0,14.0,14.0,9.0,15.0,51.0,24.0,45.0,36.0,22.0,52.0,4.0
168,30217.0,0.3019364221710418,0.9079903287836947,0.9818724336374303,0.0509784188966623,0.5274198894047848,0.7207142834477234,0.4292412580616659,6.0,13.0,3.0,9.0,4.0,18.0,11.0,39.0,38.0,43.0,40.0,45.0,46.0,10.0
169,30218.0,0.3831816211136715,0.7276538723728749,0.5926088148188557,0.0911657381953371,0.3041928744367931,0.5678571529147142,0.757300282979791,23.0,18.0,7.0,14.0,14.0,13.0,12.0,47.0,29.0,39.0,46.0,55.0,38.0,2.0
170,30219.0,0.3056419769391792,0.7733328133273548,0.9117649083061992,0.0222772689721762,0.6229292036289915,0.8024988988921025,0.0005063262910385936,13.0,16.0,11.0,15.0,8.0,29.0,4.0,26.0,35.0,39.0,43.0,49.0,35.0,3.0
171,30220.0,0.3399096071395032,0.4126324485570305,0.5193668730824405,0.126030347145812,0.362365588168708,0.3321428632265112,0.5684492013441591,5.0,10.0,11.0,14.0,8.0,34.0,1.0,22.0,47.0,37.0,43.0,54.0,29.0,3.0
172,30221.0,0.4931000073487509,0.7317636028187922,0.7841195863834289,0.1163387926428583,0.5957928796050579,0.7357142913067336,0.23333332748362104,16.0,16.0,11.0,17.0,14.0,10.0,18.0,50.0,27.0,42.0,43.0,43.0,56.0,7.0
173,30222.0,0.3353322941797579,0.6583954245391146,0.7606377422224277,0.1240449984824672,0.3253588569750292,0.537428579019457,0.7029030265970359,21.0,21.0,21.0,24.0,13.0,20.0,29.0,44.0,32.0,41.0,35.0,42.0,67.0,1.0
174,30223.0,0.4075304591237593,0.8082572879727272,0.34182129168424813,0.0932750342455094,0.2720018379878265,0.2610714343485715,0.5805542104504795,21.0,22.0,13.0,24.0,20.0,16.0,30.0,56.0,21.0,46.0,32.0,33.0,59.0,2.0
175,30224.0,0.171332283758714,0.5067838702206349,0.9456112744123593,0.1188349300632939,0.5463282453089499,0.7246428598211672,0.37808040078651756,19.0,17.0,5.0,17.0,15.0,21.0,2.0,28.0,29.0,54.0,35.0,40.0,48.0,4.0
176,30228.0,0.4450784393804913,0.874329933991863,0.9071623818848022,0.0361951950182336,0.3760600180086818,0.8030000061380648,1.0,4.0,14.0,9.0,28.0,5.0,24.0,0.0,36.0,44.0,42.0,50.0,50.0,51.0,2.0
177,30229.0,0.3850912527909874,0.8178203223181619,0.8985833976764307,0.0682527607315015,0.3731379184408457,0.7432142859572939,0.8671766231721217,26.0,20.0,11.0,18.0,24.0,23.0,15.0,33.0,25.0,46.0,33.0,41.0,57.0,5.0
178,30230.0,0.3045810574410247,0.49057859184998076,0.6782894944223326,0.113793785653324,0.3051665128422436,0.7649999945459518,1.0,21.0,23.0,19.0,10.0,13.0,12.0,18.0,45.0,27.0,47.0,43.0,34.0,49.0,0.0
179,30231.0,0.2932911523720668,0.8990407944176875,0.9661244791997683,0.1242025880267812,0.5813569089768539,0.8282142869497142,0.10776159343953204,7.0,15.0,6.0,19.0,6.0,35.0,7.0,29.0,51.0,38.0,46.0,57.0,28.0,3.0
180,30232.0,0.3450210412378827,0.7306840003037798,0.7391646994999981,0.153666311733561,0.347818502212016,0.6821428546059483,0.8265917498586046,20.0,18.0,13.0,18.0,15.0,20.0,15.0,42.0,33.0,38.0,46.0,44.0,44.0,2.0
181,30234.0,0.4114142611078158,0.8905330383512025,0.9056716519710756,0.0935111479738703,0.5197530893505958,0.7714285745766202,0.43333332225150434,15.0,18.0,0.0,9.0,4.0,28.0,25.0,51.0,32.0,42.0,37.0,30.0,60.0,4.0
182,30235.0,0.0,0.29724259811051235,0.8772097313316654,0.1102709913211875,0.2470525240570402,0.5775714373561751,0.845846020310832,26.0,29.0,19.0,15.0,24.0,21.0,16.0,45.0,26.0,40.0,36.0,34.0,70.0,2.0
183,30236.0,0.3711025861464228,0.5308248241080447,0.5823512290094897,0.140082761618948,0.4054695618010834,0.5767857145969695,0.6288326226885355,12.0,13.0,11.11111111111111,16.0,5.0,26.0,3.0,26.0,41.0,38.0,44.0,48.0,30.0,4.0
184,30237.0,0.4626231139934366,0.8849999989557127,0.7971014506852329,0.0226201202662582,0.3223443246858662,0.7799999971129791,1.0,15.0,25.0,10.0,13.0,13.0,20.0,8.0,35.0,37.0,50.0,45.0,52.0,41.0,1.0
185,30239.0,0.4893048931809891,0.8960196972570568,0.5355592791785436,0.1238775264031132,0.4062689194353178,0.8260714319325517,0.9451745265253158,27.0,27.0,10.0,25.0,23.0,21.0,28.0,55.0,28.0,52.0,37.0,38.0,78.0,0.0
186,30240.0,0.4807103956876914,0.5711331865185444,0.5286982216382382,0.0913969571747428,0.3771653563179474,0.453571436803568,0.6019607860508102,7.0,12.0,12.22222222222222,13.0,5.0,28.88888888888889,1.0,19.0,46.0,39.27272727272727,48.0,52.0,35.0,3.0
187,30241.0,0.4604499367806729,0.9999998829635944,0.9400545125426568,0.0287375327050866,0.6148299628954876,0.8130703286576421,0.0005349605511093637,10.0,16.0,13.0,16.0,16.0,20.0,9.0,36.0,41.0,34.0,36.0,42.0,43.0,5.0
188,30243.0,0.3492516785764396,0.3189861573360665,0.5734516912923762,0.1398576656637784,0.3816537479596016,0.4607142941537738,0.6011037551773787,9.0,13.0,13.0,22.0,10.0,35.0,2.0,38.0,43.0,35.0,43.0,49.0,42.0,4.0
189,30244.0,0.3445591218280083,0.7741083979809781,0.9755312445503258,0.1199302342765527,0.6172660097542689,0.8098615379761607,0.0005259325174696224,21.0,28.0,25.0,23.0,17.0,28.0,10.0,37.0,29.0,45.0,35.0,50.0,46.0,5.0
190,30245.0,0.4565289237409428,0.6766656436073054,0.5309290652693153,0.0340016352026883,0.2997982878650853,0.4721428658106095,0.6790708204649462,12.0,10.0,3.0,16.0,4.0,27.0,8.0,19.0,42.0,42.0,47.0,48.0,23.47058823529412,5.0
191,30246.0,0.0,0.5,1.0,0.0119989311533565,0.6893876729347843,0.7251362616797041,0.00036381663369313214,9.0,12.0,15.0,18.0,3.0,40.0,0.0,24.0,52.0,36.0,48.0,60.0,20.0,2.0
192,30248.0,0.4781647548871991,0.9438835909581144,0.8525052630838086,0.0907779620690087,0.3299794695058309,0.8696428602901178,1.0,14.0,17.0,20.0,11.0,12.0,7.0,2.0,36.0,34.0,29.0,39.0,43.0,50.0,0.0
193,30249.0,0.5283722239419313,0.6348518987885601,0.4187626750726756,0.1531859360269021,0.0,0.0,0.6840476156261361,27.0,28.0,21.0,21.0,21.0,11.0,9.0,36.0,24.0,36.0,36.0,42.0,44.0,1.0
194,30250.0,0.33674925183644,0.7484285980513814,0.6944770118511642,0.1066150457357478,0.5604751705136832,0.4960714294971836,0.4404677447522474,8.0,10.0,12.0,18.0,4.0,21.0,0.0,25.0,44.0,54.0,51.0,53.0,36.0,6.0
195,30251.0,0.4081726118162143,0.44713759509495515,0.6046817559648454,0.0728028595467034,0.3578607357003395,0.4975000095115511,0.6407249486160368,14.0,14.0,12.0,17.0,15.0,25.0,10.0,38.0,39.0,32.0,42.0,42.0,53.0,6.0
196,30252.0,0.363612705082257,0.6882763855954632,0.9999977302036799,0.0431029078433247,0.3739385273232797,0.9953571485106798,1.0,9.0,13.0,13.0,13.0,4.0,21.0,0.0,18.0,46.0,40.0,48.0,47.0,28.0,6.0
197,30254.0,0.4828802419872989,0.7449503137326987,0.9049239527000243,0.1192960011083238,0.5016205457464469,0.7639999994163834,0.49475382649882266,7.0,16.0,19.0,21.0,14.0,24.0,14.0,43.0,36.0,48.0,38.0,29.0,43.0,3.0
198,30255.0,0.2118558694648354,0.6475278669990974,0.9290918202394658,0.1297553302940012,0.6288659839429033,0.6928571378270797,0.20930232216276307,22.0,9.0,11.0,18.0,8.0,18.0,0.0,33.0,37.0,41.0,44.0,45.0,44.0,5.0
199,30256.0,0.2701011431849431,0.7248142510171113,0.9692503491028412,0.1095775870066759,0.6309271118464023,0.5382857186232844,0.34735972585173325,9.0,19.0,9.0,17.0,6.0,21.0,13.0,33.0,46.0,39.0,48.0,42.0,45.0,4.0
200,30257.0,0.4359953451673937,0.788940125983636,0.7522178357168506,0.0923555447944463,0.447916670525129,0.777142855057539,0.6816239159819357,21.0,17.0,7.0,11.0,15.0,30.0,4.0,19.0,33.0,41.0,48.0,55.0,31.0,4.0
201,30259.0,0.3804680164265107,0.9427725875010152,0.9697666815708994,0.063756454042033,0.414164395553956,0.7850000043842956,0.8133997732116768,11.0,11.0,12.0,15.0,9.0,23.0,3.0,18.0,39.0,46.0,48.0,43.0,42.0,2.0
202,30260.0,0.46526008686739,0.947052329526058,0.6159256886368444,0.086465346744691,0.4254237319121545,0.7375000000365706,0.7095238008578122,14.0,15.0,5.0,20.0,5.0,19.0,3.0,24.0,33.0,50.0,49.0,38.0,30.0,6.0
203,30262.0,0.3700168739633456,0.5003277141295948,0.7031243483913417,0.0962658100896939,0.3843485014062518,0.4632142944015787,0.5998003984809274,8.0,16.0,15.0,8.0,6.0,14.0,0.0,28.0,35.0,25.0,46.0,44.0,30.0,3.0
204,30263.0,0.2774998903198334,0.6492515065794436,0.8836068711102987,0.1136077015994283,0.4594790196965166,0.7403571420570769,0.6155433174958846,12.0,20.0,13.0,11.0,12.0,21.0,9.0,36.0,43.0,47.0,46.0,55.0,29.0,10.0
205,30264.0,0.4540234056691046,0.717782359311064,0.364174747711552,0.1200409677327718,0.4668736997933022,0.287500007693635,0.5133667532170192,23.0,25.0,10.0,18.0,18.0,21.0,4.0,33.0,30.0,46.0,44.0,37.0,42.0,1.0
206,30266.0,0.392699674608998,0.6115193852376645,0.7459198525206167,0.0754685035163659,0.4582529627401768,0.4813571463420968,0.5387458047130068,12.0,14.0,14.0,19.0,11.0,25.0,0.0,28.0,42.0,40.0,40.0,47.0,40.0,5.0
207,30270.0,0.4487661052423647,0.8214917250444778,0.9119987100538179,0.1172307719544415,0.5710102242165052,0.8754659352832483,0.0008029931426991203,5.0,13.0,11.0,18.0,5.0,38.0,4.0,23.0,47.0,42.0,43.0,59.0,34.0,3.0
208,30273.0,0.0,0.34973007487746577,0.8143346827505165,0.1306788443205441,0.3902289847829745,0.6810714229298651,0.7344158125217946,19.0,16.0,13.0,16.0,22.0,26.0,9.0,43.0,40.0,43.0,33.0,41.0,51.0,5.0
209,30274.0,0.3424723898337691,0.7640875758911142,0.9976203343378856,0.0839197847751448,0.5577228072832311,0.7507142834600828,0.326170000791054,14.0,12.0,6.0,10.0,8.0,20.0,3.0,26.0,37.0,40.0,42.0,59.0,25.0,4.0
210,30277.0,0.3926285385359185,0.5433223986399931,0.441619170554384,0.0356542730119101,0.8790849723323259,0.4189285759688187,0.2266953406026755,15.0,12.0,15.0,13.0,9.0,21.0,2.0,27.0,38.0,32.0,39.0,34.0,39.05555555555556,2.0
211,30278.0,0.4616238237645589,0.44767965349147754,0.5571139837305457,0.1489417217716262,0.4190304318768209,0.5540000070227441,0.6005765516035722,12.0,16.0,9.0,11.0,16.0,35.0,10.0,31.0,43.0,42.0,42.0,51.0,42.0,4.0
212,30279.0,0.4050420297441115,0.6390684371401869,0.46425581616623235,0.0608982227202809,0.2066886103975034,0.4342857204768146,0.7251683451669975,21.0,13.0,12.0,8.0,14.0,3.0,1.0,31.0,22.0,42.0,45.0,44.0,64.0,2.0
213,30281.0,0.4249389860855201,0.7334362926639619,0.52925938335131,0.0980019817550932,0.3033573378973167,0.0992857184163856,0.5216759169665315,17.0,23.0,11.0,21.0,17.0,19.0,8.0,37.0,42.0,44.0,38.0,30.0,56.0,3.0
214,30282.0,0.1454338489171609,0.33194398312475515,0.7255686629214255,0.0574097006322951,0.7108893845680403,0.483214290601809,0.3028104057324492,13.0,13.0,7.0,15.0,13.0,20.0,9.0,36.0,42.0,52.0,45.0,47.0,47.0,3.0
215,30284.0,0.4438098273881736,0.5609220402110171,0.5910640982182245,0.1488732340461493,0.4857420672090077,0.5510714314806894,0.5175019813486198,12.0,10.0,7.0,24.0,8.0,23.0,2.0,38.0,31.0,40.0,43.0,51.0,51.0,2.0
216,30285.0,0.4730391556350288,0.5347297943267991,0.30135614524208804,0.1214663389066899,0.3160095713313803,0.0996428632068229,0.5203622899913808,16.0,19.0,15.0,7.0,13.0,20.0,9.0,27.0,29.0,45.0,42.0,40.0,33.0,8.0
217,30286.0,0.245467635394801,0.807470203163297,0.9947617141609691,0.1068357852899564,0.0,0.0146428641545604,1.0,12.0,18.0,10.0,16.0,6.0,25.0,8.0,26.0,35.0,40.0,45.0,52.0,37.0,6.0
218,30287.0,0.4143189919187522,0.47996984384209507,0.6698850580838716,0.0459859847097666,0.3024300095875709,0.4507142938535403,0.6621153030544097,7.0,13.0,12.0,26.0,5.0,30.0,6.0,30.0,41.0,46.0,45.0,49.0,51.0,2.0
219,30288.0,0.3802363008538215,0.7297624862627812,0.4879532025443095,0.0634443303349093,0.5065069552193654,0.4025000057717829,0.4956166534917974,21.0,22.0,11.0,13.0,11.0,14.0,9.0,42.0,32.0,39.0,46.0,38.0,63.0,2.0
220,30289.0,0.3850188134043577,0.7540967420584124,0.6801993860680552,0.0765112064084773,0.3774290033186345,0.4778571402765963,0.6121750970338591,15.0,16.0,11.0,12.0,12.0,18.0,5.0,31.0,35.0,33.0,37.0,49.0,44.0,1.0
221,30290.0,0.5633234649040337,0.8980613220126497,0.39038714483437226,0.0987581576509499,0.4141141161940318,0.7928571408682912,0.8287356202419163,9.0,11.0,7.0,15.0,7.0,33.0,2.0,23.0,42.0,33.0,46.0,56.0,33.0,2.0
222,30291.0,0.4173713645769271,0.6619362035977671,0.822497549734388,0.0480729137462507,0.6591199261298001,0.6341428558875438,0.22419627166402792,26.0,28.0,10.0,18.0,25.0,26.0,6.0,44.0,30.0,45.0,41.0,36.0,62.0,2.0
223,30292.0,0.4336146682246168,0.8883318514384468,0.7313465617206376,0.032826729132497,0.591257784397798,0.6579999979420411,0.32442215910931493,17.0,15.0,15.0,14.0,13.0,22.0,1.0,27.0,35.0,39.0,46.0,46.0,42.0,0.0
224,30293.0,0.4239708772210292,0.3422638976260739,0.5633616148761176,0.1158034433830318,0.3275672800256916,0.2167857200112095,0.5477276172156319,9.0,14.0,8.0,16.0,4.0,21.0,9.0,43.0,32.0,57.0,42.0,41.0,49.0,8.0
225,30294.0,0.4891406636226695,0.793205559290507,0.5924821882113516,0.1201640975642105,0.4982805216868653,0.969285713796758,0.5542635356418893,14.0,18.0,5.0,11.0,5.0,16.0,3.0,39.0,36.0,46.0,49.0,35.0,41.0,6.0
226,30295.0,0.1874609585310058,0.3863358771175698,0.7189895635712502,0.1446009958570828,0.4764705875196674,0.758928566755867,0.5740740744351177,15.0,14.0,8.0,23.0,9.0,32.0,1.0,20.0,31.0,44.0,42.0,59.0,49.0,3.0
227,30296.0,0.3150421109648826,0.7349184920984005,0.542368631992959,0.1080540657886475,0.3147186183920181,0.6874999991036369,0.9076190378369072,12.0,12.0,14.0,5.0,6.0,24.0,3.0,24.0,35.0,37.0,41.0,46.0,46.0,2.0
228,30297.0,0.0,0.24848703123039234,0.8594832037357222,0.2229997385780845,0.4421965376307297,0.1235714338404041,0.5081499588234666,6.0,16.0,5.0,16.0,10.0,26.0,0.0,20.0,41.0,47.0,40.0,53.0,28.0,5.0
229,30298.0,0.3232544838651386,0.6245196686466652,0.608695638249507,0.1587795307460061,0.5950512371067931,0.5460714282735539,0.3856543340978446,4.0,13.0,15.0,19.0,4.0,25.0,3.0,21.0,45.0,43.0,49.0,48.0,41.0,5.0
230,30299.0,0.3725335350396778,0.7466162992527617,0.6687333205556589,0.085509782381658,0.2987643556997349,0.4046428638258715,0.6367726402622436,7.0,11.0,15.0,17.0,8.0,9.0,1.0,36.0,39.0,37.0,42.0,46.0,47.0,4.0
231,30302.0,0.3956899419956323,0.8329371150757193,0.5279910779871604,0.0817617083933481,0.405042572908474,0.7271428593802711,0.7530540886630305,16.0,17.0,14.0,20.0,14.0,23.0,7.0,36.0,33.0,40.0,42.0,49.0,48.0,3.0
232,30303.0,0.5151941461852605,0.6916381902074897,0.7298353731704192,0.1402854099350218,0.4500860602131255,0.4150000072855023,0.5354090352703823,16.0,16.0,7.0,10.0,13.0,17.0,10.0,43.0,35.0,44.0,42.0,43.0,59.0,1.0
233,30304.0,0.5077338371795685,0.9973062081587949,0.44909547019731677,0.0755993391591063,0.4688179854706691,0.985000002453604,1.0,11.11111111111111,17.0,12.0,3.0,8.0,35.0,9.0,21.0,48.0,22.0,46.0,54.0,36.0,4.0
234,30305.0,0.3467053960565891,0.5019418042221655,0.6246562609739464,0.0817004820772453,0.4231568045285777,0.5732142826380793,0.6032078051722054,9.0,18.0,10.0,14.0,7.0,26.0,11.0,27.0,40.0,32.0,42.0,40.0,36.0,5.0
235,30306.0,0.3971095126898898,0.7026117857547138,0.7291408270469966,0.1515057355872973,0.4301219141516569,0.8007142769093252,0.7807646233463774,15.0,21.0,5.0,13.0,15.0,19.0,3.0,29.0,33.0,33.0,40.0,28.0,51.0,0.0
236,30307.0,0.3289026335425951,0.6679367844682933,0.5482780823476533,0.0448407656209563,0.1396713618998606,0.4057142847739713,0.7459935885128512,16.0,19.0,11.0,25.0,21.0,12.0,0.0,31.0,35.0,41.0,43.0,42.0,49.0,4.0
237,30308.0,0.4703909206036763,0.8946984030619152,0.8091479543663832,0.0571006626287411,0.5945170659190265,0.8408505468673738,0.000628340204956065,9.0,17.0,9.0,15.0,2.0,29.0,2.0,22.0,39.0,44.0,49.0,47.0,35.0,5.0
238,30309.0,0.1597826777675174,0.515563971468997,0.8179944328831684,0.1580274855485193,0.6798156465970921,0.7025714342289546,0.07524813933381641,6.0,15.0,6.0,10.0,3.0,19.0,5.0,41.0,37.0,27.0,47.0,42.0,31.0,3.0
239,30310.0,0.1987792026059354,0.4814140697742759,0.8660447693817246,0.0996161526062604,0.6787085542385619,0.682142857230815,0.11647939468076358,15.0,19.0,17.0,18.0,10.0,21.0,4.0,31.0,26.0,41.0,29.0,52.0,39.0,3.0
240,30311.0,0.4119602156002491,0.9741324951122804,0.9982504019651486,0.0586335540668721,0.5800383547419632,0.8618395592518815,0.0007237961854964757,20.0,24.0,11.0,23.0,17.0,17.0,25.0,48.0,33.0,49.0,45.0,46.0,46.0,5.0
241,30312.0,0.0,0.31949321840837847,0.9018363592846483,0.0688229576672593,0.2041710473707353,0.3396428518722773,0.652154314407389,8.0,18.0,14.444444444444445,16.0,5.0,33.0,1.1111111111111112,31.0,44.0,38.0,42.0,54.0,43.0,4.0
242,30313.0,0.3796249757817143,0.884619998084576,0.7068375019461439,0.1202655472266652,0.5908608311588471,0.6278571436405916,0.34670504634083765,9.0,6.0,0.0,15.0,3.0,32.0,0.0,18.0,43.0,35.0,50.0,50.0,24.0,3.0
243,30314.0,0.3594093776322904,0.8323182399904384,0.9734190703838108,0.1147928436938735,0.5165710651982311,0.9339285672330676,0.26576577001588336,24.0,20.0,13.0,21.0,9.0,3.0,31.0,56.0,19.0,40.0,40.0,49.0,79.0,0.0
244,30315.0,0.3298884100831014,0.6424859171059275,0.7746236991011642,0.1072584479218132,0.5637654910489812,0.7878571464246471,0.263187413709544,19.0,15.0,12.0,12.0,8.0,18.0,6.0,43.0,21.0,41.0,33.0,46.0,63.0,3.0
245,30316.0,0.4048143579193857,0.9066087930798112,0.9107598169811943,0.0425868372862224,0.4410756438476618,0.6667142908568495,0.6178739719362794,28.0,29.0,20.0,24.0,26.0,4.0,22.0,59.0,18.0,51.0,37.0,28.0,60.0,1.0
246,30317.0,0.2876383523462312,0.9341504193113165,0.9905262078123239,0.0962704118476859,0.3549999976884231,1.0,1.0,5.0,15.0,4.0,21.0,7.0,35.0,8.0,38.0,50.0,37.0,49.0,58.0,44.0,3.0
247,30319.0,0.289443078608519,0.5796100372270196,0.9999877529003078,0.0527720723640218,0.5197784795433125,0.9028571441036994,0.3161764816318458,5.0,18.0,10.0,24.0,3.0,37.0,8.0,27.0,50.0,34.0,45.0,53.0,28.0,3.0
248,30320.0,0.478366239554828,0.9504276458461429,0.9901686081654935,0.0679378019689982,0.3991845837028718,0.9635714285523396,1.0,13.0,14.0,4.0,20.0,16.0,17.0,8.0,42.0,38.0,49.0,44.0,52.0,52.0,1.0
249,30322.0,0.3634476151962991,0.5543821453593573,0.7547857510071825,0.1455131487079112,0.5376255697137713,0.6517857132691256,0.4295726518768559,19.0,19.0,15.0,7.0,19.0,7.0,31.0,49.0,39.0,37.0,44.0,38.0,34.0,1.0
250,30323.0,0.28928424576735,0.3283259074062168,0.503727571138677,0.0271212656110254,0.4024173920455814,0.5367857236259075,0.6130814689783285,9.0,11.0,9.0,23.0,12.0,22.0,17.0,49.0,42.0,48.0,42.0,35.0,53.0,1.0
251,30324.0,0.4330342474421035,0.8162762246157034,0.8129410487352093,0.1029225873052891,0.5023609290089914,0.806785717464348,0.4901417028834288,19.0,19.0,9.0,20.0,11.0,12.0,23.0,53.0,36.0,44.0,49.0,43.0,57.0,2.0
252,30325.0,0.4011096886985716,0.8809597359125415,0.9912022344321182,0.0856204982478936,0.4999,1.0,1.0,7.0,12.0,15.0,15.0,4.0,38.0,0.0,12.0,42.0,48.0,51.0,59.0,25.0,7.0
253,30326.0,0.3749822040153744,0.6780481242821467,0.6410673003036397,0.0849258695143268,0.5439985966583967,0.6764285733224932,0.40802059294471066,9.0,12.0,16.0,17.0,11.0,17.0,2.0,27.0,32.0,29.0,45.0,51.0,51.0,5.0
254,30327.0,0.4751814630140859,0.8333333333333327,1.0,0.0138515162306069,0.4761904772025811,1.0,1.0,14.0,22.0,3.0,22.0,10.0,16.0,18.0,55.0,29.0,50.0,43.0,37.0,60.0,2.0
255,30328.0,0.3118501789454831,0.8159553572139929,0.9940774478546458,0.0978656681981318,0.4531755297416099,0.9203571498278555,1.0,23.0,25.0,18.0,11.0,12.0,8.0,6.0,56.0,21.0,23.0,42.0,39.0,64.0,3.0
256,30329.0,0.3176239722901743,0.8062264082402277,0.990939819101145,0.1039262260068299,0.6440970526104232,0.7761252717645339,0.0004466783758407177,12.0,11.0,9.0,11.0,15.0,14.0,6.0,40.0,31.0,26.181818181818183,41.0,46.0,50.0,10.0
257,30330.0,0.3549511798111574,0.4227057912863492,0.6246494979875059,0.0607612818364958,0.0,0.1467857200964763,0.9492814319558995,7.0,11.0,3.0,15.0,6.0,26.0,7.0,29.0,44.0,33.0,46.0,46.0,26.0,9.0
258,30331.0,0.3552185972513842,0.8419352555899293,0.9928338340331342,0.0925611671521132,0.545602286586803,0.9162351630292664,0.0011938183564416042,6.0,18.0,6.0,18.0,2.0,38.0,0.0,20.0,53.0,38.0,51.0,54.0,22.0,3.0
259,30332.0,0.3271926670630827,0.80077856904801,0.7217310343757726,0.121932188682552,0.3691518681922097,0.5710000059062263,0.6741591726426351,14.0,11.0,16.0,10.0,10.0,24.0,6.0,27.0,44.0,42.0,40.0,40.0,37.0,4.0
260,30333.0,0.4514626006639469,0.9423371326032125,0.581705692146824,0.0919027271487723,0.4980380644745947,0.6067857122556152,0.5030275462573133,7.0,19.0,13.0,8.0,12.0,16.0,11.0,41.0,44.0,47.0,37.0,40.0,44.0,8.0
261,30334.0,0.4164046136779054,0.5665688010113406,0.5160635551143626,0.1427033323530728,0.3191856562408731,0.3449999994947165,0.5952380892479604,24.0,19.0,15.0,11.0,16.0,5.0,10.0,47.0,23.0,44.0,34.0,26.0,61.0,3.0
262,30335.0,0.4805517202659811,0.6440156235801161,0.4325275669920641,0.1035056630820829,0.4836845759493582,0.525357141177319,0.5180586821796954,24.0,19.0,2.0,13.0,12.0,19.0,10.0,39.0,24.0,53.0,46.0,43.0,33.0,2.0
263,30336.0,0.339998708614575,0.8099530807289594,0.787484834040685,0.1177447466484726,0.2614550490894354,0.3403571386236059,0.6230824764109754,13.0,22.0,12.0,14.0,13.0,26.0,9.0,32.0,40.0,38.0,44.0,45.0,53.0,4.0
264,30337.0,0.5791995481753672,0.7422313977209946,0.24063085085245473,0.1525261706786286,0.2873031323296551,0.7332142797085117,1.0,17.0,23.0,5.0,14.0,10.0,17.0,6.0,53.0,26.0,50.0,42.0,30.0,50.0,2.0
265,30338.0,0.4115227374698778,0.6076219093349032,0.543272662358307,0.1161179693922939,0.3945981593680644,0.7228571425710772,0.7749140787814573,20.0,17.0,9.0,16.0,20.0,24.444444444444443,23.0,44.0,37.0,33.0,48.0,34.0,56.0,5.0
266,30339.0,0.3824082396291119,0.8477969964434171,0.9241770597353415,0.1352359567631936,0.4917241399945823,0.7767857218950265,0.5287999940827589,2.0,13.0,4.0,8.0,5.0,13.0,0.0,13.0,36.0,52.0,40.0,51.0,33.0,5.0
267,30340.0,0.3471029842364915,0.5771020646721117,0.7952352503859116,0.1684713012136033,0.6273490251244823,0.6525000099644924,0.26087699986925905,13.0,21.0,18.0,22.22222222222222,16.0,18.0,9.0,41.0,44.0,44.0,35.0,45.0,58.0,2.0
268,30341.0,0.4324485709063395,0.7192838141331349,0.6433727041827039,0.0630614317774245,0.2642351568154291,0.3867857151323542,0.6487089843216777,15.0,13.0,6.0,8.0,10.0,20.0,4.0,28.0,39.0,42.0,40.0,41.0,53.0,2.0
269,30342.0,0.0,0.4383306377745124,0.9376856297480217,0.0361794599655339,0.4400352787501204,0.6750000024558908,0.6245421147593764,4.0,7.0,6.0,15.0,0.0,36.0,0.0,19.0,55.0,48.0,50.0,59.0,21.0,5.0
270,30343.0,0.4046401226182203,0.7081692904897233,0.8068995624911783,0.1309253289851735,0.4476102524596017,0.5026428526761683,0.5529465240348588,20.0,17.0,11.0,18.0,9.0,17.0,1.0,50.0,30.0,39.0,46.90909090909091,35.0,69.0,1.0
271,30344.0,0.3612334245525048,0.6557150595012199,0.7944801510906164,0.1358398761169597,0.5071413602918137,0.5667857161740582,0.49065676927430474,27.0,18.0,19.0,20.0,16.0,14.0,0.0,25.0,29.0,49.0,35.0,56.0,41.0,6.0
272,30345.0,0.4750669741324768,0.8333333333333325,1.0,0.0139153006076169,0.3469105494867757,0.929428575747298,1.0,15.0,14.0,6.0,13.0,5.0,15.0,15.0,36.0,23.0,37.0,45.0,54.0,72.0,1.0
273,30346.0,0.4268502869853672,0.9999139955455824,0.9616442851843456,0.045408931492192,0.5874962205403829,0.7864285743788546,0.1778149146919472,16.0,25.0,7.0,16.0,8.0,27.0,6.0,49.0,36.0,36.0,43.0,44.0,56.0,3.0
274,30348.0,0.729328365391804,0.20023786771984087,0.4440488973870328,0.392302696693134,0.5316988608467114,0.4807142952548944,0.47065566139589854,8.0,7.0,4.0,11.0,2.0,27.0,0.0,18.0,42.0,41.0,48.0,53.0,24.0,4.0
275,30352.0,0.3924642503351415,0.47024320149406196,0.5285203530337425,0.1533429484195678,0.6460493056618166,0.5167857153228532,0.34380388309655124,8.0,6.0,7.0,12.0,4.0,22.0,0.0,17.0,46.0,47.0,48.0,56.0,20.0,4.0
