,subID_linear,r_squared_linear,nrmse_linear,aic_linear,PSE_linear,slope_linear,intercept_linear,bias_xmin_linear,bias_xmax_linear,flipped_linear,range_linear,bias_linear,subID_sigmoid,r_squared_sigmoid,nrmse_sigmoid,aic_sigmoid,center_sigmoid,PSE_sigmoid,sigma_sigmoid,bias_xmin_sigmoid,bias_xmax_sigmoid,flipped_sigmoid,range_sigmoid,bias_sigmoid
0,2.0,0.9530961137861896,0.0828354236051966,-34.6229050608404,0.3716399270412684,0.8569642881321101,0.18151785448161,0.18151785448161,0.0,False,0.8184821455183899,1.0,2.0,0.9822749213667846,0.0532147064167174,-37.06788678204211,0.4372722883193516,0.3796859105734871,0.1327831831594289,0.2265594982446717,0.0467206410998841,False,0.7267198606554442,0.8290375538744219
1,4.0,0.9448580711228168,0.0870018301043799,-40.93301324467219,0.3092833082224875,0.5014123458717483,0.3449215308851875,0.3449215308851875,0.153666123243064,False,0.5014123458717485,0.6917971755402982,4.0,0.9821782740800156,0.0494609315373556,-38.092010560743226,0.4930905716905406,0.3756759838011045,0.1383468150756227,0.373690485796444,0.1865967675811195,False,0.4397127466224364,0.6669623189600271
2,5.0,0.933279267508778,0.1064809226771258,-37.608336125139736,0.2809553445345831,0.574464293761011,0.3386011864235592,0.3386011864235592,0.0869345198154297,False,0.5744642937610112,0.7957056986268372,5.0,0.9997504474477206,0.0069149809947873,-65.63691087182268,0.4922106789360729,0.3859766688119623,0.0933276564230344,0.3857841078711412,0.1379089614751716,False,0.4763069306536871,0.7366607092064191
3,6.0,0.9562913666603952,0.0788388360826264,-46.61115604602232,0.256553720081547,0.3776785810624569,0.4031051550333066,0.4031051550333066,0.2192162639042365,False,0.3776785810624569,0.6477443050594449,6.0,0.9887929219359504,0.0412296975484968,-40.64035055206436,0.4755951801186796,0.3260227589463981,0.1302843737936778,0.4264223801753332,0.2468242203479713,False,0.3267533994766955,0.6333821512709926
4,7.0,0.9068074359323,0.1254227786955965,-31.22207928648914,0.3712013860131192,0.7560714241164074,0.2193452394430766,0.2193452394430766,0.0245833364405159,False,0.7560714241164075,0.8992191203860939,7.0,0.9847645461757336,0.0565194055152789,-36.2243973509191,0.4929899679410255,0.4338434734805569,0.0834563542585846,0.2892473181316446,0.0698110659530714,False,0.640941615915284,0.8055718260665925
5,9.0,0.9531134431874674,0.0860486713107916,-34.74574119053051,0.5162533253920144,0.8496428535720031,0.061369051447893,0.061369051447893,0.0889880949801038,False,0.8496428535720033,0.40815520183659165,9.0,0.9989177692047588,0.0135970401397635,-56.17064405391965,0.4654185811651646,0.4854443590207814,0.1121546277412847,0.1138317221716962,0.1736601577228783,False,0.7125081201054255,0.39594760802788304
6,10.0,0.8958635816008156,0.1317329497097195,-25.532366300186226,0.4516666651956104,1.0,0.0483333348043895,0.0483333348043895,0.0,False,0.9516666651956105,1.0,10.0,0.9859183696727806,0.0484902843047261,-38.36948554608069,0.4556937213439403,0.4498103732779405,0.087819854485503,0.0601077380086909,0.0260354003585572,False,0.9138568616327518,0.6977658249742159
7,12.0,0.7784892152827325,0.181412191928286,-23.786013849568928,0.1394023424197479,0.7728571384570235,0.3922619045432675,0.3922619045432675,0.0,False,0.6077380954567325,1.0,12.0,0.9991649892613028,0.0119690425444273,-57.956044507639646,0.2518827207928671,0.2043152503736859,0.0716821933194819,0.2644067750614958,2.2223822905509397e-05,False,0.7355710011155987,0.9999159554247103
8,13.0,0.862489710118539,0.136450416804422,-26.95091325713575,0.3486162621535387,0.8235714301777717,0.212889606394981,0.212889606394981,0.0,False,0.787110393605019,1.0,13.0,0.9382450472711954,0.0926975040464688,-29.297792245730243,0.4141226548284947,0.3821034493568899,0.1179941810623751,0.1758270782334301,0.0497317449212381,False,0.7744411768453318,0.7795176254881571
9,14.0,0.8941138939912139,0.1339367055996174,-25.75071183298926,0.4092857140179812,1.0,0.0907142859820187,0.0907142859820187,0.0,False,0.9092857140179813,1.0,14.0,0.997763623912523,0.0195186801921639,-51.10936638745184,0.4219624455347122,0.4092556169221096,0.0870012102271138,0.0935922305681401,0.0228259175792735,False,0.8835818518525863,0.8039316211217313
10,15.0,0.5817678068181813,0.1934717406954117,-35.1692904435263,0.0,0.2156331194422681,0.5996185047623882,0.5996185047623882,0.1847483757953436,False,0.2156331194422682,0.76446178392441,15.0,0.5947639914273273,0.1906935355557844,-19.199227316324126,0.3136100556149055,0.0,0.2713941273073665,0.5829350753595383,0.200760039740465,False,0.21630488489999675,0.7438288999481042
11,16.0,0.915275306979724,0.1145957750843501,-33.02132200133914,0.346782470920435,0.7005714320705224,0.2570541077303165,0.2570541077303165,0.0423744601991611,False,0.7005714320705223,0.858482240047512,16.0,0.9864556129835156,0.0498948443391152,-37.96972641987914,0.4059741553297414,0.3580520353266639,0.1042845452634347,0.2723863218085597,0.1220754216102459,False,0.6055382565811944,0.6905265880736204
12,18.0,0.9278730390012244,0.1040067569778056,-35.092838132465104,0.4334909115492327,0.6593506524856124,0.2141774846234305,0.2141774846234305,0.1264718628909571,False,0.6593506524856123,0.628732995340273,18.0,0.9871876268029156,0.0488860903177657,-38.25567324362672,0.4326464977603698,0.4154737835908967,0.1101507027287277,0.2397086296427709,0.1858947427482939,False,0.5743966276089353,0.5632207007573123
13,19.0,0.9285607144093392,0.1018024415953486,-30.37159847582716,0.4057692329769016,0.9285714310260584,0.1232142826682924,0.1232142826682924,0.0,False,0.8767857173317076,1.0,19.0,0.9766067508580056,0.0585134419916922,-35.73898282904759,0.419369813038554,0.39827608576569,0.1267722467127572,0.1430994749258725,0.0518929533372301,False,0.8050075717368974,0.7338719569807546
14,20.0,0.9530314261441132,0.0860378146968668,-38.27276064507921,0.3997170667895107,0.6598214286794778,0.2362581139233748,0.2362581139233748,0.1039204573971473,False,0.6598214286794779,0.6945120411502004,20.0,0.9779265814266668,0.0593504009532307,-35.54014963091534,0.4870885193358938,0.429258748220075,0.1265042123166133,0.2918202970023544,0.162174989101824,False,0.5460047138958215,0.6427826586185971
15,21.0,0.890404739688702,0.1353689200129746,-27.14972762523518,0.3662801960759445,0.9241071470388303,0.1615178529874355,0.1615178529874355,0.0,False,0.8384821470125645,1.0,21.0,0.9700584354064048,0.0735505415704775,-32.536954561310395,0.4546195790999239,0.4150126410622004,0.1018266097413285,0.1865833129420116,0.02791700452477,False,0.7854996825332184,0.8698509873809704
16,22.0,0.8515370516544294,0.1669341416349127,-33.630183529611735,0.2457069847926134,0.4887500068111456,0.3799107095090641,0.3799107095090641,0.1313392836797902,False,0.48875000681114567,0.743101642191565,22.0,0.9972596797890976,0.0226836596819058,-49.00554632105479,0.4217477677037851,0.3606846064707517,0.0588930867687256,0.3936493441256182,0.19918884385438,False,0.4071618120200019,0.664008075233675
17,25.0,0.7362856549552814,0.2038920015110941,-21.27013409450295,0.2022597682267301,0.8244642839409487,0.3332440450188867,0.3332440450188867,0.0,False,0.6667559549811133,1.0,25.0,0.9994967664895562,0.0092539723407579,-61.55783328356672,0.2503879303586667,0.2284832660210632,0.0582139694219195,0.1824530341353474,0.0216687289659995,False,0.7958782368986531,0.8938441024770057
18,26.0,0.887934627265659,0.1394527840626513,-25.359233100857864,0.3756926387900402,1.0,0.1243073612099597,0.1243073612099597,0.0,False,0.8756926387900403,1.0,26.0,0.9930472883902856,0.0352720764836466,-42.82529127546671,0.3836805987411157,0.367144781629836,0.0860916777877403,0.1119179311480849,0.0181845768385378,False,0.8698974920133773,0.8602288524644923
19,27.0,0.8460636038573324,0.1622033741242187,-23.48644119317255,0.3874895892274624,0.9874025924465016,0.1173917750507736,0.1173917750507736,0.0,False,0.8826082249492264,1.0,27.0,0.9749273211652416,0.0736202864325019,-32.523685244901856,0.3730254024291578,0.3594066239689627,0.0632638566257507,0.1160095977043726,0.0208763065611357,False,0.8631140957344917,0.8474911885693991
20,28.0,0.885466376254047,0.1369063068315498,-29.27986919945464,0.3278677110807022,0.7742207771003116,0.2461580059409983,0.2461580059409983,0.0,False,0.7538419940590018,1.0,28.0,0.9888687579537174,0.0427190323058825,-40.143550312436616,0.3948705190802646,0.3609585010107582,0.0769341848149857,0.2385228239854407,0.0877600579291191,False,0.6737171180854402,0.7310307625880911
21,29.0,0.8850652246502342,0.1372548082201383,-25.008264119663096,0.4153463188968633,1.0,0.0846536811031367,0.0846536811031367,0.0,False,0.9153463188968634,1.0,29.0,0.9756398390232732,0.0652198506647534,-34.21987957674756,0.4136879169171528,0.4129363806898825,0.0827435697908294,0.04947623094444,0.0399338136125949,False,0.9105899554429652,0.553363228813503
22,31.0,0.8278249596487316,0.1401311721369206,-29.32968513220149,0.308433623985383,0.6083928579324431,0.3123511860210722,0.3123511860210722,0.0792559560464846,False,0.6083928579324432,0.7976136093227533,31.0,0.8720681360371723,0.1214283691534663,-25.51803042089243,0.3764484789250065,0.3340345848612262,0.1637512450464934,0.2727010605235076,0.1418301966593307,False,0.5854687428171617,0.6578540358495251
23,33.0,0.8649252674797241,0.1634400647415187,-24.584792102674957,0.3986347696656711,0.9853571465413408,0.1072023808500696,0.1072023808500696,0.0,False,0.8927976191499304,1.0,33.0,0.9944595950685116,0.0360219487857303,-42.53077572945249,0.458442528859198,0.4391746348473099,0.0464182367204392,0.1842074654419615,0.0216734748703484,False,0.79411905968769,0.8947281140377981
24,34.0,0.6601327218887798,0.1960204176411572,-26.56090368412673,0.1857395542136375,0.471250003965575,0.4124702343402591,0.4124702343402591,0.1162797616941657,False,0.4712500039655752,0.7800855554302544,34.0,0.7019980878137226,0.1861160472643721,-19.5393884571492,0.3341643611301681,0.2658576589991054,0.1763293136157942,0.3426308442232755,0.1703793457101798,False,0.48698981006654474,0.6678831160599745
25,35.0,0.8043886403032485,0.1836362022191688,-22.50549410759611,0.3313190395777297,0.9160714338252524,0.1964880923604235,0.1964880923604235,0.0,False,0.8035119076395765,1.0,35.0,0.9859414793744364,0.049242930651076,-38.15385246445207,0.3790340061679563,0.3595834493607546,0.0570975426382521,0.1602387852451295,0.0208488437443279,False,0.8189123710105426,0.8848687574039544
26,37.0,0.8237439783337157,0.1911519073815166,-20.1440215505928,0.4052380971883546,1.0,0.0947619028116453,0.0947619028116453,0.0,False,0.9052380971883547,1.0,37.0,0.9998902554619612,0.0054616247999156,-68.94012531528864,0.4276368327589133,0.4207612984083005,0.0474090518768626,0.067612770179759,5.326806713834564e-06,False,0.9323819030135272,0.9999212221734827
27,39.0,0.9556135081756264,0.0816501269853213,-34.97802106102762,0.3617109662915498,0.8600000001264192,0.1889285689435399,0.1889285689435399,0.0,False,0.8110714310564601,1.0,39.0,0.9949860494779708,0.0300422780933977,-45.07209467480238,0.4728631216860657,0.4002728274047471,0.1202654986846488,0.2470512641059506,0.0201649094377958,False,0.7327838264562536,0.9245370923085442
28,40.0,0.9843500544036444,0.0454845058632681,-46.87144953116931,0.5352272763459902,0.628571436308814,0.1635714221555464,0.1635714221555464,0.2078571415356396,False,0.628571436308814,0.4403846072849242,40.0,0.9902753913458968,0.0358845581890458,-42.584274940447145,0.4809380778765811,0.5151179005705174,0.1540656011809531,0.2020246458590386,0.2609940998228877,False,0.5369812543180738,0.43632066248527385
29,41.0,0.8984782638963819,0.1185663563751473,-45.68650504055546,0.0,0.2566071477872365,0.6416964257358991,0.6416964257358991,0.1016964264768642,False,0.2566071477872367,0.8631996175721124,41.0,0.9363951535341446,0.0942873986735188,-29.05970819840377,0.4300710672258204,0.0,0.1439447038426076,0.6441357022183009,0.1295391775488072,False,0.22632512023289195,0.832566390693981
30,42.0,0.9086106053132088,0.1288926734106292,-25.786932817684985,0.4832142873976329,1.0,0.0167857126023671,0.0167857126023671,0.0,False,0.983214287397633,1.0,42.0,0.9986079892277328,0.0160348640784543,-53.86185891397923,0.4785244895283967,0.4792943213297798,0.0853737682972896,0.0392210868886752,0.0420514019180162,False,0.9187275111933086,0.4825874962678147
31,43.0,0.9156642982906376,0.0949681739881162,-40.53248838284507,0.1239525776563165,0.4107142928953851,0.4490909047153256,0.4490909047153256,0.1401948023892892,False,0.4107142928953853,0.762093665773569,43.0,0.923030867145677,0.0924504714594661,-29.335151101649096,0.361730357157527,0.1351744657865641,0.1930303984619071,0.4548912286344981,0.1812973345815751,False,0.36381143678392674,0.7150257878496319
32,44.0,0.8768233048737545,0.1402230952732534,-28.97135915717071,0.3824359287811335,0.7594642924248438,0.2095535679503985,0.2095535679503985,0.0309821396247577,False,0.7594642924248438,0.8711952585456476,44.0,0.9859173760918442,0.0518621751130813,-37.42831780825671,0.4072413908538652,0.3779902978394248,0.0982414830705828,0.2222169687420517,0.1132845124031761,False,0.6644985188547723,0.6623427353689122
33,45.0,0.8275332942891511,0.1713830528344992,-22.286160851717604,0.3705952357481086,1.0,0.1294047642518913,0.1294047642518913,0.0,False,0.8705952357481087,1.0,45.0,0.9954711218406096,0.0284879384775519,-45.81584289640956,0.3628059065432135,0.3539837682325614,0.0646154779773443,0.0874065734483129,0.0233798777348606,False,0.8892135488168265,0.7889644673588787
34,46.0,0.9731693352211724,0.0618026318250314,-41.55338141907609,0.3207335087174243,0.6978896135717275,0.2761634155416924,0.2761634155416924,0.02594697088658,False,0.6978896135717276,0.9141142706368344,46.0,0.990676769915452,0.0369713845960343,-42.16655476795695,0.458567738781217,0.3580582527006737,0.1401327630260851,0.3178318413846009,0.0928490463908531,False,0.589319112224546,0.7739143720717295
35,47.0,0.8367073241014411,0.1640305060067156,-22.53873232629456,0.3645238094542485,1.0,0.1354761905457514,0.1354761905457514,0.0,False,0.8645238094542486,1.0,47.0,0.958351111014132,0.0856181321812177,-30.410014712068183,0.3909045474535985,0.3828442617828066,0.0605836342778607,0.0739418776064103,0.0117060661001698,False,0.91435205629342,0.8633234425303493
36,48.0,0.909806182308451,0.1221494385624926,-31.4840621448585,0.2715276181916254,0.7555357152590843,0.2948511867769947,0.2948511867769947,0.0,False,0.7051488132230053,1.0,48.0,0.9912367114798492,0.0403078921395926,-40.95691192262581,0.4295040336551536,0.3457360702996697,0.0892225810369479,0.322726577569731,0.0344165591204504,False,0.6428568633098186,0.9036337098917668
37,50.0,0.8836437674607601,0.1432949821083912,-24.910246335947768,0.5110625039337499,0.9781582412174052,0.0001,0.0001,0.0217417587825947,False,0.9781582412174054,0.004578385879789506,50.0,0.9892682058579748,0.0468937750905749,-38.8381847546632,0.4575475244765176,0.4704867782566416,0.0685038909595823,0.0169442495222343,0.099488622578855,False,0.8835671278989107,0.14552805592155255
38,55.0,0.8686005505609309,0.1412889167387011,-26.56510624289251,0.2789192557385195,0.8691071463080009,0.2575892815947437,0.2575892815947437,0.0,False,0.7424107184052563,1.0,55.0,0.9684912572651712,0.0693307015951429,-33.36414425004385,0.3608396857956446,0.3088751723025167,0.1000869157973273,0.2236027013295911,0.0013414427382248,False,0.7750558559321841,0.9940365518569784
39,60.0,0.8740862539601771,0.1386348142332063,-25.585643219656237,0.3322427891202459,0.9551785723057904,0.1826488070292297,0.1826488070292297,0.0,False,0.8173511929707703,1.0,60.0,0.9764174267041932,0.0600283405082651,-35.38113881063448,0.368414362383056,0.3398172333518449,0.0964130043962244,0.1470147996999781,0.0012437669812137,False,0.8517414333188082,0.9916108255390851
40,61.0,0.9728081918396488,0.0559885823041416,-45.04807621617702,0.3597883635910327,0.5400000097346533,0.3057142801584273,0.3057142801584273,0.1542857101069192,False,0.5400000097346536,0.6645962752783516,61.0,0.967465071552968,0.0612504275964716,-35.098982277807,0.4731517878766842,0.3855693419536811,0.1810939509147067,0.3317235316902211,0.1952876858583891,False,0.47298878245138976,0.6294430187524874
41,62.0,0.9623876728888848,0.0754361711535527,-37.343673426472144,0.5070666099646576,0.7917857181914578,0.0985119000582258,0.0985119000582258,0.1097023817503164,False,0.7917857181914578,0.47312748771388197,62.0,0.9807729302224316,0.0544306037283138,-36.75160200674379,0.5066705387929163,0.5040858912972664,0.1340744366897998,0.1729481927962722,0.1678579954843043,False,0.6591938117194236,0.5074678768857583
42,63.0,0.9008520701523206,0.1342262531122299,-26.226718711613564,0.3952380938162316,1.0,0.1047619061837684,0.1047619061837684,0.0,False,0.8952380938162317,1.0,63.0,0.9998317910058038,0.0058234743617377,-68.04201516376735,0.4417241595074884,0.4194364215595739,0.0751106886356159,0.1357278183667948,0.0071751273725875,False,0.8570970542606177,0.9497902066646474
43,65.0,0.9185805850582768,0.1170332929618164,-36.068754258853886,0.2943152517035212,0.5758928644567534,0.3305059466431488,0.3305059466431488,0.0936011889000978,False,0.5758928644567534,0.7792982455242061,65.0,0.9950776321025396,0.0300750981010017,-45.056808573472296,0.4255251589755069,0.3515444264083084,0.0937116907077746,0.3526531036668986,0.1652270048306101,False,0.4821198915024913,0.68095510501461
44,66.0,0.9250863351633852,0.1124396683172483,-32.75190778001699,0.4401309653982273,0.763571437030769,0.1639285662691359,0.1639285662691359,0.0724999967000951,False,0.763571437030769,0.6933534773058266,66.0,0.988946001788398,0.045352200134138,-39.306152246886455,0.5241792917769313,0.482165185420034,0.0981279145873628,0.2489024375999458,0.1150086553934905,False,0.6360889070065637,0.6839649639491345
45,69.0,0.8521263984243369,0.1449932756841848,-26.63358221306063,0.2812177515955098,0.8074999966171936,0.272916666537931,0.272916666537931,0.0,False,0.727083333462069,1.0,69.0,0.9574565979005264,0.0782743599251353,-31.66549264685448,0.3865574422552401,0.3385544325906547,0.0956920128426963,0.2217119673670606,0.0196026445086898,False,0.7586853881242497,0.9187672708406778
46,70.0,0.811439862532541,0.1783856926501087,-20.97475657980228,0.435476189027142,1.0,0.0645238109728579,0.0645238109728579,0.0,False,0.9354761890271421,1.0,70.0,0.9694953720067336,0.0726377957776138,-32.71177845468947,0.4306848720862249,0.4312695299660098,0.0550547662795078,0.0270436352296881,0.0316970680207258,False,0.9412592967495861,0.46039004869247196
47,71.0,0.9297470046496056,0.1017278108632872,-37.9120152061091,0.1856085396481479,0.5467857238335505,0.3985119002987992,0.3985119002987992,0.0547023758676503,False,0.5467857238335506,0.8793012957792176,71.0,0.9749656743420032,0.0614604553917602,-35.05105837841532,0.4653888975239889,0.279192866078559,0.1281281380962177,0.4193611339686721,0.108309541109409,False,0.472329324921919,0.7947402684574387
48,73.0,0.8978730105250823,0.1314036424647623,-26.59225510223936,0.383928571420235,1.0,0.1160714285797649,0.1160714285797649,0.0,False,0.8839285714202351,1.0,73.0,0.9962926266523384,0.0259696180598335,-47.11159144548266,0.4180774485974526,0.3913291969696031,0.0915322768746243,0.1429618524438958,0.0114810879485686,False,0.8455570596075356,0.9256612965319534
49,74.0,0.9724913632728,0.0624962059817975,-37.59540513936416,0.4501204696347476,0.9141071459843244,0.088541662153057,0.088541662153057,0.0,False,0.911458337846943,1.0,74.0,0.9817034920983682,0.0510335643399193,-37.65380433780304,0.4567287144663573,0.4437156474812945,0.1454127163996062,0.1423230072636233,0.0907663546514867,False,0.76691063808489,0.6105941776761852
50,75.0,0.8831600798293047,0.1469853597277341,-25.45252616660982,0.3685714269622608,1.0,0.1314285730377391,0.1314285730377391,0.0,False,0.8685714269622609,1.0,75.0,0.998795721818173,0.0179295476617544,-52.29827307572709,0.4137085544989554,0.3875197190760038,0.06854069722378,0.1653133048978897,0.0068266502265542,False,0.8278600448755562,0.9603424421621403
51,78.0,0.936346120109636,0.1006679909457831,-35.52984192295201,0.2859071569487791,0.6833928593426348,0.3046130905062503,0.3046130905062503,0.0119940501511148,False,0.6833928593426349,0.9621169310135842,78.0,0.9866701766223904,0.0478611871427063,-38.55230549252764,0.4521589711151868,0.3479423609509442,0.1101488185276307,0.3445714454143954,0.079053514552795,False,0.5763750400328097,0.8133879680769573
52,81.0,0.9127262999782548,0.1146032709884295,-29.657584788472285,0.2891455081583838,0.8765097362254844,0.2465611469133113,0.2465611469133113,0.0,False,0.7534388530866887,1.0,81.0,0.9866817382026604,0.0475574120440623,-38.64144672464337,0.3602455313573803,0.3002865555093059,0.1107504146433819,0.239347686632057,0.0041024879159256,False,0.7565498254520174,0.9831485521686614
53,82.0,0.8823429127942866,0.1165391106100305,-37.93613597651868,0.0952484503015275,0.4108928563925552,0.460863092188641,0.460863092188641,0.1282440514188038,False,0.41089285639255524,0.7823077638585553,82.0,0.9151562163251736,0.1018677501013531,-27.9771182444382,0.4767691615620837,0.0953636386053561,0.179578476090771,0.4823566941429513,0.1387611786745153,False,0.37888212718253333,0.7765944521205329
54,83.0,0.9175660472294932,0.1159830336970704,-27.21403382027963,0.4608333317430059,1.0,0.039166668256994,0.039166668256994,0.0,False,0.960833331743006,1.0,83.0,0.994490103160837,0.030111989232826,-45.03964622410138,0.4456775812712517,0.4462105392016309,0.0988634566608307,0.0451099633373857,0.0408935537193814,False,0.9139964829432329,0.524513006922852
55,84.0,0.8434348790829898,0.1742524821155499,-22.93025257991317,0.3353571405465353,1.0,0.1646428594534646,0.1646428594534646,0.0,False,0.8353571405465354,1.0,84.0,0.9998508038108884,0.0056772216067251,-68.3981064753711,0.3791415354270345,0.3575928324714615,0.0557608784223806,0.1617665514947007,0.0008455751096529,False,0.8373878733956465,0.9948000488812851
56,85.0,0.881121359529784,0.1486452426526503,-22.686698272252144,0.4963095237850095,1.0,0.0036904762149905,0.0036904762149905,0.0,False,0.9963095237850095,1.0,85.0,0.9980714668002516,0.0196906538140995,-50.98655654091449,0.5020023759201429,0.5020023759201429,0.078956802436273,0.0017299401919825,0.0018197836660578,False,0.9964502761419597,0.48734500517951557
57,86.0,0.9436682552866832,0.0927467024083137,-35.054649939166026,0.4678106556822722,0.7544642913603818,0.1470535651698388,0.1470535651698388,0.0984821434697793,False,0.7544642913603818,0.5989090791909001,86.0,0.9842464011389638,0.0495336537329672,-38.07144153832803,0.4535194612068512,0.4513503637575616,0.123170564785543,0.187933308446496,0.1735816632855411,False,0.6384850282679628,0.5198493095489178
58,87.0,0.9176898669738294,0.1078429717219268,-41.35319134998777,0.1202608480778775,0.392500000309799,0.4527976170921763,0.4527976170921763,0.1547023825980246,False,0.39250000030979904,0.7453458721367635,87.0,0.967085350725897,0.068196225109794,-33.5951249234523,0.4291908820343261,0.1965606182630222,0.1335562568102468,0.4598793123751644,0.1958239876689589,False,0.34429669995587675,0.7013527495503201
59,88.0,0.8343074043496616,0.1739109023975193,-24.688684729060917,0.2743463087794918,0.8673214306241547,0.2620535669829151,0.2620535669829151,0.0,False,0.7379464330170848,1.0,88.0,0.9975850828992322,0.0247613071432745,-47.778622560278045,0.3800276823166408,0.3346362168171512,0.0621372773877387,0.2607983848651335,3.439883248335107e-05,False,0.7391672163023831,0.9998681192141735
60,89.0,0.9385064497378732,0.100817052263496,-30.233789213487448,0.5152380339224759,0.97023116906625,0.0001,0.0001,0.0296688309337499,False,0.9702311690662501,0.0033592182448329445,89.0,0.9972653182731251,0.0211585346711152,-49.97996694072109,0.5385210614483135,0.5360888711333892,0.1045794698246584,0.0799617110616297,0.0753002932660993,False,0.8447379956722709,0.5150114569746601
61,90.0,0.9349526753321044,0.1017759190403415,-31.893398963658,0.3566089048801502,0.8758928555231402,0.1876488079995453,0.1876488079995453,0.0,False,0.8123511920004547,1.0,90.0,0.988037713479175,0.0456851195295855,-39.20375704608836,0.4573389608252782,0.3955651257710324,0.1048511450852609,0.2395301005880145,0.0175868581502331,False,0.7428830412617524,0.9315997737506805
62,92.0,0.9451465644017648,0.0879066629132499,-36.86556067565513,0.4065073083985556,0.6723214228607046,0.2266964280142079,0.2266964280142079,0.1009821491250875,False,0.6723214228607046,0.6918255993214955,92.0,0.9715270315015828,0.065155337774139,-34.233734675300155,0.4688171465916789,0.4186792246623721,0.1353133462831578,0.2677968830409763,0.1485501738378086,False,0.5836529431212152,0.6432058990606545
63,93.0,0.8293381387728944,0.1607992411589617,-28.69910473609301,0.2231370356748696,0.6398214258652118,0.3572321436711683,0.3572321436711683,0.0029464304636198,False,0.639821425865212,0.9918195287693121,93.0,0.9710330114573442,0.0688827394396979,-33.45489507846264,0.3313536258708233,0.2772821354016079,0.0768548817949112,0.3087975524257508,0.097600200830102,False,0.5936022467441472,0.7598406978183844
64,94.0,0.921117108504591,0.1092123970050787,-30.707084943273905,0.3862565845126601,0.8592857217675446,0.1680952319895722,0.1680952319895722,0.0,False,0.8319047680104278,1.0,94.0,0.9765352002269206,0.0639319897282574,-34.499095895994,0.3892727031480112,0.3625920079992334,0.116505174496075,0.1862353953123794,0.0765382099692827,False,0.7372263947183378,0.7087294597673048
65,96.0,0.914949077972638,0.1146961519794276,-29.88505475046752,0.3252347906037907,0.8746428536086288,0.2155357146534956,0.2155357146534956,0.0,False,0.7844642853465044,1.0,96.0,0.9870350117263323,0.0450436435776821,-39.40172762712775,0.4381563587974753,0.3771149716979163,0.1062641126933108,0.233181708187565,0.0080651289448939,False,0.7587531628675411,0.9665689754080977
66,98.0,0.9195378880727048,0.1081051707399172,-41.80932614500114,0.0397709790840159,0.3846428601341521,0.4847023768547885,0.4847023768547885,0.1306547630110592,False,0.3846428601341524,0.7876765303486315,98.0,0.9740767514043592,0.0613728847825634,-35.071020202049226,0.4509548071757231,0.051393878812124,0.1211413667546686,0.4957802772482717,0.1654001588185334,False,0.3388195639331949,0.7498411178006762
67,101.0,0.8769756318251182,0.1204570574652782,-28.97495414403764,0.4114605629259373,0.759805196890377,0.1873701259734328,0.1873701259734328,0.0528246771361902,False,0.759805196890377,0.7800756866830236,101.0,0.926704404780098,0.093025206741755,-29.24838695247614,0.4684701534631883,0.4329983116517342,0.155967973185608,0.1880522613351611,0.0869046001342913,False,0.7250431385305476,0.6839336917440543
68,102.0,0.9585747986094052,0.0793867400070445,-33.674740198329616,0.4602189804509071,0.978571427175837,0.0496428554867472,0.0496428554867472,0.0,False,0.9503571445132528,1.0,102.0,0.9943671464584208,0.0315588997676097,-44.38259503310053,0.4800059175097397,0.4602727084554853,0.1215798367905835,0.1236665850396244,0.0500306672444901,False,0.8263027477158855,0.7119662712760962
69,104.0,0.882562068889687,0.1397380729255392,-23.55179722933812,0.4644047606955792,1.0,0.0355952393044207,0.0355952393044207,0.0,False,0.9644047606955793,1.0,104.0,0.9850961363551116,0.0497833886819088,-38.00103475679275,0.457782820789787,0.457782820789787,0.0884992578933039,0.005637110458356,0.0021788014612952,False,0.9921840880803487,0.7212351567298069
70,105.0,0.9443192276795452,0.0910924359348018,-35.466007726092606,0.2677648630939278,0.7371428586646747,0.3026190433689868,0.3026190433689868,0.0,False,0.6973809566310132,1.0,105.0,0.9951325961736774,0.0294021249995879,-45.37363659692723,0.4145666054592346,0.3130219885756561,0.1191629418440522,0.3237616440521085,0.0456132805258315,False,0.63062507542206,0.8765122440892522
71,106.0,0.9033820875509804,0.1258138845325778,-32.890986846928776,0.1943539670202484,0.6578571487196002,0.3721428534137161,0.3721428534137161,0.0,False,0.6278571465862839,1.0,106.0,0.9860456802591572,0.0490090042159373,-38.22051733542016,0.4424052819803964,0.3027554863538956,0.0944614849041451,0.3993892155132397,0.0373860863409342,False,0.5632246981458261,0.9144043031228531
72,107.0,0.92710443014237,0.1068821823969862,-41.44640507329009,0.2484276780713487,0.4164285805593002,0.3965476146491054,0.3965476146491054,0.1870238047915943,False,0.4164285805593003,0.6795185669462023,107.0,0.9831779235842758,0.0547247155889345,-36.67615765755464,0.4041197532000246,0.2941376804332348,0.1132190004696455,0.4099788121836487,0.2377097600420948,False,0.3523114277742565,0.6329875649569989
73,108.0,0.7683679211111101,0.1984418821199232,-22.92030292214732,0.176876077090666,0.7987500027507266,0.3587202329372927,0.3587202329372927,0.0,False,0.6412797670627073,1.0,108.0,0.991672331966676,0.0382318083341903,-41.697224033283945,0.3135947252907104,0.2890607498173646,0.0328013875077579,0.2633852380649045,6.01421690227255e-10,False,0.7366147613336739,0.9999999977165702
74,111.0,0.9158713035235022,0.1156350529943351,-31.58455436240945,0.3593033965681883,0.77928571863283,0.2199999943981426,0.2199999943981426,0.0007142869690273,False,0.7792857186328301,0.9967637482966539,111.0,0.988157477752565,0.0438954245495593,-39.76323264202908,0.4071057924596085,0.369258652877534,0.1054954564175518,0.2340617543428773,0.1016253044106394,False,0.6643129412464832,0.6972617747374666
75,112.0,0.8044462949294731,0.1838822691219303,-23.751547168692756,0.2011788153912044,0.8382142917944022,0.3313690417328248,0.3313690417328248,0.0,False,0.6686309582671752,1.0,112.0,0.997653434248559,0.0216327241209791,-49.66967347216059,0.3147344686638993,0.2720936400749966,0.0612228007157628,0.2551926736755515,1.0316286352063386e-05,False,0.7447970100380965,0.9999595761540505
76,113.0,0.8717648846385834,0.1513290020018404,-23.47728769016793,0.3911904755100631,1.0,0.1088095244899368,0.1088095244899368,0.0,False,0.8911904755100633,1.0,113.0,0.996705162353652,0.0266005577447628,-46.7755233379251,0.3795898958868718,0.3720661344259363,0.0747714777221987,0.0649241620432883,0.012731245603697,False,0.9223445923530147,0.8360546162918605
77,114.0,0.8679107348706756,0.1567433492415361,-23.022892058215437,0.4245238090038854,1.0,0.0754761909961145,0.0754761909961145,0.0,False,0.9245238090038855,1.0,114.0,0.99827669960332,0.0186989892465207,-51.71000130598836,0.4444717590631474,0.436709613196449,0.0683689905333062,0.0647216904351952,0.011107219350852,False,0.9241710902139528,0.8535226290053326
78,115.0,0.9411652173693696,0.0963793332681063,-33.62975477322715,0.4146795055318044,0.8162500021404805,0.1615178527220512,0.1615178527220512,0.0222321451374682,False,0.8162500021404806,0.8790087325363392,115.0,0.9897805780278992,0.0437163006401782,-39.8204792769989,0.480987487691321,0.4368128498005332,0.109213042730624,0.2260258705638555,0.0827071865703031,False,0.6912669428658414,0.7321077718789178
79,117.0,0.9088057786437296,0.1274447968643957,-26.08464462663043,0.471904759513388,1.0,0.028095240486612,0.028095240486612,0.0,False,0.971904759513388,1.0,117.0,0.9965866523198398,0.024677796433576,-47.82591917219702,0.4738390821654993,0.4712533661529963,0.0887161005030675,0.0535292864803763,0.038257365244419,False,0.9082133482752047,0.5831924955806603
80,118.0,0.918203818631854,0.1189974099530467,-28.423827097555844,0.400226982101065,0.9917532430764536,0.1030735925345669,0.1030735925345669,0.0,False,0.8969264074654331,1.0,118.0,0.9978658189304168,0.0193628894075029,-51.22155746820303,0.4629568788543765,0.431720734336155,0.0858707573879797,0.1637605072911253,0.0124244152196129,False,0.8238150774892619,0.9294808259267722
81,121.0,0.9241299926385595,0.1085356367960284,-35.8899951746635,0.0873109466898052,0.6060714369156589,0.4470833290812432,0.4470833290812432,0.0,False,0.5529166709187567,1.0,121.0,0.9711199329650524,0.068470349333774,-33.53896277410445,0.4177989257006969,0.1247168358033292,0.1239625830102102,0.4718918068235732,0.017323377908273,False,0.5107848152681539,0.9645894517404066
82,122.0,0.8529733388877316,0.1462329327109987,-32.070733530982025,0.0970100813260282,0.549464293586898,0.4466964241933863,0.4466964241933863,0.0038392822197157,False,0.549464293586898,0.9914784063392406,122.0,0.9729579414654852,0.0746378533195372,-32.33150476638198,0.3143085345855412,0.1917105567048182,0.0854290989278184,0.4128035718853577,0.0801698334532377,False,0.5070265946614045,0.8373749322274827
83,123.0,0.8717753871522087,0.1491826307308433,-24.293891430738675,0.3815476175634483,1.0,0.1184523824365516,0.1184523824365516,0.0,False,0.8815476175634485,1.0,123.0,0.9986770238713696,0.0170988236486917,-52.96243854439592,0.3973894859642824,0.3808485188158526,0.0770405514349246,0.1084139137247611,0.0086892549048054,False,0.8828968313704335,0.9257982938762981
84,125.0,0.8460092216511308,0.1699801315448628,-23.33356186622435,0.3262062401239017,0.9980357161219048,0.1744345215345077,0.1744345215345077,0.0,False,0.8255654784654923,1.0,125.0,0.999706101278792,0.0091385214470506,-61.73359343436093,0.366010297606171,0.342567920535701,0.0585360555140725,0.166604441746233,1.6517357050105375e-05,False,0.8333790408967169,0.9999008686713905
85,127.0,0.90477252743961,0.126226332953676,-30.10292319150868,0.3555457529663635,0.8092857163925031,0.2122619006003045,0.2122619006003045,0.0,False,0.7877380993996955,1.0,127.0,0.9895001911342196,0.0464308356341645,-38.97708071148419,0.3889260145994799,0.3543165588388111,0.0912000059584807,0.2279453215245509,0.0891853995614964,False,0.6828692789139527,0.7187740145260235
86,128.0,0.8454729857644361,0.1623557701700004,-23.68566233080603,0.354017282424684,0.971249997461218,0.1561607153437983,0.1561607153437983,0.0,False,0.8438392846562017,1.0,128.0,0.9856200211449626,0.0516393608025503,-37.4885952744545,0.4205292983962505,0.3973763903114999,0.0686057285554344,0.1468521468142654,0.0026829703999949,False,0.8504648827857397,0.9820579242523304
87,129.0,0.931971686862184,0.1033502292207365,-42.40584615365208,0.3445427771871238,0.4035714217025847,0.3609523815732355,0.3609523815732355,0.2354761967241796,False,0.40357142170258486,0.6051896148296955,129.0,0.991994285691756,0.0355372993212312,-42.72041428570501,0.460025768971332,0.3920375605097962,0.1122796804919382,0.3815825204695725,0.2753444596483779,False,0.3430730198820497,0.5808598703025712
88,130.0,0.7802879284661601,0.1664346434734834,-26.641342977954174,0.1661029756949252,0.6335714329247877,0.394761899675895,0.394761899675895,0.0,False,0.605238100324105,1.0,130.0,0.8877485962612267,0.1193352932868187,-25.761454200704843,0.3290436533357671,0.2605047594212781,0.103572134640366,0.2977951817696173,0.056866418871067,False,0.6453383993593157,0.8396600625262511
89,133.0,0.947917158685924,0.0868820161793771,-39.72348638547624,0.4683042871048029,0.5633928572212278,0.2361607096390749,0.2361607096390749,0.2004464331396973,False,0.5633928572212279,0.540899784955504,133.0,0.982812583879408,0.0520422117615923,-37.37980175080394,0.4639598451987066,0.453730794325734,0.1295006533516644,0.2703714967089177,0.2446133875501531,False,0.4850151157409292,0.5250086069961295
90,134.0,0.853702733256097,0.1612889672708121,-22.006365687197214,0.430779223037174,1.0,0.069220776962826,0.069220776962826,0.0,False,0.930779223037174,1.0,134.0,0.994279300416012,0.0334678530807836,-43.56037874559931,0.4390185909409027,0.4364241851928396,0.0717089655758736,0.0271176286546437,0.0078872382347765,False,0.9649951331105797,0.7746816675609093
91,135.0,0.8979817920246986,0.1289726515326386,-28.455015205498583,0.4084301358197882,0.8762499984601393,0.1421130941168361,0.1421130941168361,0.0,False,0.857886905883164,1.0,135.0,0.9921975704287912,0.0356919309907051,-42.659628937779786,0.4424687693540715,0.4231261739934802,0.0882360216809878,0.1650352934032745,0.0780400246856258,False,0.7569246819110997,0.6789471456864077
92,137.0,0.8935863879813839,0.1303776123994598,-35.36854827550341,0.1786324869382318,0.5223214339219521,0.4066964232773783,0.4066964232773783,0.0709821428006696,False,0.5223214339219521,0.8514018676126409,137.0,0.9778395726159812,0.0605671162475478,-35.256044371127366,0.4384020278622193,0.318024092290578,0.0784052550617609,0.4200456138161112,0.1211901627279834,False,0.45876422345590534,0.7760861938916745
93,138.0,0.9202558323227632,0.1173512739238888,-30.023718028047305,0.4455836501517684,0.896964291202871,0.100327377070031,0.100327377070031,0.0027083317270979,False,0.896964291202871,0.9737146300179247,138.0,0.9978764294600702,0.0207584580686387,-50.2472209663056,0.4430743397773933,0.4340556824150108,0.0921627362268099,0.149409759756899,0.1084435315096465,False,0.7421467087334546,0.5794370861935311
94,143.0,0.910706272640912,0.1112977691127452,-37.78771948295017,0.3389872242877387,0.4842857223337315,0.3358333272239058,0.3358333272239058,0.1798809504423626,False,0.48428572233373157,0.6512003676602336,143.0,0.9547722917868968,0.0792689269612443,-31.48872696221645,0.419342250935899,0.3611305710955857,0.13346944743662,0.3404751787830194,0.2299510073349333,False,0.42957381388204735,0.5968785919526772
95,144.0,0.8433760976453406,0.1722842780087017,-23.17303321850039,0.3213328614749391,0.9994642917787472,0.1788392791807116,0.1788392791807116,0.0,False,0.8211607208192884,1.0,144.0,0.9989437912162592,0.0151824477685403,-54.62661378615305,0.3596218023487291,0.3358557955680419,0.0586141848100706,0.1684668086409072,1.4997147426365489e-05,False,0.8315181942116664,0.9999109865462553
96,145.0,0.9303910255529516,0.1033780069397717,-35.559114507021604,0.4495554945805907,0.6500649337797773,0.2077597371851333,0.2077597371851333,0.1421753290350894,False,0.6500649337797773,0.593709397086787,145.0,0.985668161910982,0.0472626766222658,-38.72848121812665,0.4753677193942029,0.4552552775383917,0.1190044610216518,0.2478675616328719,0.1960620913796864,False,0.5560703469874417,0.5583487382534909
97,146.0,0.8953184958842432,0.1159925981395369,-41.262539845957214,0.0,0.3460065002812964,0.5445725087783542,0.5445725087783542,0.1094209909403494,False,0.3460065002812964,0.8326879533398823,146.0,0.96304544434508,0.0704382884061513,-33.14225611958323,0.5436158818145366,0.0,0.1367171566821251,0.5612598392834136,0.1166568783875781,False,0.3220832823290083,0.8279185697199545
98,148.0,0.9058025100742604,0.1072452498717798,-27.913755050553867,0.331926470726861,0.951964283689496,0.1840178550569212,0.1840178550569212,0.0,False,0.8159821449430789,1.0,148.0,0.9720153721413176,0.0585458447054134,-35.73123226065644,0.3105000098412055,0.3017209003826391,0.1435564102461539,0.1359038885985014,0.0160987238672349,False,0.8479973875342638,0.8940891632973492
99,149.0,0.6954421366149646,0.1998856254877955,-25.28920622679252,0.0813314822617611,0.559545461875568,0.4544913381928183,0.4544913381928183,0.0,False,0.5455086618071817,1.0,149.0,0.8859982019489794,0.1240845247790439,-25.215092118128293,0.3052802111906329,0.2733169558799683,0.0403580015194087,0.3078200929353212,0.0750000206406037,False,0.6171798864240751,0.8040854751856478
100,150.0,0.9143146037572688,0.1099316613243981,-33.75440317581257,0.3117701055522152,0.6607467599621489,0.2939989129033166,0.2939989129033166,0.0452543271345344,False,0.660746759962149,0.8666060576768985,150.0,0.9701912855254264,0.0649755304317026,-34.272423488044424,0.4302476667987945,0.3575070813482429,0.126477152131101,0.2989404273911225,0.1142068447801022,False,0.5868527278287753,0.7235686824702782
101,151.0,0.9407950771169172,0.0897000202295554,-34.81825509917903,0.406969334441628,0.7473214368323149,0.1958630922383916,0.1958630922383916,0.0568154709292934,False,0.747321436832315,0.7751472455081638,151.0,0.9549165112483587,0.0809351403080041,-31.19750054812576,0.5005323300675203,0.4260549491481934,0.1510690918276115,0.2602994487756518,0.0921330313077675,False,0.6475675199165807,0.7385796244263299
102,152.0,0.8073075939448681,0.1746687833634662,-26.933675257486986,0.1599540751183477,0.6739285820358686,0.3922023769646331,0.3922023769646331,0.0,False,0.6077976230353669,1.0,152.0,0.9832938473993283,0.0549022454827606,-36.63081441968861,0.3519963908163556,0.2734384662866478,0.0690374492442443,0.3513127645927988,0.0242193595231423,False,0.6244678758840589,0.9355065573147482
103,154.0,0.8805201236114326,0.1413552690013501,-30.916670152064956,0.170561164837099,0.6725000011372942,0.3852976164530726,0.3852976164530726,0.0,False,0.6147023835469274,1.0,154.0,0.9937509452043802,0.0325304115755504,-43.95811840949867,0.393414196237752,0.284214423158814,0.0817754396319094,0.3830503184821847,0.0378505978115779,False,0.5790990837062373,0.9100724271525212
104,158.0,0.8474763242378578,0.1574766704132825,-27.158380276059106,0.1662769840906282,0.7637499993459472,0.3730059535095366,0.3730059535095366,0.0,False,0.6269940464904634,1.0,158.0,0.9791899769981504,0.0604819854175337,-35.27573607970339,0.3526092723003439,0.2720609010712549,0.081381894048084,0.3230556798104533,0.0002405833476387,False,0.676703736841908,0.9992558424731279
105,159.0,0.9097396334191366,0.1207259904826262,-27.806051018090407,0.3750303059973434,0.9821428612254934,0.1316666622214968,0.1316666622214968,0.0,False,0.8683333377785032,1.0,159.0,0.9964639791517372,0.0262581906917729,-46.95688237165884,0.4107603133141968,0.3791775059441979,0.0997030209346088,0.153655898788343,0.0081438461612859,False,0.8382002550503711,0.9496671260895916
106,160.0,0.8589021133898367,0.1562184498759114,-24.54350083679494,0.3206078570455885,0.9635714186450964,0.1910714323578181,0.1910714323578181,0.0,False,0.8089285676421819,1.0,160.0,0.9869324498132898,0.0512748057863526,-37.587780678049135,0.3519365243411783,0.3197913676664056,0.0792797112056247,0.1763899372083497,0.0002347485112397,False,0.8233753142804106,0.9986709190151801
107,161.0,0.9265224800560732,0.1052240887037632,-31.5508313617583,0.5181251803904762,0.8407142862080726,0.0644047588015919,0.0644047588015919,0.0948809549903353,False,0.8407142862080728,0.4043348098733009,161.0,0.9892122467125104,0.0403679294948977,-40.93607487101841,0.4516183424186237,0.4805069077097753,0.113421309148917,0.0912331925829683,0.1784135637546187,False,0.7303532436624129,0.33834337123917774
108,162.0,0.9606600426797632,0.0767897026676163,-34.82618567841666,0.4747991017057139,0.9258928598022298,0.0603869018901667,0.0603869018901667,0.0137202383076034,False,0.9258928598022299,0.8148594282414875,162.0,0.9962318996552864,0.0246477546396569,-47.84297261236021,0.4509121070949419,0.4539470125729516,0.1234132701197396,0.1088635719603973,0.1077298621162765,False,0.7834065659233262,0.5026171380701214
109,163.0,0.8817210215420264,0.1333806267557999,-32.134880773484575,0.4162826462863117,0.6200000031585865,0.241904757987622,0.241904757987622,0.1380952388537915,False,0.6200000031585865,0.6365914736798717,163.0,0.9778780323146602,0.0587000611732296,-35.694403140213446,0.3964789505858201,0.3913566842042818,0.0917725818062263,0.2316135711337347,0.2091227832805977,False,0.5592636455856677,0.5255150132589171
110,165.0,0.8618838961926056,0.1430996617112299,-31.73799128094681,0.3159934756393408,0.5835714272567747,0.315595236417321,0.315595236417321,0.1008333363259043,False,0.5835714272567747,0.7578616287982733,165.0,0.9621861860575024,0.075784883259345,-32.11799009726204,0.5107635078392271,0.4198873605710632,0.097124453695169,0.3494823694441084,0.1126765136414702,False,0.5378411169144214,0.756195287453545
111,166.0,0.952095725659818,0.0812147268634707,-35.412070231991635,0.387947692597365,0.8010714296484938,0.1892261872621944,0.1892261872621944,0.0097023830893118,False,0.8010714296484938,0.9512267992869616,166.0,0.9783902613977375,0.054571968895345,-36.71528885558808,0.4798910785452027,0.4195194147039279,0.1438757874272083,0.2328513654215561,0.074331172083421,False,0.692817462495023,0.7580227942409759
112,167.0,0.7398294631763552,0.1876453129064335,-24.979368586969866,0.0503962791815404,0.6383928631445362,0.467827375041465,0.467827375041465,0.0,False,0.532172624958535,1.0,167.0,0.8886159638371565,0.1268017011592941,-24.911831493807437,0.3231567335016907,0.2539808856884541,0.0650020125583309,0.3321302232499041,2.0207956465623237e-05,False,0.6678495687936302,0.9999391602281165
113,170.0,0.7818936331708843,0.1767450340369171,-34.46889025363639,0.0,0.3639285773195037,0.6402976134371379,0.6402976134371379,0.0,False,0.35970238656286213,1.0,170.0,0.9457192006924316,0.0885336617984495,-29.94121415974801,0.3290232042650778,0.0,0.0645991394461499,0.5872113412559689,0.0525111782826439,False,0.36027748046138725,0.9179156951977921
114,171.0,0.8142952115974891,0.1770879338551743,-25.8422100890025,0.2003673589002512,0.7453571463110347,0.3506547571562298,0.3506547571562298,0.0,False,0.6493452428437703,1.0,171.0,0.989387566297872,0.0470303316090434,-38.7974754485477,0.3132792370655065,0.2726510985331941,0.049962238680749,0.2954316609764238,0.035834052426916,False,0.6687342865966602,0.8918268598981584
115,172.0,0.9435750351734984,0.0960232972907629,-31.91373609110057,0.4549498412026216,0.943392855527648,0.0708035701860087,0.0708035701860087,0.0,False,0.9291964298139913,1.0,172.0,0.9941946373682168,0.0308896278972978,-44.68268745453747,0.460488927215913,0.4529150928678114,0.110236258065714,0.1254325211322236,0.0917872894084255,False,0.7827801894593509,0.5774451272194209
116,173.0,0.930772299145084,0.1049387140883672,-32.47166576196054,0.4040714710644395,0.8128571393380222,0.1715476199424533,0.1715476199424533,0.0155952407195245,False,0.8128571393380223,0.9166666542108008,173.0,0.9882621352133651,0.0473827907507694,-38.69294652748545,0.4283553794590729,0.3990380511724473,0.1051880821909321,0.2084635995998004,0.1022258905816839,False,0.6893105098185157,0.6709708766718492
117,175.0,0.7111524530322324,0.2042376622829431,-24.09443025825373,0.2120329802614815,0.6327759773749702,0.3658306236793132,0.3658306236793132,0.0013933989457166,False,0.6327759773749703,0.9962055887962988,175.0,0.9483806495403052,0.0865870059465926,-30.2524773006918,0.3015784033195905,0.2897709287054643,0.0315301894505031,0.231864355758721,0.1100000001578842,False,0.6581356440833948,0.678234954144451
118,176.0,0.7717722961198615,0.1967320526188223,-25.2312730452413,0.1500391781871399,0.6837500008336077,0.3974107117894692,0.3974107117894692,0.0,False,0.6025892882105308,1.0,176.0,0.9863286769136216,0.0501923936074263,-37.88648499741232,0.333775688002216,0.3264148688396783,0.0075983652816002,0.3266666666666666,0.0433333333333333,False,0.63,0.882882882882883
119,177.0,0.9028496706251236,0.126268737045448,-26.615387517005765,0.4040367962285211,1.0,0.0959632037714788,0.0959632037714788,0.0,False,0.9040367962285212,1.0,177.0,0.9931048856012532,0.0366896471998279,-42.27364918910954,0.3998168250423503,0.3862571161551559,0.0914033747877991,0.0993958575264934,0.0237492778110759,False,0.8768548646624307,0.8071440033260459
120,178.0,0.9239968353834944,0.1133329643114305,-28.938796088498755,0.4534494123550162,0.9948214346994272,0.0488988050373706,0.0488988050373706,0.0,False,0.9511011949626293,1.0,178.0,0.9951854894052452,0.0308737264520992,-44.68989626759641,0.4559223880259376,0.4454140173579581,0.0895746585164208,0.1101366970071445,0.0577605896226451,False,0.8321027133702105,0.6559766343931089
121,179.0,0.9118306225785416,0.1228450574608,-31.973073793093143,0.2985657937683086,0.7387500066847207,0.279434517857833,0.279434517857833,0.0,False,0.720565482142167,1.0,179.0,0.9961709278649464,0.0278494814383197,-46.13317305627655,0.4033187747868829,0.3403938800083356,0.0905194636852778,0.2996558645158455,0.0850204871474716,False,0.6153236483366828,0.7789817679723534
122,180.0,0.9082648537262666,0.1179076148593439,-28.779587110601064,0.3382169806728819,0.9080357157150952,0.192886901887701,0.192886901887701,0.0,False,0.807113098112299,1.0,180.0,0.989777328565276,0.0422671081501821,-40.29244512711323,0.4031100019592767,0.3581849388218092,0.0977921281297998,0.1971805776659591,0.0018190545948336,False,0.8010003677392074,0.9908590052445438
123,181.0,0.9049272139133794,0.1178660127525573,-30.812160963160125,0.3153988893518141,0.7699999969999339,0.2571428561453206,0.2571428561453206,0.0,False,0.7428571438546794,1.0,181.0,0.9750927316744036,0.0603692916177979,-35.30184608354131,0.4048106432362774,0.3488071335086667,0.1157481474853029,0.2515763678593696,0.0674352068226904,False,0.6809884253179399,0.7886120373848533
124,182.0,0.8879043832048537,0.1322824334608942,-25.17214646972318,0.3650108202142723,1.0,0.1349891797857276,0.1349891797857276,0.0,False,0.8650108202142723,1.0,182.0,0.9940016075363404,0.0351195064484304,-42.88597989046544,0.34843659160496,0.3368815401834314,0.0918749122548691,0.0798305542106622,0.0007820486113305,False,0.9193873971780073,0.9902986805542379
125,183.0,0.7971571757691117,0.1696705628281962,-29.504434876260987,0.0803199698130375,0.543214292831802,0.4563690443977391,0.4563690443977391,0.0004166627704589,False,0.543214292831802,0.999087837548504,183.0,0.9385311041683004,0.0948612580470663,-28.97475855066024,0.3681146511742091,0.2609847313935973,0.0793598040808743,0.3943233819939263,0.072687466524473,False,0.5329891514816008,0.844355935723816
126,185.0,0.8123418438082219,0.1496747248169773,-31.044896425579523,0.202797205236519,0.5107142949831353,0.396428568303081,0.396428568303081,0.0928571367137838,False,0.5107142949831351,0.810218987062818,185.0,0.911036935115843,0.103062310264336,-27.813901274970377,0.3976053051593886,0.2860148814666308,0.1365868379514757,0.3607146143386346,0.1273961458445462,False,0.5118892398168192,0.7390015622750535
127,186.0,0.905418899289088,0.1179666345986722,-37.18005070767768,0.1341107891974307,0.489999999962495,0.4342857132982887,0.4342857132982887,0.0757142867392162,False,0.4899999999624951,0.8515406142477485,186.0,0.9738830022230976,0.0680507248955099,-33.62502656564337,0.3951600674030994,0.2106278337841914,0.1113571912732945,0.4408459265401728,0.1261165696605414,False,0.43303750379928585,0.7775574742497711
128,189.0,0.9255311665163332,0.1088477440383874,-33.24271150804205,0.2149525244844534,0.7396428596341393,0.3410119001047414,0.3410119001047414,0.0,False,0.6589880998952586,1.0,189.0,0.9952708284656192,0.0319789578775134,-44.19748022322349,0.42059011374264,0.2957183699001198,0.1000761614172214,0.3661337616680273,0.0027927037396981,False,0.6310735345922746,0.9924301886648016
129,191.0,0.8794317471825754,0.1460125506557864,-24.028339346592983,0.3829761895381796,1.0,0.1170238104618204,0.1170238104618204,0.0,False,0.8829761895381796,1.0,191.0,0.9973838587538408,0.0228397531833137,-48.90953780822485,0.4085490403340505,0.3965020086738217,0.0741269444578374,0.078722083232424,0.0003168135522318,False,0.9209611032153442,0.9959916754266577
130,192.0,0.8763892295394953,0.1183438851880986,-34.700661901232785,0.252867447240143,0.5033928535363712,0.3727083341673266,0.3727083341673266,0.1238988122963021,False,0.5033928535363713,0.7505094053144553,192.0,0.9193197197209156,0.0956437333163125,-28.859751428849435,0.4416551711925775,0.3137312476190291,0.1657763939890597,0.3663438591745723,0.1535702274411464,False,0.48008591338428136,0.7046238380637416
131,193.0,0.6508099622042127,0.1864130384409496,-47.12622835346235,0.0,0.1062500057757249,0.6956845212443862,0.6956845212443862,0.1980654729798888,False,0.10625000577572502,0.7783882805484116,193.0,0.8708361840599674,0.1209792706552351,-25.56990490944975,0.220287196618442,0.0,0.1376164675157766,0.6766965244468082,0.2079801659995954,False,0.11532330955359643,0.7649082786451064
132,194.0,0.7921075777392262,0.1661118352573248,-29.41644176351719,0.1651184318536183,0.5382467540527899,0.4111255400205031,0.4111255400205031,0.0506277059267069,False,0.53824675405279,0.8903576609995397,194.0,0.9126596760172028,0.1081769908433031,-27.13581224778368,0.3315696078822186,0.2650120600572136,0.0929803389161951,0.3335450519611972,0.1287507220191797,False,0.5377042260196231,0.7214970820290372
133,195.0,0.8563270185938314,0.1518560254435955,-26.77604036710982,0.1996698394093115,0.8129220805723875,0.3376839787198279,0.3376839787198279,0.0,False,0.6623160212801721,1.0,195.0,0.9933738923775556,0.0337917678907971,-43.42553283557394,0.3348772485444039,0.2694729814780404,0.0846565112887854,0.2828212432638187,0.0002828549991797,False,0.7168959017370017,0.9990008798851194
134,197.0,0.8517433479147747,0.1618574080643543,-25.138516774471885,0.3201963950002937,0.8971428583514762,0.2127380909555982,0.2127380909555982,0.0,False,0.7872619090444017,1.0,197.0,0.9960507715079068,0.026564430558641,-46.79455017117363,0.3676663537997193,0.3404534270624568,0.0678689860324017,0.1942400444749328,0.0384026137707119,False,0.7673573417543553,0.8349287527046608
135,198.0,0.8522474590487294,0.1529621814085927,-24.18203555124853,0.3257266560065769,0.962499998611194,0.1864880940460408,0.1864880940460408,0.0,False,0.8135119059539592,1.0,198.0,0.980327105820638,0.056316269065163,-36.27480540465922,0.3689511370308003,0.3450828389660885,0.0817025752415594,0.13611329775513,0.0003860232668828,False,0.8635006789779872,0.99717197665166
136,199.0,0.9186846578022616,0.1180104774244328,-27.072413239699745,0.4224999991911412,1.0,0.0775000008088588,0.0775000008088588,0.0,False,0.9224999991911412,1.0,199.0,0.997999317682278,0.0189694863830474,-51.50892998872608,0.4384305034798322,0.4247663951441365,0.095399238969866,0.0817026429341847,0.0092163944791251,False,0.9090809625866901,0.8986307516958391
137,201.0,0.8717445425696821,0.1403893009276972,-28.38050858955729,0.2125720918449915,0.7741071514116042,0.3354464235122676,0.3354464235122676,0.0,False,0.6645535764877324,1.0,201.0,0.9785764550993612,0.057542133001298,-35.97332992322327,0.3790728416893204,0.2976147964564863,0.0919522563487892,0.3054083356337669,0.0016556071698897,False,0.6929360571963434,0.9946082657743103
138,202.0,0.8934177322984974,0.1172703995343303,-32.34528391263677,0.3850816783886222,0.6476461057481671,0.2506033505966407,0.2506033505966407,0.1017505436551922,False,0.6476461057481671,0.7112262832478602,202.0,0.94876000961934,0.0820408375354301,-31.007533917486107,0.4329074787407685,0.404129489064027,0.142096502870893,0.2430116427360756,0.1615389121139472,False,0.5954494451499772,0.6006953638369529
139,203.0,0.8995151670630761,0.1255610355410475,-31.74198740847386,0.2148587917955571,0.6987500052174399,0.3498674181118416,0.3498674181118416,0.0,False,0.6501325818881585,1.0,203.0,0.9878794143061036,0.0437544656550896,-39.80826238979656,0.4268684463107857,0.3184091108480765,0.096194945255231,0.3555791819071855,0.0332652475292732,False,0.6111555705635413,0.91445101173885
140,205.0,0.9402916415772502,0.097200691200942,-32.24741017282645,0.436076708023762,0.8939285632855349,0.1101785749140327,0.1101785749140327,0.0,False,0.8898214250859673,1.0,205.0,0.9887799040598192,0.0461355445365063,-39.06640232874982,0.4650933531782333,0.4373037309357075,0.1095025818275607,0.1733928126583332,0.0707963207234982,False,0.7558108666181687,0.7100758754371101
141,206.0,0.7166336727528544,0.2000300014590043,-30.7028441489156,0.0,0.4000162406635912,0.6328057329203701,0.6328057329203701,0.0,False,0.3671942670796299,1.0,206.0,0.9403029953243068,0.0918344368226768,-29.428750920762035,0.3243536827194315,0.0,0.0526601064073909,0.56171739879318,0.0200011226539733,False,0.41828147855284675,0.9656171809619951
142,208.0,0.8771485812209829,0.1371134813551203,-28.628555010440174,0.3520045817308734,0.77946429088794,0.2256249983118388,0.2256249983118388,0.0,False,0.7743750016881612,1.0,208.0,0.9848156486718884,0.0513314318270369,-37.57232811554412,0.4021383107931458,0.3628080558713799,0.1001404321833776,0.2267261738623331,0.0784730151878607,False,0.6948008109498063,0.7428793456756044
143,209.0,0.936886271843439,0.1032836489374762,-29.040260092496283,0.4999,1.0,0.0001,0.0001,0.0,False,0.9999,1.0,209.0,0.997633075748442,0.0204376610252085,-50.465263320249846,0.4736321479424321,0.4847633264100756,0.1033823717471633,0.0276003480981722,0.0730868550598281,False,0.8993127968419996,0.27411972159819753
144,211.0,0.8896510023508885,0.1342700874316167,-35.710819136661044,0.0772035399354409,0.4994318192186295,0.4614420955999246,0.4614420955999246,0.0391260851814458,False,0.49943181921862967,0.921836651462002,211.0,0.9967254105013496,0.0261331353357197,-47.02371703466634,0.3619602448043801,0.1860417041541111,0.0891926528129434,0.4540842464678742,0.1170079258718654,False,0.42890782766026037,0.795115514554351
145,212.0,0.9660605107247844,0.070074763366937,-37.087547130790334,0.4168591261847073,0.8505357188752094,0.1454464234407984,0.1454464234407984,0.0040178576839922,False,0.8505357188752094,0.9731182751239568,212.0,0.9814855978906925,0.0528243735920978,-37.1709560321036,0.5086177103404056,0.4452503680424231,0.1403573846502302,0.2247086332180905,0.0588749106803921,False,0.7164164561015174,0.7923895375908406
146,213.0,0.8918493772501359,0.1411327988726784,-30.37120816514552,0.2543859670999345,0.7396428549998915,0.3118452370222959,0.3118452370222959,0.0,False,0.6881547629777041,1.0,213.0,0.9991343485238064,0.0134322547645763,-56.34134949358952,0.448398745607522,0.3629437493198365,0.0745237945537518,0.3548124354560286,0.0387043283219483,False,0.6064832362220232,0.9016450329831809
147,214.0,0.9068691586673174,0.1172574311726625,-32.7375552236209,0.3258353108306651,0.6787500027199412,0.2788392818874331,0.2788392818874331,0.0424107153926256,False,0.6787500027199412,0.8679822077767899,214.0,0.9930550534479232,0.0369144466059852,-42.18813216664122,0.3658367667829656,0.3244294458205054,0.1068500451051278,0.2695138914345865,0.1332978557871362,False,0.5971882527782773,0.6690815084055528
148,215.0,0.8367291628061941,0.1760833250260123,-28.22583190771084,0.3279908966351874,0.679642858361943,0.2770833294941646,0.2770833294941646,0.0432738121438923,False,0.6796428583619432,0.8649200953578755,215.0,0.9979815686716834,0.0208667089496892,-50.174403684846354,0.3926642100131757,0.3659677538576942,0.0537396545007568,0.2853810785853957,0.1466736883661097,False,0.5679452330484946,0.6605206108452158
149,216.0,0.8588393613953529,0.1394620614469078,-37.28001040710795,0.3225905536562908,0.3878571424948459,0.3748809496630407,0.3748809496630407,0.2372619078421133,False,0.38785714249484593,0.6124076186903551,216.0,0.9429398247309448,0.0904981077524803,-29.633968722301084,0.3624791157986083,0.3211529284877781,0.1198414599029097,0.3615769099883195,0.2818304489361509,False,0.3565926410755296,0.5619719839585562
150,217.0,0.5953744547977793,0.2252516671369163,-26.54826435483473,0.0,0.4105357222203256,0.6636607083156245,0.6636607083156245,0.0,False,0.3363392916843755,1.0,217.0,0.7557802959415403,0.1886729299745256,-19.34836409154565,0.318235758919515,0.1851641103337163,0.0208024248753916,0.4991667803902797,2.886579864025407e-15,False,0.5008332196097174,0.9999999999999942
151,218.0,0.858882641763544,0.1371294707659474,-35.36247532526846,0.246071143154754,0.4448701374774804,0.3905302967155038,0.3905302967155038,0.1645995658070158,False,0.44487013747748044,0.7034935842595955,218.0,0.9597758012935836,0.0737524868570991,-32.49856789928241,0.4251754301301765,0.322396153809485,0.1190061176759047,0.3819719708052133,0.1951389634423268,False,0.4228890657524599,0.6618692319583986
152,219.0,0.8351353926475265,0.1798137531711133,-21.50968754447627,0.3871428580509646,1.0,0.1128571419490353,0.1128571419490353,0.0,False,0.8871428580509647,1.0,219.0,0.9979447956431912,0.0218889530152975,-49.50482477132487,0.429723257263749,0.4176978410840858,0.0533919392854817,0.1011206075517805,2.066101664788267e-05,False,0.8988587314315716,0.9997957212032208
153,220.0,0.8220719845535349,0.1766084242455703,-25.01913918931349,0.2282863897957792,0.8114285738159788,0.3147619003064122,0.3147619003064122,0.0,False,0.6852380996935878,1.0,220.0,0.9933733048663912,0.0382980093812776,-41.673003019355946,0.3191748313564297,0.2817666631144919,0.0523722411400403,0.2674368123680584,0.0216682775772545,False,0.7108949100546871,0.9250505150865616
154,221.0,0.8818445297113914,0.1347378057942674,-32.495443398577805,0.2390829650531954,0.6045941567719395,0.3554518363451282,0.3554518363451282,0.0399540068829322,False,0.6045941567719396,0.8989544348744292,221.0,0.9785150871929506,0.0575220320752423,-35.978221332593975,0.4733454315009019,0.3670346402578437,0.0911170196640777,0.3730189686283682,0.0841858978271452,False,0.5427951335444865,0.815868325112553
155,222.0,0.9085298505296664,0.1264706043496604,-30.33056361583551,0.3175038415928287,0.8141071498480118,0.2415178524550676,0.2415178524550676,0.0,False,0.7584821475449324,1.0,222.0,0.9957729106195018,0.02954824173686,-45.30423453467392,0.4396861681127866,0.3813259529696696,0.0783347389532819,0.2833096186358396,0.0388657765628706,False,0.6778246048012898,0.8793645413582899
156,223.0,0.9069101421916466,0.124470360447762,-27.82247364581345,0.3485465654550529,0.964464288947304,0.1638392845833674,0.1638392845833674,0.0,False,0.8361607154166326,1.0,223.0,0.9889969840019666,0.0442099713142169,-39.663268879958174,0.3891846629536853,0.3526647258253118,0.0968669548556191,0.1779600750220889,0.0106747969883284,False,0.8113651279895827,0.9434102672821869
157,224.0,0.8549786037383815,0.1574103811867142,-23.128222865912942,0.3405952418392949,1.0,0.159404758160705,0.159404758160705,0.0,False,0.840595241839295,1.0,224.0,0.9936568923631858,0.0350152799347333,-42.92759040476749,0.3624550683191577,0.3496492710763406,0.0715476994405322,0.089069055898481,0.0017901093184582,False,0.9091408347830607,0.9802979774887425
158,225.0,0.9225364706412412,0.1129632948785769,-32.39036473826898,0.311026726811993,0.7694805205233833,0.2606709923560234,0.2606709923560234,0.0,False,0.7393290076439766,1.0,225.0,0.99486355148537,0.0324053557966671,-44.01204194469919,0.4264232529175199,0.3558073867882256,0.0981197692944919,0.2929629599674359,0.0593975582341747,False,0.6476394817983894,0.8314295865571718
159,226.0,0.8733461750066817,0.1480693260779433,-28.202848485808357,0.2110512675710555,0.789659089100561,0.3333414482963215,0.3333414482963215,0.0,False,0.6666585517036785,1.0,226.0,0.9996574636238096,0.0077775001162034,-63.99128439952118,0.3720900206647405,0.2955458353828394,0.0774560317298801,0.3218681870742724,0.0068707272422865,False,0.6712610856834411,0.9790997446816706
160,227.0,0.916174565909996,0.1091695833452539,-38.52820715500184,0.2304291483928925,0.4755032542731746,0.3904301900597833,0.3904301900597833,0.134066555667042,False,0.4755032542731747,0.744390109644516,227.0,0.9309411097716392,0.1023841800696105,-27.906322977472744,0.4312461128544598,0.2601168447326621,0.1478209341297734,0.4175302559986499,0.1750056077600894,False,0.4074641362412607,0.7046497630540963
161,228.0,0.8424484293036543,0.145378270060886,-24.61619738848303,0.5740364993749242,0.8708505479082735,0.0001,0.0001,0.1290494520917264,False,0.8708505479082735,0.0007742967421106561,228.0,0.9474135360175346,0.0839223736968253,-30.6900824208436,0.5244745630270661,0.5522220500451795,0.1144089905484459,0.0098384209880604,0.1220724930485983,False,0.8680890859633412,0.07458382848690029
162,229.0,0.7631394787057907,0.1728574617786082,-42.83655256388974,0.0,0.1897835535535852,0.7507647879005122,0.7507647879005122,0.0594516585459026,False,0.18978355355358525,0.9266224984611756,229.0,0.8734886834229698,0.1283570765639223,-24.74114933604177,0.3572004310424778,0.0,0.1120384651654767,0.7225209737513265,0.0823217751032303,False,0.1951572511454432,0.8977169450549318
163,230.0,0.8610648785528748,0.1456100361193429,-27.09671987529182,0.2590184457199524,0.8101785713201584,0.2901488057010409,0.2901488057010409,0.0,False,0.7098511942989592,1.0,230.0,0.972605269021704,0.0648377236046228,-34.30214766864798,0.3662931145984049,0.3113077732749898,0.0933253681961183,0.2485911721933256,0.0216702457080339,False,0.7297385820986405,0.9198174646003554
164,231.0,0.9317978273305751,0.1048202473877429,-37.5878447801493,0.5039782232748643,0.5685714403115398,0.2134523757069595,0.2134523757069595,0.2179761839815006,False,0.5685714403115398,0.49475717569809496,231.0,0.9890006153309464,0.0444935995369368,-39.5737390309927,0.4152217258756506,0.4425543271074434,0.1093231591782694,0.2357233605969085,0.2881471131141866,False,0.4761295262889049,0.44996496734592756
165,233.0,0.8907876436654802,0.1290249040158159,-28.11707415891467,0.3053316832109842,0.8641071406368749,0.2361607122747123,0.2361607122747123,0.0,False,0.7638392877252878,1.0,233.0,0.98268978292345,0.0517640024890461,-37.45484425513499,0.3899991844183443,0.3373308262351755,0.1006361504295982,0.2250545143537871,0.010984511888012,False,0.7639609737582009,0.9534631536873084
166,234.0,0.8790296351780207,0.1442091420045653,-30.107730238824985,0.2984183085463101,0.7075000044155804,0.2888690453857955,0.2888690453857955,0.003630950198624,False,0.7075000044155805,0.9875864948600449,234.0,0.9966429224620604,0.0240876804839605,-48.1647665339132,0.4006981737148391,0.3552191873700711,0.0743361748689824,0.2894207293419668,0.1068578764791232,False,0.6037213941789099,0.7303465922473572
167,235.0,0.808681770535102,0.1634803407353833,-33.361678973505384,0.3011336400408184,0.427694811811589,0.3712067044926034,0.3712067044926034,0.2010984836958076,False,0.42769481181158897,0.6486167033844832,235.0,0.9422713528178048,0.0899391042302905,-29.72071440255984,0.3779908734558393,0.3441306103728324,0.0825097116121665,0.3351339884438631,0.2452255930252795,False,0.41964041853085743,0.5774592151911978
168,237.0,0.9198760838103056,0.1156111289959267,-26.98496746306079,0.4412770579329239,1.0,0.0587229420670761,0.0587229420670761,0.0,False,0.9412770579329239,1.0,237.0,0.9952321868849006,0.029453780744422,-45.34906198188317,0.4593629239553164,0.4517487931098953,0.1004407239849023,0.0546631954306962,0.0134934878119906,False,0.9318433167573132,0.8020225285326154
169,239.0,0.9232809235877864,0.1050590381549386,-34.275445758263785,0.400334571527047,0.6760714336280658,0.2293452322968318,0.2293452322968318,0.0945833340751023,False,0.6760714336280659,0.7080117535342594,239.0,0.9629082522333834,0.0731278132402384,-32.61765103512253,0.4300317972825578,0.4044935032231284,0.1349504555448059,0.2445314401013533,0.1705925067908505,False,0.5848760531077962,0.5890564539386868
170,240.0,0.8240196078431372,0.169172279656218,-26.552238992227664,0.1422764258504932,0.7321428659820544,0.3958333298161366,0.3958333298161366,0.0,False,0.6041666701838634,1.0,240.0,0.9814998340122209,0.0552252726174404,-36.548684304829685,0.3406466188050273,0.2671054961505079,0.0669400146103191,0.3374182852016404,3.516596766706126e-05,False,0.6625465488306925,0.9998957901673692
171,241.0,0.8741406403901408,0.1404032653260992,-25.98192492227648,0.3531051730738644,0.9287499926870696,0.1720535730898819,0.1720535730898819,0.0,False,0.8279464269101181,1.0,241.0,0.9819766353895888,0.0539273431863646,-36.88164688943878,0.3623520032900911,0.3425419676570871,0.0900428966804895,0.1421947591481829,0.0365358987463408,False,0.8212693421054763,0.7955812439973106
172,242.0,0.9217536611095316,0.1096026401308697,-29.96033990261581,0.4272917512727205,0.9103571474885506,0.1110119001659788,0.1110119001659788,0.0,False,0.8889880998340212,1.0,242.0,0.9842541488840084,0.0521999731241202,-37.33742618540184,0.4178640617418402,0.4043997385948463,0.1122228684874167,0.1398540546353404,0.0769817744387756,False,0.783164170925884,0.6449766868903262
173,243.0,0.9099261636239018,0.1110028634507794,-34.481662258299245,0.3346011353357414,0.6103571383675046,0.2957738085419587,0.2957738085419587,0.0938690530905366,False,0.6103571383675046,0.7590895090513108,243.0,0.963318015061522,0.0710422701394861,-33.02272315023075,0.4180894406111203,0.3637105192305326,0.1325395801149363,0.2935950690182692,0.1603935754358068,False,0.5460113555459241,0.6467013494826924
174,244.0,0.9088762198174206,0.1067451587628918,-39.49516702643617,0.0487222837560356,0.4239285780650513,0.4793452315272218,0.4793452315272218,0.0967261904077267,False,0.4239285780650516,0.8320934059133915,244.0,0.951211162763448,0.0781307944001033,-31.69119407496418,0.4830453697380535,0.0590827152394636,0.149751373310375,0.4926837930129185,0.1170378955445478,False,0.3902783114425338,0.808047019253249
175,246.0,0.9160594802917532,0.1066483311187804,-33.29440816947107,0.324153095487686,0.6905357167030682,0.2761607098858926,0.2761607098858926,0.0333035734110391,False,0.6905357167030683,0.8923831433591183,246.0,0.9705113184731916,0.0656390888606585,-34.13017451196633,0.4971790087072912,0.4038622359535271,0.1353745071118355,0.2978563779680881,0.0805445661682877,False,0.6215990558636242,0.7871449122514361
176,248.0,0.9349334528928116,0.1014834314312957,-31.58348205235657,0.3447015057944892,0.8953571445096712,0.1913690440636622,0.1913690440636622,0.0,False,0.8086309559363378,1.0,248.0,0.9991338744325324,0.0128748087207038,-56.93475764861882,0.4136659511449237,0.3659002919136388,0.1056210380236625,0.2134789620450654,0.0288337855460858,False,0.7576872524088487,0.8810059073130714
177,250.0,0.9200807141044308,0.1146263165333852,-29.390887656947463,0.401568553581569,0.937321431323144,0.123601188582559,0.123601188582559,0.0,False,0.876398811417441,1.0,250.0,0.9940771426805112,0.0341931687030454,-43.260211605465,0.4036607593891817,0.3854585272088448,0.0971991745780068,0.1482650358170334,0.0625689753395637,False,0.7891659888434028,0.7032311105958585
178,252.0,0.9094655830819572,0.1130628138746763,-31.602019105434067,0.3375999753832675,0.7476461046134393,0.247594693487107,0.247594693487107,0.0047592018994536,False,0.7476461046134395,0.9811407630852562,252.0,0.9748664393946862,0.0597315585530166,-35.45052690984819,0.423611062044416,0.3688299591783062,0.1176172619383695,0.2502862838487412,0.0778649626732906,False,0.6718487534779682,0.7627162368006949
179,253.0,0.9042441480800758,0.1189815656027539,-34.06707105448808,0.2203290318906517,0.607857146162195,0.3660714234582691,0.3660714234582691,0.0260714303795358,False,0.607857146162195,0.9335154775246287,253.0,0.9793423118987592,0.0552686222331602,-36.537699179325045,0.4042133068449299,0.2954928211787238,0.1113928027268408,0.362666003201871,0.1001226913811871,False,0.537211305416942,0.783653549550533
180,255.0,0.8598810978249366,0.1632583746561301,-29.935837685830712,0.1502080001256131,0.6582142938454718,0.401130947267379,0.401130947267379,0.0,False,0.598869052732621,1.0,255.0,0.998043447972904,0.019332350833477,-51.24365528294528,0.4195038868684227,0.3210660060939128,0.0557124680254086,0.4211244150552966,0.0366828569711923,False,0.542192727973511,0.9198727079873257
181,256.0,0.8583281452402739,0.1451088032660615,-26.33573231136831,0.2713031027088714,0.8457857106669263,0.2705357124692351,0.2705357124692351,0.0,False,0.7294642875307649,1.0,256.0,0.9697019423331456,0.0671058641080863,-33.82077383363945,0.3594857904721634,0.3126257634759467,0.0917339006033951,0.2193747940106304,0.0073986148816798,False,0.7732265911076898,0.9673744160842366
182,258.0,0.907077945629314,0.1205501437561955,-34.39831604991803,0.0631163742680717,0.6035714272040488,0.461904759903075,0.461904759903075,0.0,False,0.538095240096925,1.0,258.0,0.9919382673455936,0.0370320084165314,-42.14361707166309,0.3592595496857619,0.1488236569925499,0.1033425777108621,0.4543537386951418,0.0285816866007232,False,0.517064574704135,0.9408167529163698
183,259.0,0.936419952740282,0.1004695888427707,-35.30273052084026,0.3324768816820911,0.6950000030085305,0.2689285662306798,0.2689285662306798,0.0360714307607896,False,0.6950000030085307,0.8817330127324607,259.0,0.9989120563260476,0.0142652477772469,-55.49900494824061,0.4213366889908279,0.3635320255675259,0.1065007474303976,0.2904483122406663,0.1226131039713304,False,0.5869385837880033,0.7031601133415925
184,260.0,0.8263141764330898,0.1485409273375486,-29.770522759892412,0.5832318304301468,0.5864285732820365,0.1579761897881783,0.1579761897881783,0.2555952369297851,False,0.5864285732820367,0.3819804260701762,260.0,0.8922168144349192,0.1174898232936528,-25.979649831818318,0.5731677938356285,0.5896476607303069,0.1354172715830737,0.1886318152808679,0.241411433736512,False,0.5699567509826201,0.4386345227180731
185,261.0,0.8121656732808361,0.1962377861358076,-18.79799424709851,0.4285714322717782,1.0,0.0714285677282217,0.0714285677282217,0.0,False,0.9285714322717783,1.0,261.0,0.9999126036162878,0.0042347602004952,-72.5020000603734,0.416511282555872,0.416511282555872,0.0515717211498342,0.0003107067562973,1.219927946571886e-05,False,0.999677093964237,0.9622203424073748
186,263.0,0.6020772095878915,0.2239927420238625,-24.471948093018216,0.0,0.4828571441185095,0.5223809469695311,0.5223809469695311,0.0,False,0.4776190530304689,1.0,263.0,0.790320570096817,0.1737425652875749,-20.50252819230357,0.3106414379764109,0.2881144001277552,0.0243457823369277,0.334168345971754,0.0816666666669614,False,0.5841649873612846,0.8036080075394835
187,264.0,0.9506389558569042,0.0886575390861798,-37.6893368019381,0.4147348842071752,0.6701785702832563,0.2220535682554434,0.2220535682554434,0.1077678614613002,False,0.6701785702832563,0.6732539133256044,264.0,0.9971138734534538,0.0222814737638218,-49.25599606210692,0.4584960850134959,0.4265810571991389,0.1125948494463886,0.2629541963096267,0.1771435815141876,False,0.5599022221761857,0.5974903977245164
188,265.0,0.9103689601926812,0.108944060494758,-32.504961228022424,0.317582981328283,0.7048214315759872,0.2761607084560295,0.2761607084560295,0.0190178599679833,False,0.7048214315759871,0.9355716776135833,265.0,0.9925014045029192,0.0325085724224364,-43.96752040615648,0.335389279904355,0.3045274803188809,0.127232813669037,0.2477388178412015,0.1244596800087857,False,0.6278015021500128,0.6656093973303767
189,266.0,0.8511690242449343,0.1591681301235901,-33.51759444363887,0.0294661225887444,0.491980521719893,0.4855032416357271,0.4855032416357271,0.0225162366443798,False,0.4919805217198931,0.9556783989452368,266.0,0.9971957254407549,0.0219617528073439,-49.45833986277462,0.3588016431385288,0.1906563749026404,0.0693198119921278,0.4674206926522748,0.1042080767061446,False,0.42837123064158056,0.8176997340020081
190,267.0,0.9087140443126492,0.1181331897345742,-28.52587328343745,0.3893169009698705,0.9271428578399916,0.1390476158293852,0.1390476158293852,0.0,False,0.8609523841706148,1.0,267.0,0.987121505278049,0.0460407960898468,-39.095183656179366,0.4068637042050212,0.3833746530209352,0.1029680458272452,0.1481428862254972,0.0409369053818586,False,0.8109202083926442,0.7834940210486988
191,269.0,0.8826716303100293,0.131672202233076,-29.42769537300152,0.1940768803469915,0.7557142882358814,0.3533333285055329,0.3533333285055329,0.0,False,0.6466666714944671,1.0,269.0,0.9935414554797604,0.0310223033414678,-44.622684187814265,0.3436385368553199,0.2577835556591983,0.1005841284974543,0.3138373622330387,0.0118540863991281,False,0.6743085513678332,0.9636033231793076
192,271.0,0.9532859282428215,0.0842033634933895,-33.82575068690705,0.4641196905121058,0.9091071396549196,0.078065475701013,0.078065475701013,0.0128273846440674,False,0.9091071396549196,0.8588735727386351,271.0,0.9868484306723454,0.0451695449895329,-39.36265083717596,0.4608446657226528,0.4534551349331708,0.1261137671650893,0.1334326428657296,0.1009295678169361,False,0.7656377893173344,0.5693436773661513
193,272.0,0.9265949708748368,0.1089833978005435,-27.97275860525381,0.4163095214320447,1.0,0.0836904785679552,0.0836904785679552,0.0,False,0.9163095214320448,1.0,272.0,0.99796435006244,0.0184390899935001,-51.90595376330567,0.4255453411402805,0.4132589405863043,0.1043138384531038,0.0755537228143054,0.0087791995458825,False,0.9156670776398121,0.8958983123057643
194,274.0,0.8056779836602221,0.1657673851431245,-24.153747881847007,0.2647230127133007,0.8176785682479162,0.2835416659823133,0.2835416659823133,0.0,False,0.7164583340176867,1.0,274.0,0.9427048300734094,0.0902496390629345,-29.672459535117312,0.3516475632519839,0.3204679891816925,0.0733145742364455,0.1874480484144662,0.0117831935755815,False,0.8007687580099523,0.9408566976851447
195,275.0,0.7947006367903733,0.1831922462374318,-23.572515823877094,0.2348944811927206,0.8235714334889895,0.3065476154054586,0.3065476154054586,0.0,False,0.6934523845945414,1.0,275.0,0.987288761466264,0.0456856049202924,-39.20360830107322,0.3294264206973188,0.2990427912902621,0.0515125574082465,0.229603020367946,0.0100016914565355,False,0.7603952881755185,0.9582575343348754
196,276.0,0.8849942949480527,0.1370860763297547,-34.80488656241763,0.0,0.5205519481542035,0.5397781345568388,0.5397781345568388,0.0,False,0.46022186544316124,1.0,276.0,0.9816021117492888,0.0550237808090513,-36.59985732392605,0.3985077194302034,0.0,0.0982731051664319,0.5423198382186637,0.0101669764866143,False,0.447513185294722,0.9815977934386761
197,277.0,0.9020199039669736,0.13150522855827,-28.554471186320328,0.4663692850299892,0.8897889574255496,0.0850297600978668,0.0850297600978668,0.0251812824765834,False,0.8897889574255499,0.7715176094122072,277.0,0.9880197501731725,0.0469143833801738,-38.83203356133994,0.4815072046520781,0.4715391298469832,0.0739841378493967,0.1544400585684066,0.1040050483538492,False,0.7415548930777442,0.5975739312985503
198,278.0,0.8779553885637766,0.1356851738345741,-30.581285659789188,0.3019767387024302,0.6805357143998738,0.2944940443949976,0.2944940443949976,0.0249702412051284,False,0.680535714399874,0.9218371432092296,278.0,0.972001821967064,0.0652963410773465,-34.203469874861334,0.3687996054871946,0.322450954004959,0.1026866332363675,0.2742164286556245,0.1204978698275287,False,0.6052857015168467,0.6947212951479343
199,280.0,0.8449912052087936,0.1692799246260525,-21.389803069652665,0.4657575777680111,1.0,0.0342424222319888,0.0342424222319888,0.0,False,0.9657575777680112,1.0,280.0,0.99576405550341,0.02832987645313,-45.89373656596056,0.4398658924294508,0.4426433090858701,0.0573226013320303,0.0071143893386443,0.0300549535162805,False,0.9628306571450752,0.19140476511549812
200,282.0,0.8750929826223917,0.1316790758559763,-32.15112374923158,0.1757882258234203,0.6003571513945557,0.3944642814959485,0.3944642814959485,0.0051785671094958,False,0.6003571513945557,0.9870420123178322,282.0,0.9949150527084856,0.0303450668286522,-44.93169844361958,0.3062008944838404,0.2230251879066601,0.1043166439703289,0.3506252083856958,0.1049080274486227,False,0.5444667641656815,0.76970280279005
201,285.0,0.900927467487592,0.1215090376562233,-32.14489599853052,0.2787056435320227,0.6842857168781935,0.3092857089176916,0.3092857089176916,0.0064285742041149,False,0.6842857168781935,0.9796380000912576,285.0,0.9801873217325268,0.056323597320295,-36.27298374816608,0.4020123703694189,0.326897202606055,0.1029659236754787,0.3097983493726017,0.0818647314609488,False,0.6083369191664494,0.7909817507263601
202,287.0,0.911591024720554,0.1194310851341109,-29.40932744149002,0.3676342165278248,0.8858928582711115,0.1743154731219045,0.1743154731219045,0.0,False,0.8256845268780955,1.0,287.0,0.9949318160893084,0.0319256523633771,-44.22083620233611,0.3911462498802071,0.363399982514434,0.0935710806679707,0.1832666824402871,0.0594813551494315,False,0.7572519624102814,0.7549666899883899
203,288.0,0.8375592791863709,0.1764270404292355,-21.104568072570245,0.3836904787332098,1.0,0.1163095212667901,0.1163095212667901,0.0,False,0.8836904787332099,1.0,288.0,0.9999638363177028,0.0030383201481617,-77.1503069879,0.3865770572236713,0.3801518577427938,0.0567622625223078,0.0560385849898589,0.0016857778755992,False,0.9422756371345419,0.9707960765278891
204,290.0,0.858688672855001,0.1371717029966451,-31.99140449786088,0.1735080565728948,0.5655357215458918,0.4018749960320225,0.4018749960320225,0.0325892824220857,False,0.5655357215458918,0.9249897309439491,290.0,0.9471992701634376,0.0839206406771407,-30.690371527610125,0.3857140297472397,0.2732676172480031,0.1125132860551807,0.3675204195445715,0.0948620777494276,False,0.537617502706001,0.7948406821093166
205,292.0,0.940159588359332,0.0950592445148764,-29.836669753037903,0.4424999987102084,1.0,0.0575000012897915,0.0575000012897915,0.0,False,0.9424999987102085,1.0,292.0,0.9946017608981774,0.0285787097139956,-45.77130555552065,0.4534652284578123,0.4429431046340027,0.1138411918000595,0.0696558393294217,0.0168194057129007,False,0.9135247549576776,0.8055003405348083
206,293.0,0.9638476127976116,0.0710933648019926,-40.61873771035567,0.4426763509345458,0.6396428596926612,0.216845232969915,0.216845232969915,0.1435119073374238,False,0.6396428596926612,0.6017508985252065,293.0,0.991024115227897,0.0367755314090979,-42.24091587244716,0.4598032416516142,0.4382225364427207,0.1364589020680166,0.251819220449933,0.1975461429276408,False,0.5506346366224262,0.5603885857093639
207,294.0,0.8228901507734483,0.1792934319530702,-27.972901920126823,0.2974706445484746,0.65892856767741,0.3039880942615977,0.3039880942615977,0.0370833380609922,False,0.6589285676774101,0.891273983844187,294.0,0.9966831522425584,0.0270650725745569,-46.53315704143951,0.3555489953482473,0.3284771818785958,0.0538193027759891,0.2866005470651422,0.1458369160097192,False,0.5675625369251385,0.6627560550079523
208,299.0,0.9499827025682992,0.0889043825622112,-32.64680648466184,0.4504647843886623,0.9541071512943072,0.0702083278085291,0.0702083278085291,0.0,False,0.9297916721914709,1.0,299.0,0.9980547259727972,0.0178880220590149,-52.33073528370812,0.4536672201338053,0.4438281185388396,0.1126204119208306,0.1218591301402595,0.0780355975154236,False,0.8001052723443169,0.6096165295072753
209,300.0,0.925238356740224,0.1045556912900768,-35.792594718476735,0.4324625110148725,0.6151785768645245,0.233958327926612,0.233958327926612,0.1508630952088635,False,0.6151785768645245,0.6079659651491063,300.0,0.9694477550017684,0.0696120064155354,-33.30745508768419,0.4142827688539233,0.4038061772133731,0.1207663373091655,0.2508150222215372,0.2134970693664393,False,0.5356879084120235,0.5401862815239941
210,301.0,0.8814709953851027,0.1396860213294716,-25.533527705554395,0.3351628564596872,0.9923214325636768,0.1674107141357891,0.1674107141357891,0.0,False,0.8325892858642109,1.0,301.0,0.9887361121871352,0.0446002205707114,-39.54023064211382,0.3819413111351687,0.3567051729089037,0.0825736436066028,0.1400929982405648,0.0004872759440077,False,0.8594197258154276,0.9965338242023349
211,302.0,0.9290278204595168,0.0993478334689935,-32.33979573624079,0.2604764048726546,0.8096428589961134,0.2891071388578747,0.2891071388578747,0.0,False,0.7108928611421252,1.0,302.0,0.996731857001366,0.0228586358055077,-48.89796817823965,0.3579554988648898,0.2843081019614986,0.121503129281568,0.272483898773848,0.0179550696184389,False,0.709561031607713,0.9381795434757655
212,303.0,0.9163849674663452,0.1092117431925783,-40.61024849112077,0.0,0.41035714710869,0.5516071396709321,0.5516071396709321,0.0380357132203779,False,0.41035714710869,0.9354936415596831,303.0,0.9635460550295624,0.0747666348597322,-32.3073697215621,0.3679527378584746,0.0,0.1304122256866558,0.5545864094523129,0.0912821883284615,False,0.3541314022192257,0.8586675546045898
213,304.0,0.8768664484483181,0.1396534160016156,-29.80830079695724,0.3311288607719563,0.7155357171628962,0.2630654731342054,0.2630654731342054,0.0213988097028983,False,0.7155357171628962,0.9247750561529998,304.0,0.9920849866231248,0.0384901856918178,-41.60292782193295,0.3388253344163606,0.3143872719867072,0.0914586024133335,0.2378708502285909,0.1379637173783943,False,0.6241654323930148,0.6329137091970086
214,307.0,0.9279965451805712,0.0989512728807525,-35.69177334503039,0.4335404363852761,0.6323214301629629,0.2258630912313871,0.2258630912313871,0.1418154786056499,False,0.632321430162963,0.6142949569551863,307.0,0.9744339147179236,0.0592810559182821,-35.55651680072776,0.4969827592769881,0.4568034687140547,0.1339388483738662,0.2616691369624532,0.172725859204615,False,0.5656050038329318,0.6023760385624132
215,308.0,0.916196703555859,0.1185385993074757,-31.168985113043696,0.2885312672249811,0.804464291596833,0.267886898508319,0.267886898508319,0.0,False,0.7321131014916811,1.0,308.0,0.9954914280495047,0.0308594159381171,-44.69638701767266,0.4084584315057311,0.335536965694633,0.0941318357770769,0.292977856702979,0.0329406594789932,False,0.6740814838180278,0.8989297697323793
216,309.0,0.8764805414551607,0.1438457853999353,-23.14618883184804,0.4285714281335039,1.0,0.071428571866496,0.071428571866496,0.0,False,0.928571428133504,1.0,309.0,0.9779010054005732,0.0626361694966926,-34.78577332341463,0.4336621829437316,0.4336621829437316,0.0997630716605953,0.0127811424437681,0.0034127162920151,False,0.9838061412642168,0.7892586104586611
217,310.0,0.8370131853562888,0.1435393451042708,-28.269853460173024,0.3058627403050855,0.678214289463506,0.2925595189106256,0.2925595189106256,0.0292261916258683,False,0.6782142894635061,0.9091749861199826,310.0,0.9222607705135633,0.0991325036046182,-28.358170648788025,0.3608093412726083,0.3262472541447208,0.1192697996847078,0.234680176363416,0.1057544348695139,False,0.6595653887670702,0.6893546326370579
218,312.0,0.928959955388324,0.1026840894424102,-29.24997263515526,0.3819047609302619,1.0,0.1180952390697381,0.1180952390697381,0.0,False,0.8819047609302619,1.0,312.0,0.9951770377427064,0.0297285891585584,-45.21904537539518,0.388776722926814,0.3662352751646358,0.1141271388911165,0.1207368745310518,0.0067567679138009,False,0.8725063575551474,0.9470030992586667
219,313.0,0.9372949852838752,0.1016437214877629,-32.17619481146022,0.5137358923672867,0.8753571416291428,0.050297617705075,0.050297617705075,0.0743452406657821,False,0.8753571416291429,0.403533891652433,313.0,0.9954981105238848,0.0278142918506785,-46.15087413054791,0.4616019618070621,0.4800476045466437,0.1064550095304299,0.1062583662213896,0.1655267673662107,False,0.7282148664123997,0.3909646006709966
220,314.0,0.8639672141152057,0.1375856040135722,-31.175772111620887,0.2018259555551713,0.6128571528711713,0.3763095195029541,0.3763095195029541,0.0108333276258745,False,0.6128571528711714,0.9720172341908992,314.0,0.9637369328392652,0.0721226992347604,-32.81141036095658,0.4173627912004215,0.2958962562934198,0.109246493568308,0.3668039236462683,0.059497744316878,False,0.5736983320368536,0.8604327667748615
221,315.0,0.928533874443195,0.1002668628999664,-37.17550444128358,0.2520378626946239,0.5710357228680882,0.3560773768860474,0.3560773768860474,0.0728869002458643,False,0.5710357228680882,0.8300863168998786,315.0,0.9793448492701892,0.053904695234059,-36.88752772674065,0.438296415717366,0.3193135255555553,0.1281444053150339,0.3675107838255317,0.128993474377132,False,0.5034957417973362,0.7401966403186833
222,317.0,0.8256343588742474,0.1627369916958803,-24.605138411113952,0.3044640584861688,0.8461039003481928,0.2423917725990123,0.2423917725990123,0.0,False,0.7576082274009877,1.0,317.0,0.9701888705529608,0.0673031879758905,-33.7796674335704,0.3455383818564916,0.3246132611845818,0.0700332521540696,0.1665253223222879,0.0427968756388377,False,0.7906778020388744,0.7955454507181041
223,320.0,0.749860568542938,0.190899874953223,-39.5672019645017,0.2009525246737868,0.2312175390216552,0.4535362517847385,0.4535362517847385,0.3152462091936062,False,0.23121753902165526,0.5899409453326665,320.0,0.94840687511556,0.0974392358319654,-28.59936844497605,0.3598207458949661,0.2772711025943767,0.0868341829605558,0.4386411938095098,0.331964606613579,False,0.22939419957691115,0.5692160551720229
224,321.0,0.870689576943799,0.1356305699225241,-24.37188138180457,0.4189285699487005,1.0,0.0810714300512994,0.0810714300512994,0.0,False,0.9189285699487006,1.0,321.0,0.9640696401087936,0.0719750028268822,-32.84010964491212,0.4228370540442671,0.4189603712430634,0.1027199022479524,0.0389202681475847,0.0085134093872805,False,0.9525663224651348,0.8205197271279908
225,322.0,0.8727685322671724,0.1547234465275419,-24.48348472547649,0.3600108210784515,1.0,0.1399891789215484,0.1399891789215484,0.0,False,0.8600108210784516,1.0,322.0,0.9988737039143002,0.0155211632971216,-54.31771137254414,0.4200501686927004,0.3968048858299115,0.0626449960709176,0.1560334120097899,8.058210203931715e-05,False,0.8438860058881708,0.9994838252489934
226,323.0,0.8666433347944631,0.1457485706296022,-26.351213508005134,0.3453061247397375,0.8749999993753808,0.1978571410684145,0.1978571410684145,0.0,False,0.8021428589315855,1.0,323.0,0.985463785886272,0.0511445406158642,-37.62339335151948,0.3624076642844752,0.3374775090337762,0.0857357459868433,0.1754594339147854,0.051295596628696,False,0.7732449694565185,0.7737840853816921
227,324.0,0.8180403235680789,0.1639551968770189,-32.08458867693185,0.0,0.4832142832638917,0.5864880956383208,0.5864880956383208,0.0,False,0.4135119043616792,1.0,324.0,0.962728655395042,0.0772975039996283,-31.841310591729616,0.3159023414087221,0.0,0.0674677211053965,0.5375834975093357,0.0033516266096262,False,0.45906487588103817,0.9938040137159052
228,325.0,0.9196568371607516,0.1100927217381238,-29.68260082583599,0.3107686349181083,0.9153571441787298,0.215535709841038,0.215535709841038,0.0,False,0.784464290158962,1.0,325.0,0.994799981018994,0.0284967538494168,-45.81151137501132,0.3760693546275399,0.3303501708160036,0.1113596847974082,0.2003820920949088,0.0105094749708825,False,0.7891084329342087,0.95016645228112
229,326.0,0.8942655740671881,0.1297449327114374,-41.40737165144736,0.2091417658774751,0.3405357236110027,0.4287797574196311,0.4287797574196311,0.2306845189693662,False,0.34053572361100276,0.6501940632288433,326.0,0.9879286693713434,0.0467307117732012,-38.88695167084146,0.3562137881483518,0.2620192010364062,0.0981858189190873,0.4244530559804852,0.2829266985007652,False,0.2926202455187496,0.6000356290826467
230,327.0,0.7156830760668814,0.1971493081811324,-20.82984410709656,0.2461956985154818,0.8078538948064014,0.3011098460696854,0.3011098460696854,0.0,False,0.6988901539303146,1.0,327.0,0.8789734544192492,0.128740297090737,-24.699413465523115,0.2918555091228185,0.286127610340856,0.0310863526705723,0.1091629417140245,0.0300000001100945,False,0.860837058175881,0.7844253670060383
231,328.0,0.864642023428109,0.1218814978028849,-38.12265849252903,0.2450291461643075,0.3742045554632962,0.4083089772840342,0.4083089772840342,0.2174864672526695,False,0.37420455546329623,0.6524639654197519,328.0,0.9033087831542724,0.103012368755401,-27.820686981415296,0.4318795074773324,0.2993606865069952,0.1745322296189265,0.4023577244262398,0.239207143715987,False,0.35843513185777326,0.6271504946823899
232,335.0,0.94677135510438,0.0930772344557594,-30.67677137737577,0.5250117151350587,0.9521692289693026,0.0001,0.0001,0.0477307710306974,False,0.9521692289693026,0.0020907043278859294,335.0,0.9959725732866672,0.0266647134012044,-46.74179856359496,0.5036222621701727,0.5286213105261469,0.115249192882739,0.0112767151420231,0.1094985922883542,False,0.8792246925696227,0.09336937642260798
233,337.0,0.8419275495204412,0.1666729700156871,-22.37883503700563,0.3404761906019762,1.0,0.1595238093980238,0.1595238093980238,0.0,False,0.8404761906019762,1.0,337.0,0.999290163566294,0.0129060701143342,-56.90080537506517,0.3445790584778002,0.3325102818626143,0.0620840563280446,0.0918629638976386,2.3712700720213142e-05,False,0.9081133234016412,0.9997419353752028
234,338.0,0.8954671016171889,0.1266778962601912,-30.65461749623392,0.4687374142290612,0.7387500021574425,0.153720234227007,0.153720234227007,0.1075297636155505,False,0.7387500021574425,0.5884028152974248,338.0,0.988392947076804,0.0425821768280342,-40.188472966013535,0.4341953113870843,0.4405752261002276,0.1016624779723821,0.1666496145268796,0.1808657942486947,False,0.6524845912244257,0.47954597211688543
235,340.0,0.9047860098525492,0.1265564131618393,-28.522492986706062,0.3891078736771392,0.9060714292035096,0.1474404727830157,0.1474404727830157,0.0,False,0.8525595272169844,1.0,340.0,0.9928383940695866,0.035600061883424,-42.695710639581264,0.4113067912405098,0.3893300444337386,0.0883116657422445,0.1681116202744579,0.0659845486681753,False,0.7659038310573668,0.718130591516236
236,341.0,0.7535821709927162,0.1725887842401438,-35.39367736708476,0.0,0.3146428618718064,0.528749994870824,0.528749994870824,0.1566071432573696,False,0.31464286187180646,0.7714955684490489,341.0,0.8167726748082683,0.1519618812562994,-22.377757991133954,0.3424025395768481,0.0563278459374346,0.1468063325883243,0.487413333309658,0.1997300497018588,False,0.3128566169884832,0.7093327904483201
237,342.0,0.9790909636991392,0.04602809953626,-51.89797885249435,0.3126669927115772,0.378750007462427,0.3815773741772355,0.3815773741772355,0.2396726183603374,False,0.37875000746242715,0.614209060379438,342.0,0.9476814040822624,0.0728881502035358,-32.663608825596604,0.5381075397118681,0.3441591334230334,0.2178607952658464,0.4145947586088984,0.2587850142154846,False,0.326620227175617,0.615692325995994
238,343.0,0.822183841441004,0.1820825542646263,-19.846131398429318,0.3873917772895889,1.0,0.1126082227104111,0.1126082227104111,0.0,False,0.887391777289589,1.0,343.0,0.998014294983656,0.0210212231288795,-50.07111816976511,0.3774598323036527,0.3774598323036527,0.0548928642040297,0.0010308908245685,1.1875709959530134e-05,False,0.9989572334654719,0.988611343415518
239,344.0,0.9114449724020476,0.1264900111078467,-28.394863539871707,0.3437480458536607,0.9516071427428804,0.1728869042617493,0.1728869042617493,0.0,False,0.8271130957382506,1.0,344.0,0.9937624037971704,0.0336046286489657,-43.50328049727347,0.4426413365120796,0.3913010451871432,0.0894611329458271,0.2238429383716243,0.0015361580903634,False,0.7746209035380123,0.993184114611878
