,subID_linear,r_squared_linear,nrmse_linear,aic_linear,PSE_linear,slope_linear,intercept_linear,bias_xmin_linear,bias_xmax_linear,flipped_linear,range_linear,bias_linear,subID_sigmoid,r_squared_sigmoid,nrmse_sigmoid,aic_sigmoid,center_sigmoid,PSE_sigmoid,sigma_sigmoid,bias_xmin_sigmoid,bias_xmax_sigmoid,flipped_sigmoid,range_sigmoid,bias_sigmoid
0,2.0,0.9530961137861896,0.0828354236051966,-34.622905060840395,0.3716399276989922,0.8569642893253052,0.1815178534745253,0.1815178534745253,0.0,False,0.8184821465254747,1.0,2.0,0.9822749213187216,0.0532147064167174,-37.067886782042095,0.4372722887571857,0.3796859124270649,0.1327831798949945,0.2265594960192537,0.0467206400170829,False,0.7267198639636634,0.8290375557670584
1,4.0,0.9448580711228168,0.0870018301043799,-40.9330132446722,0.3092833069638636,0.5014123463913642,0.3449215313555686,0.3449215313555686,0.1536661222530672,False,0.5014123463913642,0.6917971772046992,4.0,0.9821782740800176,0.0494609315373556,-38.092010560743226,0.493090572387719,0.375675985584425,0.1383468137958471,0.3736904853240081,0.1865967672548578,False,0.43971274742113403,0.6669623190675885
2,5.0,0.933279267508778,0.1064809226771258,-37.60833612513973,0.2809553492667316,0.5744642907906367,0.3386011845396514,0.3386011845396514,0.0869345246697119,False,0.5744642907906368,0.7957056886454148,5.0,0.999750447432212,0.0069149809947867,-65.63691087182391,0.4922106796085539,0.3859766740270964,0.0933276524322675,0.3857841073036883,0.137908961009235,False,0.4763069316870767,0.7366607095764919
3,6.0,0.9562913666603958,0.0788388360826267,-46.61115604602225,0.2565537283000982,0.3776785719250369,0.4031051542735749,0.4031051542735749,0.219216273801388,False,0.3776785719250372,0.6477442943279434,6.0,0.9887929222821648,0.0412296975484968,-40.64035055206438,0.4755951771768723,0.3260227501709418,0.1302843788750511,0.4264223815651949,0.2468242211390576,False,0.32675339729574754,0.6333821512836004
4,7.0,0.9068074359323,0.1254227786955965,-31.22207928648914,0.3712013887675238,0.7560714338254332,0.2193452337565462,0.2193452337565462,0.0245833324180205,False,0.7560714338254333,0.8992191328652032,7.0,0.984764545607898,0.0565194055152791,-36.22439735091904,0.4929899701661535,0.4338434714587724,0.0834563602510249,0.2892473188243044,0.0698110666355124,False,0.6409416145401833,0.8055718249105613
5,9.0,0.9531134431874674,0.0860486713107917,-34.745741190530495,0.5162533302241636,0.8496428638423802,0.0613690420401755,0.0613690420401755,0.0889880941174442,False,0.8496428638423803,0.4081551671471197,9.0,0.9989177690000588,0.0135970401397627,-56.170644053920455,0.4654185862938038,0.4854443638317106,0.1121546259619453,0.1138317209270971,0.1736601575402929,False,0.7125081215326099,0.39594760566430737
6,10.0,0.8958635816008156,0.1317329497097195,-25.532366300186226,0.4516666650604702,1.0,0.0483333349395297,0.0483333349395297,0.0,False,0.9516666650604703,1.0,10.0,0.9859183696833896,0.0484902843047262,-38.36948554608064,0.455693720899877,0.449810373020155,0.0878198517049615,0.0601077371998682,0.0260353999831514,False,0.9138568628169804,0.6977658251772672
7,12.0,0.7784892152827326,0.181412191928286,-23.78601384956893,0.1394023452693412,0.7728571430941567,0.3922619016945117,0.3922619016945117,0.0,False,0.6077380983054883,1.0,12.0,0.99916498927723,0.0119690425444289,-57.95604450763772,0.251882720752006,0.2043152542330538,0.0716821874419996,0.2644067689444667,2.2223803875398573e-05,False,0.7355710072516579,0.9999159554947269
8,13.0,0.862489710118539,0.1364504168044219,-26.95091325713576,0.3486162599486481,0.8235714298618215,0.2128896083210114,0.2128896083210114,0.0,False,0.7871103916789886,1.0,13.0,0.9382450472863896,0.0926975040464688,-29.297792245730243,0.4141226550322791,0.382103450210851,0.1179941786664045,0.1758270765801325,0.0497317443735724,False,0.7744411790462951,0.7795176257647682
9,14.0,0.8941138939912139,0.1339367055996174,-25.75071183298926,0.4092857137296558,1.0,0.0907142862703441,0.0907142862703441,0.0,False,0.9092857137296559,1.0,14.0,0.9977636239498472,0.0195186801921643,-51.10936638745154,0.4219624429967814,0.4092556145853373,0.0870012088498201,0.0935922302409813,0.0228259174237295,False,0.8835818523352892,0.8039316216448564
10,15.0,0.5817678068181813,0.1934717406954117,-35.1692904435263,0.0,0.2156331195386232,0.5996185045999772,0.5996185045999772,0.1847483758613994,False,0.21563311953862338,0.76446178381126,15.0,0.5947639913398675,0.1906935355557844,-19.199227316324126,0.3136100544667929,0.0,0.2713941288024599,0.582935075967449,0.2007600399494783,False,0.21630488408307272,0.7438288999484346
11,16.0,0.915275306979724,0.1145957750843501,-33.02132200133914,0.3467824707409985,0.7005714300876581,0.2570541085436472,0.2570541085436472,0.0423744613686947,False,0.7005714300876581,0.8584822370787801,16.0,0.9864556130238974,0.0498948443391153,-37.9697264198791,0.4059741550490269,0.3580520339103393,0.1042845477346646,0.2723863229610594,0.1220754218838865,False,0.605538255155054,0.6905265884987869
12,18.0,0.9278730390012244,0.1040067569778057,-35.0928381324651,0.4334909121245351,0.659350651235456,0.2141774847860359,0.2141774847860359,0.126471863978508,False,0.6593506512354561,0.628732993510212,18.0,0.9871876272113888,0.0488860903177658,-38.255673243626696,0.4326464960903393,0.4154737819188868,0.1101507027414245,0.2397086298169563,0.1858947426991257,False,0.5743966274839181,0.5632207010011383
13,19.0,0.9285607144093392,0.1018024415953485,-30.37159847582716,0.4057692319869017,0.928571429241873,0.1232142843115455,0.1232142843115455,0.0,False,0.8767857156884545,1.0,19.0,0.9766067508354116,0.0585134419916922,-35.7389828290476,0.4193698134711788,0.3982760864147872,0.1267722454117687,0.1430994738530249,0.0518929529679008,False,0.8050075731790743,0.7338719569065238
14,20.0,0.9530314261441132,0.086037814696867,-38.2727606450792,0.3997170686228612,0.6598214337063869,0.2362581107043494,0.2362581107043494,0.1039204555892636,False,0.659821433706387,0.6945120419504375,20.0,0.9779265812976262,0.0593504009532307,-35.54014963091537,0.4870885211443975,0.4292587488948328,0.1265042147967134,0.2918202977105748,0.1621749899937143,False,0.5460047122957109,0.6427826579130765
15,21.0,0.890404739688702,0.1353689200129746,-27.14972762523518,0.3662801961118824,0.9241071435830784,0.1615178542199985,0.1615178542199985,0.0,False,0.8384821457800015,1.0,21.0,0.9700584345568112,0.0735505415704777,-32.53695456131036,0.4546195749088006,0.4150126359737179,0.1018266120483751,0.1865833142199786,0.0279170048240924,False,0.7854996809559289,0.8698509869425574
16,25.0,0.7362856549552814,0.2038920015110941,-21.27013409450295,0.2022597684953124,0.8244642876677843,0.3332440440436612,0.3332440440436612,0.0,False,0.6667559559563387,1.0,25.0,0.9994967664623304,0.0092539723407558,-61.557833283570034,0.2503879313592411,0.2284832664737264,0.0582139708780515,0.1824530350973871,0.0216687289666994,False,0.7958782359359136,0.8938441029742609
17,26.0,0.887934627265659,0.1394527840626513,-25.359233100857864,0.375692639301297,1.0,0.1243073606987029,0.1243073606987029,0.0,False,0.8756926393012971,1.0,26.0,0.9930472882895454,0.0352720764836465,-42.82529127546675,0.3836806003902316,0.367144783059681,0.0860916789293469,0.1119179315468574,0.0181845769165768,False,0.8698974915365658,0.8602288523769113
18,27.0,0.8460636038573324,0.1622033741242186,-23.486441193172556,0.3874895874155134,0.9874026019555991,0.1173917731552204,0.1173917731552204,0.0,False,0.8826082268447796,1.0,27.0,0.9749273209507002,0.0736202864325018,-32.52368524490187,0.3730254029915439,0.3594066249145922,0.0632638548454548,0.1160095972906277,0.0208763065495336,False,0.8631140961598387,0.8474911881802643
19,28.0,0.8854663762540469,0.1369063068315498,-29.27986919945464,0.327867711083577,0.774220782268455,0.2461580042443051,0.2461580042443051,0.0,False,0.7538419957556949,1.0,28.0,0.988868757969696,0.0427190323058824,-40.143550312436645,0.3948705182468373,0.3609585016184806,0.0769341815455348,0.2385228231658298,0.0877600578394094,False,0.6737171189947607,0.7310307621134429
20,29.0,0.8850652246502342,0.1372548082201383,-25.008264119663096,0.4153463189066004,1.0,0.0846536810933996,0.0846536810933996,0.0,False,0.9153463189066005,1.0,29.0,0.9756398389950776,0.0652198506647534,-34.21987957674755,0.4136879167558342,0.4129363805333094,0.0827435692683425,0.049476230763701,0.0399338135768038,False,0.9105899556594952,0.5533632281321567
21,31.0,0.8278249596487315,0.1401311721369206,-29.32968513220149,0.3084336232226766,0.6083928594507667,0.3123511860167953,0.3123511860167953,0.0792559545324379,False,0.6083928594507667,0.7976136124043076,31.0,0.872068135654853,0.1214283691534663,-25.51803042089243,0.3764484762657368,0.3340345814407105,0.1637512479855062,0.2727010636693545,0.1418301973897929,False,0.5854687389408526,0.6578540372868142
22,33.0,0.8649252674797241,0.1634400647415187,-24.584792102674957,0.3986347709742877,0.9853571455820052,0.1072023799430394,0.1072023799430394,0.0,False,0.8927976200569606,1.0,33.0,0.9944595951143982,0.0360219487857303,-42.53077572945251,0.4584425286363084,0.4391746348927775,0.0464182360739404,0.1842074654365456,0.0216734748692094,False,0.794119059694245,0.8947281140399787
23,34.0,0.6601327218887798,0.1960204176411572,-26.56090368412673,0.1857395562540914,0.471250005682798,0.412470233059739,0.412470233059739,0.1162797612574629,False,0.4712500056827982,0.7800855555419531,34.0,0.7019980879124307,0.1861160472643721,-19.5393884571492,0.3341643612612249,0.2658576589641515,0.17632931404434,0.3426308444755566,0.1703793458350881,False,0.48698980968935535,0.6678831160606815
24,35.0,0.8043886403032485,0.1836362022191688,-22.505494107596107,0.331319043817696,0.9160714382478876,0.1964880870110082,0.1964880870110082,0.0,False,0.8035119129889918,1.0,35.0,0.9859414794003306,0.0492429306510761,-38.15385246445205,0.3790340084144589,0.3595834519669674,0.0570975415823147,0.1602387850715534,0.0208488437418186,False,0.818912371186628,0.8848687573058605
25,37.0,0.8237439783337157,0.1911519073815166,-20.1440215505928,0.4052380962969871,1.0,0.0947619037030129,0.0947619037030129,0.0,False,0.905238096296987,1.0,37.0,0.9998902553932258,0.0054616247999166,-68.94012531528612,0.4276368294773802,0.4207612952777311,0.0474090508359187,0.0676127701652321,5.326804933147855e-06,False,0.9323819030298348,0.9999212221997981
26,41.0,0.8984782638963817,0.1185663563751474,-45.68650504055544,0.0,0.2566071499497341,0.641696425812187,0.641696425812187,0.1016964242380789,False,0.2566071499497341,0.8631996201857436,41.0,0.9363951531232196,0.0942873986735187,-29.05970819840377,0.4300710634260377,0.0,0.1439447039941751,0.6441357025455658,0.1295391774497969,False,0.22632512000463725,0.8325663908713524
27,42.0,0.9086106053132088,0.1288926734106292,-25.786932817684992,0.4832142870020066,1.0,0.0167857129979934,0.0167857129979934,0.0,False,0.9832142870020066,1.0,42.0,0.9986079892264382,0.0160348640784542,-53.86185891397928,0.4785244894650515,0.4792943212600333,0.0853737675874017,0.0392210867338676,0.0420514018125388,False,0.9187275114535935,0.48258749590856265
28,43.0,0.9156642982906378,0.0949681739881162,-40.532488382845074,0.1239525740714134,0.4107142846847809,0.4490909072054221,0.4490909072054221,0.140194808109797,False,0.4107142846847809,0.7620936593808245,43.0,0.9230308669024126,0.092450471459466,-29.335151101649103,0.3617303577007276,0.1351744640750675,0.1930304003829567,0.4548912294338144,0.1812973351144444,False,0.36381143545174127,0.7150257876087744
29,44.0,0.8768233048737546,0.1402230952732534,-28.97135915717072,0.3824359291962614,0.759464287735965,0.2095535694283193,0.2095535694283193,0.0309821428357156,False,0.7594642877359651,0.8711952477073066,44.0,0.9859173770770898,0.0518621751130817,-37.42831780825662,0.4072413864893643,0.3779902938036006,0.0982414819667031,0.2222169687197007,0.1132845122220504,False,0.664498519058249,0.6623427357039936
30,45.0,0.8275332942891511,0.1713830528344991,-22.286160851717607,0.3705952367682775,1.0,0.1294047632317224,0.1294047632317224,0.0,False,0.8705952367682777,1.0,45.0,0.995471121961768,0.0284879384775523,-45.81584289640937,0.3628059046367768,0.3539837664212734,0.0646154772804518,0.0874065733480692,0.0233798777285372,False,0.8892135489233935,0.788964467212958
31,46.0,0.9731693352211724,0.0618026318250312,-41.55338141907613,0.3207335052703626,0.6978896119381406,0.2761634184713071,0.2761634184713071,0.0259469695905523,False,0.6978896119381406,0.9141142753911544,46.0,0.9906767698417148,0.0369713845960344,-42.16655476795695,0.4585677397617252,0.3580582532554558,0.1401327636196428,0.3178318415355886,0.0928490466848668,False,0.5893191117795447,0.7739143716007914
32,47.0,0.8367073241014411,0.1640305060067156,-22.53873232629456,0.364523807358078,1.0,0.1354761926419219,0.1354761926419219,0.0,False,0.8645238073580781,1.0,47.0,0.9583511111058592,0.0856181321812177,-30.410014712068183,0.3909045478408589,0.3828442622426691,0.0605836337321607,0.0739418775135403,0.0117060660968537,False,0.914352056389606,0.8633234424155739
33,48.0,0.909806182308451,0.1221494385624926,-31.4840621448585,0.2715276196081577,0.7555357183914861,0.2948511848562203,0.2948511848562203,0.0,False,0.7051488151437797,1.0,48.0,0.9912367116292388,0.0403078921395927,-40.95691192262576,0.4295040325890215,0.3457360708859491,0.0892225792769383,0.3227265771393705,0.0344165589711293,False,0.6428568638895003,0.9036337101534528
34,50.0,0.883643767529863,0.1432949821083912,-24.910246335947768,0.5110625035949657,0.978158241865828,0.0001,0.0001,0.0217417581341721,False,0.9781582418658279,0.004578386015709373,50.0,0.9892682056848876,0.046893775090575,-38.83818475466318,0.4575475255988738,0.4704867783639778,0.0685038855857936,0.016944248922727,0.0994886223842108,False,0.8835671286930622,0.14552805176520076
35,55.0,0.8686005505609309,0.1412889167387011,-26.56510624289251,0.278919256053895,0.8691071446357134,0.2575892817870819,0.2575892817870819,0.0,False,0.742410718212918,1.0,55.0,0.9684912571286988,0.069330701595143,-33.36414425004384,0.360839688768814,0.308875177495818,0.1000869115212137,0.2236026975548398,0.001341442412626,False,0.7750558600325342,0.99403655319574
36,60.0,0.8740862539601773,0.1386348142332063,-25.585643219656237,0.3322427905440707,0.9551785748219088,0.1826488048332606,0.1826488048332606,0.0,False,0.8173511951667394,1.0,60.0,0.976417426730548,0.0600283405082651,-35.38113881063448,0.3684143611365132,0.3398172319560558,0.0964130048993966,0.1470148003009105,0.0012437670076175,False,0.851741432691472,0.9916108253964899
37,63.0,0.9008520701523206,0.1342262531122299,-26.226718711613564,0.3952380937425258,1.0,0.1047619062574741,0.1047619062574741,0.0,False,0.8952380937425259,1.0,63.0,0.9998317910729752,0.005823474361739,-68.04201516376399,0.4417241556110022,0.4194364178572574,0.0751106879812551,0.1357278183683273,0.007175127313321,False,0.8570970543183517,0.9497902070590947
38,65.0,0.9185805850582768,0.1170332929618164,-36.068754258853886,0.2943152490677569,0.575892863870619,0.3305059483335749,0.3305059483335749,0.093601187795806,False,0.5758928638706191,0.7792982484330294,65.0,0.9950776320339316,0.0300750981010016,-45.05680857347236,0.4255251597501007,0.3515444272023406,0.093711690683152,0.3526531036186708,0.1652270048376514,False,0.48211989154367774,0.68095510497564
39,66.0,0.9250863351633852,0.1124396683172483,-32.751907780016985,0.4401309679105413,0.7635714280244164,0.1639285683147794,0.1639285683147794,0.0725000036608042,False,0.7635714280244164,0.6933534595459494,66.0,0.988946001639748,0.0453522001341375,-39.3061522468866,0.5241792928689153,0.4821651849691789,0.0981279181908091,0.2489024381651254,0.1150086563337212,False,0.6360889055011534,0.6839649626728109
40,69.0,0.8521263984243369,0.1449932756841848,-26.63358221306064,0.2812177533840748,0.8075000037035747,0.2729166631008486,0.2729166631008486,0.0,False,0.7270833368991514,1.0,69.0,0.9574565978560948,0.0782743599251353,-31.66549264685449,0.3865574419046439,0.3385544332621117,0.0956920108052755,0.2217119662844544,0.0196026443310819,False,0.7586853893844636,0.9187672711524586
41,70.0,0.811439862532541,0.1783856926501087,-20.97475657980228,0.4354761910353927,1.0,0.0645238089646072,0.0645238089646072,0.0,False,0.9354761910353928,1.0,70.0,0.969495372192926,0.0726377957776139,-32.711778454689465,0.4306848737129509,0.4312695316020746,0.0550547671588975,0.0270436352656391,0.0316970680266454,False,0.9412592967077155,0.46039004897633284
42,71.0,0.9297470046496056,0.1017278108632872,-37.9120152061091,0.1856085424407365,0.5467857230015152,0.3985118989262844,0.3985118989262844,0.0547023780722003,False,0.5467857230015154,0.8793012911365473,71.0,0.9749656744003832,0.0614604553917601,-35.051058378415334,0.4653888980335906,0.2791928648062922,0.1281281393223851,0.419361134349367,0.1083095414326855,False,0.47232932421794743,0.7947402681186299
43,73.0,0.8978730105250823,0.1314036424647623,-26.59225510223936,0.3839285701158214,1.0,0.1160714298841785,0.1160714298841785,0.0,False,0.8839285701158215,1.0,73.0,0.9962926265155488,0.0259696180598334,-47.111591445482695,0.4180774504918235,0.3913291978043662,0.0915322805005929,0.1429618538387775,0.0114810883515338,False,0.8455570578096887,0.9256612947881665
44,74.0,0.9724913632728,0.0624962059817974,-37.59540513936417,0.4501204677862328,0.9141071485820652,0.0885416626735013,0.0885416626735013,0.0,False,0.9114583373264987,1.0,74.0,0.9817034920060548,0.0510335643399191,-37.65380433780307,0.4567287176094741,0.4437156507573059,0.1454127149145942,0.1423230055143163,0.0907663543429542,False,0.7669106401427295,0.6105941755619652
45,75.0,0.8831600798293047,0.1469853597277341,-25.45252616660982,0.3685714274563002,1.0,0.1314285725436997,0.1314285725436997,0.0,False,0.8685714274563003,1.0,75.0,0.9987957220359076,0.0179295476617553,-52.298273075726414,0.4137085521083192,0.3875197157950263,0.0685406995539567,0.1653133053721139,0.0068266502674907,False,0.8278600443603954,0.9603424420430134
46,78.0,0.936346120109636,0.1006679909457831,-35.529841922952016,0.2859071551206009,0.6833928551357593,0.3046130929583901,0.3046130929583901,0.0119940519058505,False,0.6833928551357594,0.962116925974638,78.0,0.986670176859221,0.0478611871427062,-38.55230549252767,0.4521589694707692,0.3479423621213759,0.1101488155525548,0.3445714445109619,0.0790535139519033,False,0.5763750415371348,0.8133879688327356
47,81.0,0.9127262999782548,0.1146032709884296,-29.65758478847227,0.2891455105394778,0.8765097378923558,0.2465611443442909,0.2465611443442909,0.0,False,0.7534388556557091,1.0,81.0,0.9866817381574752,0.0475574120440623,-38.64144672464337,0.3602455316074511,0.3002865557479716,0.1107504146644483,0.2393476865857399,0.0041024879240767,False,0.7565498254901833,0.983148552132538
48,82.0,0.8823429127942866,0.1165391106100307,-37.93613597651866,0.09524845698954,0.4108928610716394,0.4608630889949089,0.4608630889949089,0.1282440499334516,False,0.41089286107163947,0.7823077646508593,82.0,0.9151562156254268,0.101867750101353,-27.977118244438213,0.476769163690574,0.0953636423186108,0.1795784753446109,0.4823566935402211,0.1387611786691975,False,0.3788821277905815,0.77659445191039
49,83.0,0.9175660472294932,0.1159830336970704,-27.21403382027963,0.4608333319289467,1.0,0.0391666680710532,0.0391666680710532,0.0,False,0.9608333319289468,1.0,83.0,0.9944901031322734,0.030111989232826,-45.039646224101375,0.4456775822942647,0.4462105402154795,0.0988634549608522,0.0451099624587669,0.0408935534283838,False,0.9139964841128494,0.5245130038399572
50,84.0,0.8434348790829898,0.1742524821155499,-22.93025257991317,0.3353571413856161,1.0,0.1646428586143838,0.1646428586143838,0.0,False,0.8353571413856162,1.0,84.0,0.999850803789481,0.005677221606726,-68.39810647536908,0.379141536893388,0.3575928334202141,0.0557608797617594,0.1617665516224327,0.000845575113249,False,0.8373878732643183,0.9948000488633701
51,85.0,0.881121359529784,0.1486452426526503,-22.686698272252144,0.4963095232120539,1.0,0.003690476787946,0.003690476787946,0.0,False,0.996309523212054,1.0,85.0,0.9980714667929032,0.0196906538140992,-50.98655654091465,0.5020023757762232,0.5020023757762232,0.078956805821853,0.001729940665933,0.0018197841540052,False,0.9964502751800618,0.4873450066371956
52,86.0,0.9436682552866832,0.0927467024083136,-35.054649939166026,0.4678106557795669,0.7544642873208722,0.1470535669861591,0.1470535669861591,0.0984821456929685,False,0.7544642873208723,0.5989090767351326,86.0,0.9842464010534088,0.0495336537329672,-38.07144153832805,0.4535194623032235,0.4513503648405713,0.1231705655443265,0.1879333086651738,0.1735816635630083,False,0.6384850277718179,0.5198493094403667
53,87.0,0.9176898669738294,0.1078429717219274,-41.35319134998769,0.1202608589246313,0.3925000049766355,0.4527976122735877,0.4527976122735877,0.1547023827497767,False,0.39250000497663556,0.7453458699307037,87.0,0.9670853507245522,0.0681962251097941,-33.595124923452296,0.4291908809704008,0.1965606175084975,0.1335562566326157,0.4598793124250181,0.1958239876017699,False,0.344296699973212,0.7013527496448931
54,89.0,0.9385064497006804,0.100817052263496,-30.233789213487448,0.5152380341839036,0.9702311685739624,0.0001,0.0001,0.0296688314260374,False,0.9702311685739626,0.0033592181892815147,89.0,0.9972653182460623,0.021158534671116,-49.97996694072055,0.5385210645593929,0.5360888742637127,0.1045794689971994,0.0799617107138878,0.0753002932135252,False,0.844737996072587,0.5150114560628171
55,90.0,0.9349526753321044,0.1017759190403415,-31.893398963658,0.3566089060732921,0.8758928591195618,0.1876488056719648,0.1876488056719648,0.0,False,0.8123511943280353,1.0,90.0,0.9880377133426582,0.0456851195295856,-39.20375704608836,0.4573389617982895,0.3955651276553427,0.1048511435384776,0.2395300998951896,0.0175868578665505,False,0.74288304223826,0.9315997745942237
56,92.0,0.9451465644017646,0.0879066629132499,-36.86556067565513,0.4065073016314107,0.6723214373753195,0.2266964266636074,0.2266964266636074,0.1009821359610732,False,0.6723214373753195,0.6918256258443827,92.0,0.9715270307885566,0.0651553377741389,-34.23373467530016,0.4688171505501632,0.4186792290166314,0.1353133452150311,0.2677968820184306,0.1485501738176105,False,0.5836529441639589,0.6432058982155742
57,93.0,0.8293381387728943,0.1607992411589617,-28.699104736093005,0.2231370408344168,0.6398214371451093,0.3572321378530165,0.3572321378530165,0.0029464250018742,False,0.6398214371451092,0.9918195436771142,93.0,0.9710330117013004,0.0688827394396979,-33.45489507846264,0.331353624747346,0.2772821347915557,0.076854881065151,0.3087975522189068,0.0976002008203613,False,0.5936022469607318,0.7598406977143628
58,94.0,0.921117108504591,0.1092123970050787,-30.707084943273912,0.3862565822471195,0.8592857072044773,0.1680952395613995,0.1680952395613995,0.0,False,0.8319047604386005,1.0,94.0,0.9765352001066454,0.0639319897282574,-34.499095895994,0.3892727036812561,0.3625920087677594,0.1165051734686858,0.1862353944498165,0.076538209801978,False,0.7372263957482055,0.7087294592624392
59,96.0,0.914949077972638,0.1146961519794277,-29.88505475046751,0.3252347921548363,0.8746428581270269,0.2155357118273444,0.2155357118273444,0.0,False,0.7844642881726556,1.0,96.0,0.9870350120395076,0.0450436435776819,-39.401727627127805,0.4381563646441169,0.3771149769992915,0.1062641136425398,0.233181707966554,0.0080651293415041,False,0.7587531626919419,0.9665689737884298
60,98.0,0.9195378880727046,0.1081051707399172,-41.80932614500114,0.0397709734513672,0.3846428645076341,0.484702378847409,0.484702378847409,0.1306547566449568,False,0.38464286450763424,0.7876765391849792,98.0,0.974076751436031,0.0613728847825634,-35.07102020204924,0.4509548048474529,0.0513938734744336,0.1211413676670833,0.4957802776303375,0.1654001588736324,False,0.3388195634960301,0.749841117882744
61,101.0,0.8769756318251182,0.1204570574652782,-28.97495414403764,0.4114605612693328,0.7598051933848409,0.1873701286745194,0.1873701286745194,0.0528246779406397,False,0.7598051933848409,0.7800756865435664,101.0,0.9267044047586536,0.093025206741755,-29.24838695247614,0.4684701530693409,0.4329983120445094,0.155967969726866,0.1880522590627765,0.0869045982263874,False,0.7250431427108361,0.6839336938776819
62,102.0,0.9585747986094052,0.0793867400070445,-33.674740198329616,0.4602189800283132,0.97857142230183,0.049642858143396,0.049642858143396,0.0,False,0.950357141856604,1.0,102.0,0.9943671462437568,0.0315588997676098,-44.382595033100486,0.4800059191207173,0.4602727096782414,0.1215798391824856,0.1236665860613972,0.050030668368133,False,0.8263027455704698,0.7119662683647617
63,104.0,0.8825620688896871,0.1397380729255392,-23.55179722933812,0.4644047614816889,1.0,0.0355952385183111,0.0355952385183111,0.0,False,0.9644047614816889,1.0,104.0,0.9850961363469954,0.049783388681909,-38.00103475679269,0.4577828223475476,0.4577828223475476,0.0884992522516237,0.005637108511316,0.0021788006504354,False,0.9921840908382485,0.7212351621104087
64,105.0,0.9443192276795452,0.0910924359348018,-35.4660077260926,0.2677648633655357,0.7371428596325276,0.302619042909616,0.302619042909616,0.0,False,0.697380957090384,1.0,105.0,0.9951325964294798,0.0294021249995879,-45.373636596927234,0.4145666035627276,0.3130219870369649,0.1191629414241542,0.3237616441216088,0.0456132803681677,False,0.6306250755102235,0.8765122444866174
65,106.0,0.9033820875509806,0.1258138845325778,-32.89098684692878,0.19435396821109,0.6578571470019082,0.3721428529641527,0.3721428529641527,0.0,False,0.6278571470358473,1.0,106.0,0.9860456802918026,0.0490090042159372,-38.22051733542016,0.4424052816686937,0.3027554842189601,0.0944614861374105,0.3993892158467266,0.0373860864551636,False,0.5632246976981098,0.9144043029490639
66,107.0,0.9271044301423704,0.1068821823969863,-41.44640507329007,0.2484276831489766,0.4164285762819442,0.3965476135972497,0.3965476135972497,0.1870238101208061,False,0.41642857628194424,0.6795185601631447,107.0,0.9831779233991378,0.0547247155889346,-36.67615765755464,0.4041197541577512,0.2941376823487948,0.1132189994836217,0.4099788117998532,0.237709759972321,False,0.3523114282278258,0.6329875648077115
67,108.0,0.7683679211111102,0.1984418821199232,-22.920302922147325,0.1768760725730982,0.7987499959005738,0.3587202377573282,0.3587202377573282,0.0,False,0.6412797622426718,1.0,108.0,0.991672331820833,0.0382318083341918,-41.697224033283405,0.3135947213521426,0.289060742108728,0.0328013925482573,0.2633852381473855,6.014236886286993e-10,False,0.7366147612511907,0.9999999977165627
68,111.0,0.9158713035235022,0.115635052994335,-31.584554362409456,0.359303394469383,0.7792857092545508,0.2199999994033592,0.2199999994033592,0.00071429134209,False,0.7792857092545508,0.9967637286209355,111.0,0.9881574781390154,0.0438954245495594,-39.76323264202907,0.4071057869073022,0.3692586461455551,0.1054954597057818,0.2340617567241205,0.1016253047108431,False,0.6643129385650364,0.6972617762614239
69,112.0,0.8044462949294731,0.1838822691219303,-23.751547168692756,0.2011788128680083,0.8382142853471202,0.3313690451448604,0.3313690451448604,0.0,False,0.6686309548551397,1.0,112.0,0.9976534340647624,0.0216327241209789,-49.66967347216075,0.3147344662444528,0.2720936360328303,0.0612228030456296,0.2551926746947064,1.0316290338652225e-05,False,0.7447970090149549,0.9999595761385913
70,113.0,0.8717648846385833,0.1513290020018404,-23.47728769016793,0.3911904758610299,1.0,0.1088095241389701,0.1088095241389701,0.0,False,0.8911904758610298,1.0,113.0,0.996705162061694,0.0266005577447641,-46.775523337924426,0.3795898986909881,0.3720661366463847,0.0747714835227164,0.0649241640821223,0.0127312457611796,False,0.9223445901566981,0.8360546189007367
71,114.0,0.8679107348706756,0.1567433492415361,-23.022892058215437,0.4245238093857183,1.0,0.0754761906142816,0.0754761906142816,0.0,False,0.9245238093857184,1.0,114.0,0.9982766996348148,0.0186989892465204,-51.71000130598858,0.4444717597936051,0.4367096143347776,0.0683689869407789,0.0647216899468238,0.0111072192368736,False,0.9241710908163026,0.8535226293448835
72,115.0,0.9411652173693696,0.0963793332681063,-33.629754773227155,0.4146795025699079,0.8162499958432887,0.1615178577510156,0.1615178577510156,0.0222321464056955,False,0.816249995843289,0.8790087297808449,115.0,0.9897805775334366,0.0437163006401783,-39.82047927699888,0.4809874903304317,0.4368128513345118,0.1092130454628444,0.2260258712883468,0.082707187427032,False,0.6912669412846212,0.7321077704759832
73,117.0,0.9088057786437296,0.1274447968643957,-26.08464462663043,0.4719047593671594,1.0,0.0280952406328405,0.0280952406328405,0.0,False,0.9719047593671595,1.0,117.0,0.9965866523130124,0.0246777964335761,-47.825919172196976,0.4738390814979228,0.4712533655738249,0.0887160974698812,0.0535292857201874,0.0382573647359978,False,0.9082133495438147,0.583192495359005
74,118.0,0.918203818631854,0.1189974099530467,-28.42382709755585,0.4002269818802053,0.9917532511252533,0.1030735895322586,0.1030735895322586,0.0,False,0.8969264104677414,1.0,118.0,0.9978658189338894,0.019362889407503,-51.221557468203,0.4629568787054319,0.4317207342384441,0.0858707572471339,0.1637605072645155,0.0124244152005683,False,0.8238150775349162,0.9294808260165931
75,121.0,0.9241299926385598,0.1085356367960283,-35.889995174663504,0.0873109411464483,0.6060714258076095,0.4470833334107678,0.4470833334107678,0.0,False,0.5529166665892322,1.0,121.0,0.9711199334986516,0.068470349333774,-33.53896277410446,0.4177989223785135,0.1247168379608537,0.1239625806925021,0.471891806202987,0.0173233773604595,False,0.5107848164365535,0.9645894527756151
76,122.0,0.8529733388877317,0.1462329327109987,-32.070733530982025,0.0970100830926621,0.5494642936835696,0.446696423213306,0.446696423213306,0.0038392831031244,False,0.5494642936835696,0.9914784043766157,122.0,0.972957940904862,0.0746378533195373,-32.331504766381975,0.3143085358794976,0.1917105611287327,0.0854290967467914,0.4128035705231716,0.0801698334210189,False,0.5070265960558095,0.8373749318328441
77,123.0,0.8717753871522087,0.1491826307308433,-24.293891430738675,0.3815476175379794,1.0,0.1184523824620205,0.1184523824620205,0.0,False,0.8815476175379795,1.0,123.0,0.9986770243757852,0.0170988236486922,-52.962438544395525,0.3973894794900223,0.3808485125411625,0.0770405505054153,0.108413913834897,0.0086892548413306,False,0.8828968313237724,0.9257982944479064
78,125.0,0.8460092216511308,0.1699801315448627,-23.33356186622435,0.3262062397006123,0.9980357126162732,0.1744345231005245,0.1744345231005245,0.0,False,0.8255654768994755,1.0,125.0,0.9997061012734624,0.0091385214470505,-61.73359343436107,0.3660102976621115,0.3425679209158258,0.0585360547045784,0.1666044416062349,1.6517354592071598e-05,False,0.833379041039173,0.999900868686058
79,127.0,0.90477252743961,0.1262263329536759,-30.102923191508687,0.3555457531569295,0.8092857160759117,0.2122619005586448,0.2122619005586448,0.0,False,0.7877380994413552,1.0,127.0,0.9895001900771784,0.0464308356341646,-38.97708071148417,0.3889260196973465,0.354316562510498,0.0912000097166326,0.2279453226604315,0.0891853998440392,False,0.6828692774955293,0.7187740148929218
80,128.0,0.8454729857644361,0.1623557701700004,-23.68566233080603,0.3540172840677602,0.9712500010197356,0.1561607124881838,0.1561607124881838,0.0,False,0.8438392875118161,1.0,128.0,0.9856200213576166,0.0516393608025503,-37.48859527445451,0.4205292998623879,0.3973763919411859,0.0686057280708143,0.1468521466947484,0.00268297039299,False,0.8504648829122616,0.9820579242839941
81,129.0,0.9319716868621842,0.1033502292207364,-42.405846153652085,0.3445427825579337,0.4035714343055367,0.360952375063474,0.360952375063474,0.2354761906309892,False,0.40357143430553677,0.6051896167032041,129.0,0.9919942856133318,0.0355372993212314,-42.72041428570495,0.4600257720032613,0.3920375648827339,0.1122796782773192,0.3815825198598522,0.2753444594569318,False,0.34307302068321605,0.5808598700828286
82,130.0,0.7802879284661601,0.1664346434734834,-26.641342977954174,0.1661029715451278,0.6335714262493768,0.3947619034138937,0.3947619034138937,0.0,False,0.6052380965861063,1.0,130.0,0.8877485960256111,0.1193352932868187,-25.761454200704843,0.3290436516405472,0.2605047591483015,0.1035721324911517,0.29779518048697,0.0568664187155218,False,0.6453384007975081,0.8396600623146284
83,133.0,0.9479171586859236,0.0868820161793769,-39.72348638547626,0.4683042844427553,0.5633928635980384,0.2361607081525658,0.2361607081525658,0.2004464282493958,False,0.5633928635980383,0.5408997894508643,133.0,0.9828125844834626,0.0520422117615924,-37.37980175080393,0.4639598415974857,0.4537307905421827,0.1295006556599834,0.2703714979312441,0.2446133879097599,False,0.48501511415899595,0.5250086077569243
84,134.0,0.853702733256097,0.1612889672708121,-22.006365687197214,0.4307792186631047,1.0,0.0692207813368953,0.0692207813368953,0.0,False,0.9307792186631048,1.0,134.0,0.9942793001824184,0.0334678530807842,-43.560378745599074,0.4390185885008224,0.4364241826767849,0.0717089676757952,0.0271176291053675,0.0078872383102817,False,0.9649951325843508,0.7746816687911338
85,135.0,0.8979817920246986,0.1289726515326386,-28.455015205498576,0.4084301365293682,0.8762499989415976,0.1421130932984245,0.1421130932984245,0.0,False,0.8578869067015755,1.0,135.0,0.9921975704450624,0.0356919309907049,-42.65962893777985,0.4424687705861919,0.4231261760770576,0.0882360177968566,0.1650352922292579,0.0780400243234634,False,0.7569246834472787,0.6789471451473474
86,137.0,0.8935863879813838,0.1303776123994598,-35.36854827550341,0.1786324785848156,0.522321423309417,0.4066964295362901,0.4066964295362901,0.0709821471542928,False,0.5223214233094171,0.8514018617999032,137.0,0.9778395727467168,0.0605671162475478,-35.25604437112736,0.4384020267507625,0.3180240874532047,0.0784052574885465,0.4200456141355317,0.121190162801977,False,0.4587642230624912,0.7760861939177209
87,138.0,0.9202558323227632,0.1173512739238888,-30.023718028047305,0.4455836501412744,0.8969642800701638,0.100327382039996,0.100327382039996,0.0027083378898401,False,0.8969642800701638,0.9737145730462757,138.0,0.9978764292210408,0.0207584580686383,-50.247220966305925,0.4430743427914354,0.434055685402832,0.0921627364947648,0.1494097596440335,0.1084435315987623,False,0.7421467087572042,0.5794370858091884
88,143.0,0.910706272640912,0.1112977691127451,-37.78771948295018,0.3389872212087374,0.4842857234833395,0.3358333283253197,0.3358333283253197,0.1798809481913408,False,0.48428572348333954,0.651200371247567,143.0,0.9547722916369832,0.0792689269612444,-31.48872696221644,0.4193422552281918,0.3611305768240441,0.1334694441437375,0.3404751768056504,0.2299510069056421,False,0.4295738162887075,0.596878591004465
89,144.0,0.8433760976453406,0.1722842780087016,-23.1730332185004,0.3213328566032563,0.9994642842762768,0.178839286460575,0.178839286460575,0.0,False,0.821160713539425,1.0,144.0,0.9989437911302248,0.0151824477685407,-54.62661378615267,0.3596218041106861,0.3358557968996215,0.058614185871512,0.1684668087864855,1.4997150844076046e-05,False,0.8315181940626704,0.9999109865260487
90,145.0,0.9303910255529516,0.1033780069397717,-35.559114507021604,0.4495554939922102,0.6500649323480652,0.2077597382112528,0.2077597382112528,0.142175329440682,False,0.6500649323480652,0.5937093975900191,145.0,0.9856681621892408,0.0472626766222661,-38.72848121812658,0.475367715052064,0.4552552735491674,0.1190044589334707,0.2478675612907673,0.196062090604127,False,0.5560703481051057,0.5583487388885953
91,146.0,0.8953184958842434,0.1159925981395369,-41.26253984595722,0.0,0.3460064977097,0.5445725069193288,0.5445725069193288,0.1094209953709712,False,0.3460064977097,0.8326879472230589,146.0,0.9630454445806153,0.0704382884061513,-33.14225611958323,0.5436158830369142,0.0,0.1367171560200236,0.5612598391101539,0.1166568783062411,False,0.322083282583605,0.8279185697753089
92,148.0,0.9058025100742604,0.1072452498717798,-27.913755050553867,0.3319264722376017,0.9519642875882236,0.1840178523246592,0.1840178523246592,0.0,False,0.8159821476753408,1.0,148.0,0.9720153722677846,0.0585458447054133,-35.73123226065645,0.3105000065627758,0.3017208970043168,0.1435564118796015,0.1359038927860265,0.0160987241122672,False,0.8479973831017062,0.8940891647737946
93,149.0,0.6954421366149646,0.1998856254877955,-25.28920622679252,0.0813314830189037,0.5595454617946019,0.4544913377757477,0.4544913377757477,0.0,False,0.5455086622242523,1.0,149.0,0.8859982022236538,0.1240845247790439,-25.215092118128293,0.3052802132981401,0.2733169608250393,0.0403579979365945,0.3078200927037749,0.0750000206405733,False,0.6171798866556518,0.8040854750672138
94,150.0,0.9143146037572688,0.1099316613243982,-33.75440317581256,0.3117701077718758,0.6607467569887471,0.2939989123637008,0.2939989123637008,0.0452543306475521,False,0.6607467569887471,0.866606048490888,150.0,0.9701912854436509,0.0649755304317025,-34.27242348804443,0.4302476650383297,0.3575070781673917,0.126477154600787,0.2989404289286237,0.1142068452712768,False,0.5868527258000995,0.7235686826387773
95,151.0,0.9407950771169176,0.0897000202295553,-34.81825509917903,0.406969338451156,0.7473214259442906,0.1958630936730774,0.1958630936730774,0.0568154803826319,False,0.7473214259442906,0.7751472177846568,151.0,0.954916510909568,0.0809351403080041,-31.19750054812576,0.5005323314271044,0.4260549495019931,0.1510690938677334,0.2602994496194679,0.0921330325825728,False,0.6475675177979593,0.738579622380677
96,152.0,0.8073075939448682,0.1746687833634661,-26.933675257486986,0.1599540697747243,0.673928571630847,0.3922023822301792,0.3922023822301792,0.0,False,0.6077976177698208,1.0,152.0,0.9832938468251232,0.0549022454827606,-36.63081441968861,0.3519963935633027,0.2734384686260684,0.0690374496023826,0.3513127645422467,0.0242193595278044,False,0.6244678759299489,0.9355065572944524
97,154.0,0.8805201236114325,0.1413552690013501,-30.916670152064956,0.1705611623097942,0.6725000068165274,0.3852976171840285,0.3852976171840285,0.0,False,0.6147023828159714,1.0,154.0,0.9937509451162764,0.0325304115755502,-43.95811840949877,0.3934141986123905,0.284214424982518,0.0817754400444827,0.3830503184598825,0.0378505978348655,False,0.5790990837052519,0.9100724270974038
98,158.0,0.8474763242378577,0.1574766704132825,-27.15838027605909,0.1662769804690282,0.7637499919230026,0.3730059575097984,0.3730059575097984,0.0,False,0.6269940424902016,1.0,158.0,0.9791899770123486,0.0604819854175337,-35.275736079703385,0.3526092723853074,0.2720609013235796,0.081381893878991,0.3230556797223071,0.0002405833439147,False,0.6767037369337782,0.9992558424844353
99,159.0,0.9097396334191366,0.1207259904826262,-27.80605101809041,0.3750303049532164,0.9821428580769648,0.1316666644277724,0.1316666644277724,0.0,False,0.8683333355722276,1.0,159.0,0.996463978783113,0.0262581906917728,-46.95688237165892,0.4107603165572385,0.3791775094903687,0.0997030199776678,0.1536558978199121,0.0081438461055316,False,0.8382002560745563,0.9496671261155751
100,160.0,0.8589021133898367,0.1562184498759114,-24.54350083679494,0.320607859452,0.9635714281995276,0.191071426975843,0.191071426975843,0.0,False,0.808928573024157,1.0,160.0,0.9869324500754512,0.0512748057863528,-37.5877806780491,0.3519365229879357,0.3197913669175277,0.0792797097150781,0.1763899365703325,0.000234748471166,False,0.8233753149585015,0.9986709192369637
101,161.0,0.9265224800560732,0.1052240887037632,-31.55083136175829,0.5181251812541944,0.8407142863401872,0.0644047580069998,0.0644047580069998,0.0948809556528129,False,0.8407142863401873,0.40433480522019294,161.0,0.9892122467044132,0.0403679294948978,-40.936074871018384,0.4516183420866565,0.4805069070891687,0.1134213080156709,0.0912331920860727,0.1784135634540278,False,0.7303532444598995,0.338343370397071
102,162.0,0.9606600426797632,0.0767897026676163,-34.826185678416664,0.4747990990177748,0.9258928603786348,0.0603869041052337,0.0603869041052337,0.0137202355161314,False,0.9258928603786348,0.8148594644695225,162.0,0.996231899642207,0.024647754639657,-47.84297261236014,0.4509121073121334,0.4539470127605815,0.1234132689176276,0.1088635712129756,0.1077298617301053,False,0.783406567056919,0.5026171372498819
103,163.0,0.8817210215420264,0.1333806267558,-32.13488077348456,0.4162826483346762,0.6199999994817723,0.2419047582482299,0.2419047582482299,0.1380952422699977,False,0.6199999994817724,0.6365914682061333,163.0,0.9778780317337084,0.0587000611732291,-35.694403140213545,0.396478955183068,0.3913566885380062,0.0917725865276199,0.2316135723990268,0.2091227835868103,False,0.559263644014163,0.5255150142559821
104,165.0,0.8618838961926056,0.14309966171123,-31.737991280946808,0.3159934789638144,0.5835714317100635,0.3155952330700429,0.3155952330700429,0.1008333352198935,False,0.5835714317100636,0.7578616288647881,165.0,0.9621861857085128,0.0757848832593449,-32.117990097262044,0.5107635104377144,0.419887360770377,0.0971244562593007,0.3494823697580653,0.1126765141985135,False,0.5378411160434211,0.7561952867077206
105,166.0,0.952095725659818,0.0812147268634707,-35.412070231991635,0.3879476920888237,0.8010714305566256,0.1892261873172646,0.1892261873172646,0.0097023821261097,False,0.8010714305566257,0.9512268039062559,166.0,0.978390261433225,0.054571968895345,-36.715288855588085,0.4798910803528827,0.4195194168540594,0.143875786611089,0.2328513646508264,0.0743311719339278,False,0.6928174634152459,0.758022794002747
106,167.0,0.7398294631763553,0.1876453129064335,-24.979368586969866,0.0503962770393992,0.6383928599145404,0.4678273765717724,0.4678273765717724,0.0,False,0.5321726234282276,1.0,167.0,0.888615964531719,0.1268017011592941,-24.911831493807437,0.3231567352774526,0.2539808901891869,0.0650020099977755,0.3321302222237602,2.020794872914511e-05,False,0.6678495698275106,0.9999391602512192
107,170.0,0.7818936331708841,0.176745034036917,-34.468890253636395,0.0,0.3639285766072766,0.6402976171724853,0.6402976171724853,0.0,False,0.35970238282751466,1.0,170.0,0.9457192003218748,0.0885336617984495,-29.94121415974802,0.3290232004674883,0.0,0.0645991375482679,0.5872113410562916,0.0525111782785758,False,0.3602774806651326,0.9179156951780082
108,172.0,0.9435750351734984,0.0960232972907629,-31.913736091100567,0.4549498421221557,0.9433928517196968,0.0708035710509536,0.0708035710509536,0.0,False,0.9291964289490464,1.0,172.0,0.994194637406101,0.0308896278972976,-44.68268745453754,0.4604889287506488,0.4529150943318408,0.1102362590948348,0.12543252143103,0.0917872897607134,False,0.7827801888082566,0.5774451268641824
109,173.0,0.930772299145084,0.1049387140883673,-32.47166576196054,0.4040714737695551,0.8128571443852184,0.1715476157041527,0.1715476157041527,0.0155952399106288,False,0.8128571443852185,0.9166666562856647,173.0,0.9882621354688348,0.0473827907507692,-38.69294652748549,0.4283553781749105,0.3990380493750363,0.105188084032424,0.2084636005683451,0.1022258908342882,False,0.6893105085973666,0.6709708771520368
110,175.0,0.7111524530322324,0.2042376622829431,-24.094430258253727,0.2120329773934802,0.632775972682036,0.3658306264891724,0.3658306264891724,0.0013934008287915,False,0.6327759726820361,0.9962055837169254,175.0,0.9483806493120344,0.0865870059465926,-30.2524773006918,0.3015783994454094,0.289770924177228,0.0315301911970646,0.2318643557888564,0.1100000001578844,False,0.6581356440532592,0.6782349541728142
111,176.0,0.7717722961198615,0.1967320526188223,-25.2312730452413,0.150039171113298,0.6837499952961745,0.3974107174570405,0.3974107174570405,0.0,False,0.6025892825429595,1.0,176.0,0.9863286786583948,0.0501923936074125,-37.88648499741616,0.3336769240633865,0.327959573951824,0.0059018586968617,0.3266666666666666,0.0433333333333333,False,0.63,0.882882882882883
112,177.0,0.9028496706251236,0.126268737045448,-26.615387517005765,0.4040367950421252,1.0,0.0959632049578747,0.0959632049578747,0.0,False,0.9040367950421253,1.0,177.0,0.9931048860769291,0.0366896471998277,-42.273649189109626,0.3998168219736123,0.3862571134552426,0.0914033723016226,0.0993958565934537,0.0237492775463794,False,0.8768548658601669,0.8071440035997545
113,178.0,0.9239968353834944,0.1133329643114305,-28.93879608849876,0.4534494118435945,0.9948214293850002,0.0488988079559676,0.0488988079559676,0.0,False,0.9511011920440324,1.0,178.0,0.9951854893026508,0.0308737264520993,-44.68989626759637,0.4559223888921768,0.4454140182983989,0.0895746578839182,0.1101366967742888,0.0577605895587703,False,0.8321027136669409,0.6559766341655445
114,179.0,0.9118306225785416,0.1228450574608001,-31.973073793093132,0.2985657932158743,0.7387499994917156,0.2794345204135292,0.2794345204135292,0.0,False,0.7205654795864709,1.0,179.0,0.9961709279526416,0.0278494814383197,-46.13317305627656,0.4033187740093364,0.3403938800546946,0.0905194625000637,0.2996558641639318,0.0850204870665561,False,0.6153236487695122,0.7789817679340155
115,180.0,0.9082648537262666,0.117907614859344,-28.779587110601057,0.3382169803172908,0.9080357125094968,0.1928869032947784,0.1928869032947784,0.0,False,0.8071130967052216,1.0,180.0,0.9897773300849384,0.042267108150182,-40.29244512711327,0.4031099932469579,0.3581849312078028,0.0977921257390113,0.1971805775163074,0.0018190541623007,False,0.801000368321392,0.9908590073913377
116,181.0,0.9049272139133794,0.1178660127525573,-30.81216096316012,0.3153988903148253,0.769999997271576,0.2571428553181264,0.2571428553181264,0.0,False,0.7428571446818736,1.0,181.0,0.9750927317103528,0.0603692916177979,-35.30184608354131,0.4048106446296812,0.3488071347910733,0.115748147714712,0.2515763677565557,0.067435206913344,False,0.6809884253301003,0.7886120370926252
117,182.0,0.8879043832048537,0.1322824334608942,-25.172146469723184,0.3650108241450721,1.0,0.1349891758549278,0.1349891758549278,0.0,False,0.8650108241450722,1.0,182.0,0.9940016069188852,0.03511950644843,-42.8859798904656,0.3484365946531085,0.3368815425405049,0.0918749177496485,0.0798305581382104,0.0007820489686805,False,0.9193873928931091,0.9902986766369741
118,183.0,0.7971571757691116,0.1696705628281962,-29.504434876260987,0.0803199718864264,0.5432142947192214,0.4563690431198471,0.4563690431198471,0.0004166621609313,False,0.5432142947192217,0.9990878388791191,183.0,0.9385311038078248,0.0948612580470662,-28.97475855066024,0.3681146493558415,0.2609847277274642,0.0793598054496638,0.3943233825195626,0.0726874665459152,False,0.5329891509345221,0.844355935860231
119,184.0,0.811895116419707,0.1646500471517551,-23.877739153622784,0.2636936025887614,0.8508928616009583,0.2756249959073829,0.2756249959073829,0.0,False,0.7243750040926171,1.0,184.0,0.9518723586982156,0.0837334221750137,-30.721639008692108,0.3459034563684162,0.3135291619493325,0.0782276158963876,0.1798426335533584,0.0010270680249656,False,0.8191302984216761,0.994321503181555
120,185.0,0.8123418438082222,0.1496747248169773,-31.04489642557953,0.2027972109141915,0.5107142921762693,0.3964285659726371,0.3964285659726371,0.0928571418510936,False,0.5107142921762693,0.8102189776519159,185.0,0.9110369351307844,0.103062310264336,-27.813901274970377,0.3976053045502524,0.2860148833231721,0.1365868349334829,0.3607146127368426,0.1273961451837616,False,0.5118892420793958,0.7390015624189873
121,186.0,0.905418899289088,0.1179666345986724,-37.18005070767765,0.1341107971256079,0.4900000061230786,0.4342857085872811,0.4342857085872811,0.0757142852896401,False,0.4900000061230788,0.8515406152967282,186.0,0.973883001443508,0.0680507248955099,-33.62502656564337,0.3951600697518135,0.2106278340156743,0.1113571925509516,0.4408459267788414,0.1261165698224748,False,0.43303750339868385,0.777557474121328
122,189.0,0.9255311665163332,0.1088477440383874,-33.242711508042056,0.2149525228296456,0.7396428578746306,0.3410119017069191,0.3410119017069191,0.0,False,0.6589880982930809,1.0,189.0,0.9952708279676726,0.0319789578775134,-44.197480223223465,0.420590116665069,0.2957183769787018,0.100076158086349,0.3661337600908973,0.0027927034203214,False,0.6310735364887812,0.9924301894915801
123,191.0,0.8794317471825754,0.1460125506557864,-24.028339346592983,0.3829761881559731,1.0,0.1170238118440268,0.1170238118440268,0.0,False,0.8829761881559732,1.0,191.0,0.9973838586920796,0.0228397531833136,-48.90953780822491,0.4085490395072765,0.3965020082368591,0.0741269420592775,0.0787220826126553,0.0003168134669336,False,0.9209611039204111,0.9959916764700941
124,193.0,0.6508099622042132,0.1864130384409495,-47.12622835346236,0.0,0.1062500052139944,0.6956845217965165,0.6956845217965165,0.198065472989489,False,0.10625000521399447,0.7783882806769552,193.0,0.8708361828527906,0.1209792706552349,-25.56990490944975,0.2202871984118815,0.0,0.1376164676458914,0.6766965242228734,0.2079801660083948,False,0.11532330976873179,0.7649082785779904
125,194.0,0.792107577739226,0.1661118352573249,-29.416441763517184,0.1651184344803189,0.5382467623093601,0.4111255372433781,0.4111255372433781,0.0506277004472617,False,0.5382467623093602,0.8903576709056436,194.0,0.9126596760067138,0.1081769908433031,-27.13581224778368,0.3315696076375463,0.2650120576697735,0.0929803419096238,0.3335450536984993,0.1287507221146107,False,0.53770422418689,0.7214970829267103
126,195.0,0.8563270185938314,0.1518560254435955,-26.77604036710982,0.1996698399900022,0.8129220789725314,0.3376839785672147,0.3376839785672147,0.0,False,0.6623160214327852,1.0,195.0,0.9933738927359884,0.0337917678907971,-43.425532835573954,0.3348772524331443,0.2694729870683545,0.0846565090863405,0.2828212412584721,0.000282854954374,False,0.716895903787154,0.9990008800361498
127,197.0,0.8517433479147747,0.1618574080643542,-25.13851677447189,0.3201963904505699,0.8971428605174708,0.2127380943438067,0.2127380943438067,0.0,False,0.7872619056561934,1.0,197.0,0.996050771432296,0.0265644305586395,-46.794550171174414,0.3676663566753395,0.3404534280177111,0.0678689908217903,0.1942400456278187,0.0384026138191937,False,0.7673573405529875,0.8349287533486935
128,198.0,0.8522474590487294,0.1529621814085927,-24.18203555124853,0.3257266569891222,0.962500003356522,0.1864880915546612,0.1864880915546612,0.0,False,0.8135119084453388,1.0,198.0,0.9803271063277126,0.0563162690651632,-36.27480540465917,0.3689511432899303,0.3450828450935476,0.0817025756922764,0.1361132972720487,0.0003860233128831,False,0.8635006794150683,0.9971719763056044
129,201.0,0.8717445425696821,0.1403893009276972,-28.38050858955729,0.2125720911077566,0.7741071436871625,0.3354464257249672,0.3354464257249672,0.0,False,0.6645535742750328,1.0,201.0,0.9785764549764576,0.0575421330012982,-35.97332992322323,0.379072839160594,0.2976147945226785,0.0919522556772275,0.3054083356049194,0.001655607106798,False,0.6929360572882826,0.9946082659781635
130,202.0,0.8934177322984974,0.1172703995343303,-32.34528391263678,0.3850816768366207,0.6476461062221318,0.2506033514192733,0.2506033514192733,0.1017505423585949,False,0.6476461062221317,0.7112262865392351,202.0,0.9487600095665472,0.0820408375354301,-31.007533917486107,0.4329074783060163,0.4041294884444115,0.142096503783688,0.2430116433592256,0.1615389123697339,False,0.5954494442710405,0.6006953640722184
131,203.0,0.8995151670630761,0.1255610355410475,-31.74198740847386,0.2148587902856538,0.6987500010855123,0.3498674200546675,0.3498674200546675,0.0,False,0.6501325799453326,1.0,203.0,0.9878794144198024,0.0437544656550897,-39.80826238979655,0.426868449229291,0.3184091133570956,0.0961949456184134,0.3555791818098964,0.0332652476135147,False,0.611155570576589,0.9144510115193336
132,205.0,0.9402916415772502,0.0972006912009421,-32.24741017282645,0.4360767081858639,0.893928563659429,0.1101785746060787,0.1101785746060787,0.0,False,0.8898214253939213,1.0,205.0,0.9887799037676352,0.0461355445365061,-39.06640232874986,0.465093354670453,0.4373037331160464,0.1095025791160868,0.173392811382531,0.0707963201060427,False,0.7558108685114264,0.7100758757178534
133,206.0,0.7166336727528545,0.2000300014590043,-30.70284414891561,0.0,0.4000162394870178,0.6328057331745084,0.6328057331745084,0.0,False,0.3671942668254916,1.0,206.0,0.94030299533664,0.0918344368226769,-29.428750920762035,0.3243536822558565,0.0,0.0526601061766337,0.561717398777135,0.0200011226539003,False,0.4182814785689647,0.9656171809611678
134,208.0,0.8771485812209829,0.1371134813551203,-28.628555010440174,0.3520045807306812,0.7794642899678783,0.2256249994153188,0.2256249994153188,0.0,False,0.7743750005846812,1.0,208.0,0.984815648784844,0.0513314318270368,-37.57232811554415,0.4021383099821936,0.3628080523594129,0.100140439060546,0.2267261773645863,0.0784730159119992,False,0.6948008067234145,0.7428793468635306
135,209.0,0.936886271843439,0.1032836489374762,-29.040260092496283,0.4999,1.0,0.0001,0.0001,0.0,False,0.9999,1.0,209.0,0.9976330757835684,0.0204376610252086,-50.46526332024975,0.4736321471760323,0.4847633257173915,0.1033823724318085,0.0276003484444845,0.0730868552058909,False,0.8993127963496247,0.2741197236971989
136,211.0,0.8896510023508885,0.1342700874316167,-35.71081913666104,0.0772035430842245,0.4994318212143126,0.4614420938732481,0.4614420938732481,0.0391260849124392,False,0.49943182121431273,0.9218366516877802,211.0,0.9967254104310364,0.0261331353357198,-47.02371703466631,0.3619602453418289,0.1860417036604565,0.0891926533357243,0.4540842465973752,0.1170079258882175,False,0.42890782751440737,0.7951155145780442
137,212.0,0.9660605107247844,0.070074763366937,-37.087547130790334,0.4168591263943015,0.8505357141942976,0.1454464252138118,0.1454464252138118,0.0040178605918905,False,0.8505357141942977,0.9731182565103642,212.0,0.9814855976489552,0.0528243735920978,-37.1709560321036,0.5086177123412096,0.4452503693360025,0.1403573862167184,0.2247086337208134,0.05887491183003,False,0.7164164544491566,0.7923895347465624
138,213.0,0.8918493772501358,0.1411327988726784,-30.37120816514552,0.2543859675402787,0.7396428610277741,0.3118452351631897,0.3118452351631897,0.0,False,0.6881547648368103,1.0,213.0,0.9991343484299556,0.0134322547645759,-56.34134949358988,0.4483987477844428,0.3629437495515249,0.0745237962501547,0.3548124356150173,0.0387043283952484,False,0.6064832359897343,0.9016450328549696
139,215.0,0.8367291628061941,0.1760833250260124,-28.22583190771084,0.3279908981908073,0.6796428609597346,0.2770833275848466,0.2770833275848466,0.0432738114554187,False,0.6796428609597347,0.8649200964115875,215.0,0.9979815685810076,0.0208667089496895,-50.17440368484621,0.3926642115521893,0.3659677548117626,0.0537396556782448,0.2853810786354589,0.1466736883680495,False,0.5679452329964916,0.6605206108815865
140,216.0,0.8588393613953529,0.1394620614469078,-37.28001040710795,0.3225905522578657,0.3878571401689488,0.3748809509557423,0.3748809509557423,0.2372619088753088,False,0.38785714016894896,0.6124076184752165,216.0,0.9429398242242008,0.0904981077524803,-29.633968722301084,0.3624791177816371,0.3211529292805539,0.1198414633545145,0.3615769111599993,0.2818304492453785,False,0.3565926395946222,0.56197198448614
141,217.0,0.5953744547977795,0.2252516671369162,-26.54826435483473,0.0,0.4105357165062316,0.6636607102777353,0.6636607102777353,0.0,False,0.3363392897222647,1.0,217.0,0.7557802547038116,0.1886729299745686,-19.34836409154246,0.318235881051836,0.1851655569753219,0.0208022178214836,0.4991667803722969,2.886579864025407e-15,False,0.5008332196277002,0.9999999999999942
142,218.0,0.8588826417635442,0.1371294707659472,-35.362475325268484,0.2460711359854076,0.4448701290041513,0.3905303019899736,0.3905303019899736,0.164599569005875,False,0.44487012900415135,0.7034935830230149,218.0,0.9597758010389787,0.0737524868570991,-32.49856789928242,0.4251754324691153,0.3223961576771634,0.119006115905807,0.3819719699575214,0.1951389632625411,False,0.42288906677993743,0.661869231667924
143,219.0,0.8351353926475266,0.1798137531711133,-21.509687544476275,0.3871428566693116,1.0,0.1128571433306883,0.1128571433306883,0.0,False,0.8871428566693117,1.0,219.0,0.997944795767162,0.0218889530152974,-49.50482477132494,0.429723258938231,0.4176978426848875,0.0533919396126168,0.1011206075569357,2.0661018647727403e-05,False,0.8988587314244165,0.9997957211834625
144,220.0,0.8220719845535348,0.1766084242455703,-25.01913918931348,0.2282863891208173,0.8114285735840491,0.314761900907042,0.314761900907042,0.0,False,0.6852380990929581,1.0,220.0,0.9933733050494192,0.0382980093812776,-41.67300301935597,0.3191748303488892,0.2817666623152983,0.0523722408483501,0.2674368123445327,0.0216682775771068,False,0.7108949100783605,0.9250505150809352
145,221.0,0.8818445297113914,0.1347378057942673,-32.49544339857781,0.2390829639363619,0.6045941585493932,0.3554518365954003,0.3554518365954003,0.0399540048552063,False,0.6045941585493935,0.898954439548417,221.0,0.9785150872547036,0.0575220320752422,-35.978221332594,0.4733454334859843,0.3670346397637568,0.0911170217889281,0.3730189689266774,0.0841858980903023,False,0.5427951329830203,0.8158683247630962
146,222.0,0.9085298505296664,0.1264706043496604,-30.3305636158355,0.31750384139028,0.8141071436765946,0.2415178545794126,0.2415178545794126,0.0,False,0.7584821454205875,1.0,222.0,0.9957729112913264,0.0295482417368602,-45.304234534673824,0.4396861621700408,0.3813259470050308,0.078334738982668,0.283309618828211,0.0388657765239366,False,0.6778246046478524,0.8793645415365904
147,223.0,0.9069101421916466,0.124470360447762,-27.82247364581345,0.3485465669695977,0.9644642817722476,0.1638392856234843,0.1638392856234843,0.0,False,0.8361607143765157,1.0,223.0,0.9889969840891722,0.044209971314217,-39.66326887995816,0.3891846622033719,0.3526647252724968,0.0968669543317664,0.1779600748211944,0.0106747969253327,False,0.811365128253473,0.9434102675369765
148,224.0,0.8549786037383814,0.1574103811867142,-23.128222865912942,0.340595236894435,1.0,0.159404763105565,0.159404763105565,0.0,False,0.8405952368944349,1.0,224.0,0.993656892249304,0.0350152799347331,-42.92759040476758,0.3624550673751215,0.3496492699478177,0.0715477004712842,0.0890690563896682,0.001790109332674,False,0.9091408342776578,0.9802979774418751
149,225.0,0.9225364706412412,0.112963294878577,-32.39036473826897,0.3110267262168575,0.7694805173131745,0.2606709938124294,0.2606709938124294,0.0,False,0.7393290061875706,1.0,225.0,0.9948635515333448,0.0324053557966671,-44.012041944699206,0.4264232526113825,0.3558073870578594,0.0981197684944657,0.2929629596989047,0.0593975581380886,False,0.6476394821630067,0.8314295866554302
150,226.0,0.8733461750066817,0.1480693260779433,-28.202848485808357,0.2110512672010526,0.7896590881599809,0.3333414487870083,0.3333414487870083,0.0,False,0.6666585512129917,1.0,226.0,0.9996574636388428,0.0077775001162045,-63.99128439951926,0.3720900192795681,0.2955458352277881,0.0774560304851049,0.3218681867504049,0.0068707272120611,False,0.671261086037534,0.9790997447511018
151,227.0,0.916174565909996,0.1091695833452539,-38.52820715500184,0.2304291464112405,0.4755032544859954,0.3904301909530252,0.3904301909530252,0.1340665545609793,False,0.4755032544859955,0.7443901116496068,227.0,0.9309411085089894,0.1023841800696104,-27.90632297747276,0.4312461171583634,0.2601168502045602,0.1478209331208634,0.417530254950722,0.1750056077857298,False,0.40746413726354813,0.7046497625012634
152,228.0,0.8424484294461885,0.145378270060886,-24.61619738848303,0.5740364977119209,0.8708505504311572,0.0001,0.0001,0.1290494495688428,False,0.8708505504311572,0.0007742967572362379,228.0,0.9474135360292844,0.0839223736968253,-30.6900824208436,0.52447456351914,0.5522220509249054,0.1144089921468197,0.0098384215206182,0.1220724938922712,False,0.8680890845871105,0.07458383174601833
153,229.0,0.7631394787057906,0.1728574617786082,-42.83655256388974,0.0,0.1897835554171272,0.7507647885253363,0.7507647885253363,0.0594516560575364,False,0.18978355541712727,0.9266225013636397,229.0,0.8734886833018983,0.1283570765639224,-24.74114933604177,0.3572004309748786,0.0,0.1120384610578028,0.7225209728493455,0.0823217749654787,False,0.19515725218517582,0.8977169450939514
154,230.0,0.8610648785528747,0.1456100361193429,-27.09671987529182,0.2590184445184365,0.8101785707182699,0.2901488068303836,0.2901488068303836,0.0,False,0.7098511931696164,1.0,230.0,0.9726052689579204,0.0648377236046228,-34.302147668647976,0.3662931134101376,0.3113077720176905,0.0933253683132847,0.2485911724431314,0.0216702457045165,False,0.7297385818523522,0.9198174646864404
155,231.0,0.9317978273305751,0.1048202473877429,-37.5878447801493,0.5039782227128481,0.5685714397829378,0.2134523762929098,0.2134523762929098,0.2179761839241523,False,0.5685714397829379,0.4947571764500634,231.0,0.98900061580083,0.0444935995369368,-39.5737390309927,0.415221722914706,0.4425543232781134,0.1093231557049578,0.2357233596153548,0.2881471126604584,False,0.4761295277241869,0.4499649667050685
156,233.0,0.8907876436654802,0.1290249040158159,-28.11707415891467,0.3053316848451149,0.8641071469582624,0.2361607089325283,0.2361607089325283,0.0,False,0.7638392910674717,1.0,233.0,0.982689782576653,0.0517640024890459,-37.45484425513505,0.3899991891923995,0.3373308297901104,0.100636152759034,0.2250545150116246,0.0109845122285074,False,0.7639609727598681,0.9534631524415985
157,234.0,0.8790296351780207,0.1442091420045653,-30.107730238824978,0.2984183124685162,0.7075000035089353,0.2888690428813942,0.2888690428813942,0.0036309536096705,False,0.7075000035089353,0.987586483236825,234.0,0.9966429224265734,0.0240876804839602,-48.16476653391338,0.4006981716783183,0.355219182370014,0.0743361797129326,0.2894207303800485,0.1068578765743062,False,0.6037213930456453,0.7303465927783112
158,235.0,0.8086817705351019,0.1634803407353834,-33.361678973505384,0.3011336406559662,0.4276948132667728,0.371206703791303,0.371206703791303,0.2010984829419242,False,0.42769481326677283,0.6486167038083063,235.0,0.9422713532615116,0.0899391042302904,-29.720714402559857,0.3779908661536469,0.3441306028106381,0.0825097122457316,0.3351339889703679,0.2452255930183768,False,0.4196404180112553,0.5774592155813969
159,237.0,0.9198760838103056,0.1156111289959267,-26.98496746306079,0.4412770562761353,1.0,0.0587229437238646,0.0587229437238646,0.0,False,0.9412770562761354,1.0,237.0,0.9952321873136178,0.0294537807444219,-45.3490619818832,0.459362928891919,0.4517487980336594,0.1004407241542586,0.0546631950343644,0.0134934880627685,False,0.9318433169028671,0.8020225244303868
160,239.0,0.9232809235877864,0.1050590381549386,-34.275445758263785,0.4003345704724138,0.6760714274102452,0.2293452354990478,0.2293452354990478,0.0945833370907069,False,0.6760714274102453,0.7080117498295104,239.0,0.9629082523025808,0.0731278132402383,-32.617651035122535,0.430031798925813,0.4044935044549841,0.1349504577187392,0.2445314410238082,0.1705925074964942,False,0.5848760514796976,0.5890564538505514
161,240.0,0.8240196078431371,0.1691722796562181,-26.552238992227664,0.1422764248099097,0.7321428637241756,0.3958333308992353,0.3958333308992353,0.0,False,0.6041666691007648,1.0,240.0,0.981499833840713,0.0552252726174406,-36.54868430482965,0.3406466162992325,0.2671054963041257,0.0669400121896174,0.3374182846064955,3.516595382546672e-05,False,0.6625465494396791,0.9998957902081989
162,241.0,0.8741406403901408,0.1404032653260993,-25.98192492227647,0.3531051763208568,0.9287500043952216,0.1720535659400286,0.1720535659400286,0.0,False,0.8279464340599714,1.0,241.0,0.9819766351285708,0.0539273431863646,-36.881646889438784,0.3623520058907367,0.3425419702672487,0.0900428966372365,0.1421947587033116,0.0365358987642274,False,0.821269342532461,0.7955812434088816
163,242.0,0.9217536611095316,0.1096026401308698,-29.96033990261581,0.4272917504500091,0.910357156062183,0.1110118972514976,0.1110118972514976,0.0,False,0.8889881027485024,1.0,242.0,0.9842541497019692,0.0521999731241203,-37.3374261854018,0.4178640576119872,0.4043997347571212,0.1122228660525785,0.1398540538184093,0.0769817737731554,False,0.7831641724084353,0.644976687532655
164,243.0,0.9099261636239016,0.1110028634507794,-34.481662258299245,0.3346011335130363,0.6103571541225502,0.2957738043828037,0.2957738043828037,0.0938690414946461,False,0.6103571541225501,0.7590895290705024,243.0,0.9633180151006088,0.071042270139486,-33.02272315023076,0.4180894409478593,0.3637105179863159,0.1325395839682532,0.2935950710361208,0.1603935763436875,False,0.5460113526201917,0.6467013497597403
165,244.0,0.9088762198174208,0.1067451587628918,-39.49516702643617,0.0487222820006756,0.4239285743392168,0.4793452324529003,0.4793452324529003,0.0967261932078829,False,0.4239285743392168,0.8320934021385751,244.0,0.9512111627574464,0.0781307944001032,-31.691194074964173,0.4830453700239361,0.0590827231760943,0.1497513706079907,0.4926837920867883,0.1170378947911645,False,0.39027831312204714,0.8080470199601218
166,246.0,0.9160594802917532,0.1066483311187804,-33.29440816947107,0.3241530955252977,0.6905357145541642,0.2761607105564942,0.2761607105564942,0.0333035748893415,False,0.6905357145541642,0.8923831393294317,246.0,0.9705113181602324,0.0656390888606585,-34.13017451196633,0.497179007273798,0.4038622348121224,0.1353745066881032,0.2978563779537761,0.0805445658311796,False,0.6215990562150442,0.7871449129446335
167,248.0,0.9349334528928116,0.1014834314312957,-31.58348205235657,0.3447015063372711,0.89535714846262,0.1913690422150911,0.1913690422150911,0.0,False,0.8086309577849089,1.0,248.0,0.9991338745377838,0.0128748087207042,-56.93475764861842,0.4136659493529109,0.365900290634725,0.1056210368890803,0.2134789616722608,0.0288337853171443,False,0.7576872530105949,0.8810059079623861
168,250.0,0.9200807141044308,0.1146263165333853,-29.39088765694745,0.4015685548536854,0.937321432098683,0.123601187078745,0.123601187078745,0.0,False,0.876398812921255,1.0,250.0,0.9940771427533897,0.0341931687030455,-43.26021160546498,0.4036607588886539,0.3854585267274253,0.0971991744759691,0.1482650358267006,0.0625689753194909,False,0.7891659888538085,0.7032311106764182
169,252.0,0.9094655830819572,0.1130628138746764,-31.60201910543406,0.3375999768960056,0.747646106857514,0.2475946915985147,0.2475946915985147,0.0047592015439712,False,0.7476461068575141,0.9811407643262153,252.0,0.9748664392169628,0.0597315585530164,-35.45052690984824,0.423611065467608,0.3688299627882904,0.117617261537319,0.250286283104731,0.0778649627365001,False,0.6718487541587689,0.7627162361157898
170,253.0,0.9042441480800758,0.1189815656027538,-34.06707105448809,0.2203290275735418,0.6078571400069657,0.3660714274386309,0.3660714274386309,0.0260714325544033,False,0.6078571400069658,0.9335154730220858,253.0,0.979342311886106,0.0552686222331602,-36.53769917932506,0.4042133082881536,0.2954928222699872,0.1113928030874522,0.362666003184992,0.1001226914602025,False,0.5372113053548055,0.7836535494088432
171,255.0,0.8598810978249367,0.16325837465613,-29.93583768583072,0.1502079988152205,0.6582142890138105,0.4011309488556523,0.4011309488556523,0.0,False,0.5988690511443477,1.0,255.0,0.99804344798669,0.019332350833477,-51.24365528294536,0.4195038881634642,0.321066011624053,0.0557124656284878,0.4211244149542871,0.0366828569643111,False,0.5421927280814018,0.919872707983473
172,256.0,0.8583281452402739,0.1451088032660615,-26.33573231136831,0.2713031018103726,0.8457857102422385,0.2705357133443917,0.2705357133443917,0.0,False,0.7294642866556083,1.0,256.0,0.9697019423350792,0.0671058641080862,-33.82077383363947,0.3594857916210016,0.3126257651069093,0.0917338996595811,0.2193747932140133,0.0073986148383049,False,0.7732265919476817,0.9673744161546578
173,257.0,0.8964430232029462,0.1321137043023517,-25.53002047825029,0.4061904757928277,1.0,0.0938095242071722,0.0938095242071722,0.0,False,0.9061904757928279,1.0,257.0,0.994939329413726,0.0292062210928347,-45.46722957785829,0.4216645388393774,0.4093276106453077,0.0870035956963018,0.08049123530584,0.009523394128749,False,0.909985370565411,0.8942017071161819
174,258.0,0.907077945629314,0.1205501437561955,-34.39831604991802,0.0631163799744029,0.6035714352273893,0.4619047559524923,0.4619047559524923,0.0,False,0.5380952440475077,1.0,258.0,0.9919382671368916,0.0370320084165314,-42.14361707166309,0.359259551406764,0.1488236549295703,0.1033425795691307,0.4543537394077703,0.0285816867390524,False,0.5170645738531773,0.9408167527342196
175,259.0,0.936419952740282,0.1004695888427706,-35.30273052084027,0.3324768800922799,0.6950000072929113,0.268928565911141,0.268928565911141,0.0360714267959476,False,0.6950000072929114,0.8817330240706289,259.0,0.9989120564013269,0.0142652477772469,-55.499004948240525,0.4213366876134828,0.3635320224513795,0.1065007506340082,0.2904483137011878,0.1226131043629131,False,0.5869385819358992,0.7031601137245759
176,260.0,0.8263141764330897,0.1485409273375488,-29.7705227598924,0.5832318371921708,0.5864285717710148,0.1579761867040102,0.1579761867040102,0.2555952415249749,False,0.5864285717710149,0.38198041721717385,260.0,0.8922168141028092,0.1174898232936528,-25.979649831818318,0.5731677915761775,0.5896476587442421,0.1354172738295244,0.1886318160202428,0.2414114345813764,False,0.5699567493983808,0.43863452282148796
177,261.0,0.8121656732808361,0.1962377861358076,-18.79799424709851,0.4285714324635877,1.0,0.0714285675364123,0.0714285675364123,0.0,False,0.9285714324635876,1.0,261.0,0.9999126036171212,0.0042347602004967,-72.50200006036859,0.4165112817062612,0.4165112817062612,0.051571718479335,0.0003107066315136,1.2199272117596747e-05,False,0.9996770940963688,0.9622203497043212
178,263.0,0.6020772095878912,0.2239927420238625,-24.471948093018216,0.0,0.4828571415297383,0.5223809494727513,0.5223809494727513,0.0,False,0.47761905052724873,1.0,263.0,0.7903205547240428,0.1737425652875739,-20.50252819230364,0.3106413648126438,0.2881142620785996,0.0243458524609075,0.3341683460385191,0.0816666666669614,False,0.5841649872945195,0.8036080075710155
179,264.0,0.9506389558569042,0.0886575390861798,-37.6893368019381,0.4147348840917494,0.6701785705624953,0.2220535682169892,0.2220535682169892,0.1077678612205155,False,0.6701785705624953,0.6732539137790148,264.0,0.9971138734644374,0.0222814737638218,-49.2559960621069,0.4584960848415491,0.4265810569987565,0.1125948495467083,0.2629541963583938,0.1771435815268904,False,0.5599022221147159,0.5974903977518727
180,265.0,0.910368960192681,0.1089440604947579,-32.50496122802244,0.3175829790139844,0.7048214353323551,0.2761607088942382,0.2761607088942382,0.0190178557734066,False,0.7048214353323552,0.9355716910039871,265.0,0.9925014045149956,0.0325085724224364,-43.96752040615648,0.3353892798090709,0.3045274802696328,0.1272328134792463,0.2477388177068241,0.1244596799779796,False,0.6278015023151964,0.6656093972647404
181,266.0,0.8511690242449342,0.1591681301235902,-33.51759444363886,0.0294661273310475,0.4919805270280845,0.4855032391461946,0.4855032391461946,0.0225162338257209,False,0.4919805270280845,0.9556784040304579,266.0,0.997195725496798,0.0219617528073434,-49.45833986277501,0.3588016406632803,0.1906563693208473,0.0693198132728364,0.4674206929684144,0.1042080767117421,False,0.42837123031984353,0.8176997340948222
182,269.0,0.8826716303100293,0.131672202233076,-29.427695373001526,0.1940768786652706,0.7557142862616091,0.353333330159594,0.353333330159594,0.0,False,0.646666669840406,1.0,269.0,0.993541455471048,0.0310223033414676,-44.62268418781432,0.3436385370375564,0.2577835547024349,0.1005841298318592,0.3138373631670764,0.0118540864892129,False,0.6743085503437107,0.9636033230171599
183,271.0,0.9532859282428215,0.0842033634933895,-33.82575068690705,0.4641196912871708,0.9091071409057094,0.0780654744158796,0.0780654744158796,0.0128273846784109,False,0.9091071409057094,0.8588735704187277,271.0,0.9868484307525236,0.0451695449895328,-39.362650837175984,0.4608446646708607,0.4534551339608346,0.1261137658090525,0.1334326422593173,0.1009295672315107,False,0.765637790509172,0.5693436776740207
184,272.0,0.9265949708748368,0.1089833978005434,-27.97275860525381,0.4163095238655109,1.0,0.083690476134489,0.083690476134489,0.0,False,0.916309523865511,1.0,272.0,0.9979643499880252,0.0184390899935004,-51.90595376330539,0.4255453433722999,0.4132589430484201,0.1043138364995427,0.0755537213185111,0.0087791992382337,False,0.9156670794432552,0.8958983137275974
185,274.0,0.8056779836602221,0.1657673851431245,-24.153747881847007,0.2647230132513824,0.8176785721076656,0.283541664520571,0.283541664520571,0.0,False,0.7164583354794289,1.0,274.0,0.9427048304647891,0.0902496390629344,-29.672459535117333,0.3516475681837813,0.3204679956551878,0.0733145706113505,0.1874480464172332,0.0117831935324724,False,0.8007687600502944,0.9408566972958309
186,275.0,0.7947006367903732,0.1831922462374319,-23.572515823877094,0.234894482556893,0.8235714363436334,0.3065476136114251,0.3065476136114251,0.0,False,0.6934523863885749,1.0,275.0,0.9872887613469156,0.0456856049202924,-39.20360830107324,0.3294264242514186,0.2990427953292475,0.0515125565861691,0.2296030201511252,0.0100016914563008,False,0.760395288392574,0.9582575342980408
187,276.0,0.8849942949480527,0.1370860763297547,-34.80488656241764,0.0,0.5205519502587574,0.5397781337073355,0.5397781337073355,0.0,False,0.4602218662926645,1.0,276.0,0.9816021117098904,0.0550237808090513,-36.59985732392605,0.3985077202343446,0.0,0.098273105651801,0.5423198383091851,0.0101669765249544,False,0.4475131851658605,0.981597793373573
188,277.0,0.9020199039669736,0.13150522855827,-28.554471186320328,0.4663692841390183,0.8897889576156512,0.0850297608019854,0.0850297608019854,0.0251812815823633,False,0.8897889576156512,0.771517617131808,277.0,0.9880197498802934,0.0469143833801738,-38.83203356133995,0.481507207877587,0.4715391329928849,0.0739841384402502,0.154440058577666,0.1040050484206688,False,0.7415548930016652,0.5975739311584687
189,278.0,0.8779553885637766,0.1356851738345741,-30.581285659789188,0.3019767387454475,0.6805357173153919,0.2944940434853041,0.2944940434853041,0.0249702391993039,False,0.6805357173153921,0.921837148774607,278.0,0.9720018219867448,0.0652963410773464,-34.203469874861355,0.3687996053580362,0.3224509551066846,0.1026866305093123,0.2742164271244349,0.1204978696090133,False,0.6052857032665517,0.6947212943482868
190,282.0,0.8750929826223918,0.1316790758559763,-32.15112374923159,0.1757882234024596,0.6003571468664157,0.3944642837453832,0.3944642837453832,0.005178569388201,False,0.6003571468664157,0.9870420067627983,282.0,0.9949150525657592,0.0303450668286522,-44.93169844361956,0.3062008950758799,0.2230251868411797,0.1043166460491439,0.3506252098381152,0.1049080275509569,False,0.5444667626109279,0.7697028033514167
191,285.0,0.900927467487592,0.1215090376562232,-32.14489599853052,0.2787056406739917,0.6842857098993586,0.309285712818442,0.309285712818442,0.0064285772821994,False,0.6842857098993586,0.9796379907917688,285.0,0.9801873211196152,0.056323597320295,-36.2729837481661,0.402012374068708,0.326897207660205,0.1029659218182706,0.3097983480905115,0.0818647313329921,False,0.6083369205764964,0.7909817503005635
192,287.0,0.911591024720554,0.119431085134111,-29.409327441490007,0.3676342176194228,0.8858928588609591,0.1743154719380175,0.1743154719380175,0.0,False,0.8256845280619824,1.0,287.0,0.9949318159880212,0.0319256523633769,-44.22083620233615,0.3911462504964264,0.363399982514533,0.0935710827457653,0.1832666834255794,0.0594813553226087,False,0.7572519612518119,0.7549666904443624
193,288.0,0.8375592791863709,0.1764270404292355,-21.104568072570245,0.3836904735864199,1.0,0.11630952641358,0.11630952641358,0.0,False,0.88369047358642,1.0,288.0,0.9999638363263428,0.0030383201481625,-77.1503069878963,0.3865770567432415,0.3801518570214714,0.0567622646504296,0.0560385852635365,0.0016857778831805,False,0.942275636853283,0.9707960765388474
194,290.0,0.858688672855001,0.1371717029966451,-31.99140449786088,0.1735080561034378,0.5655357216924618,0.4018749962720861,0.4018749962720861,0.032589282035452,False,0.5655357216924619,0.9249897318085528,290.0,0.9471992702781478,0.0839206406771407,-30.69037152761013,0.3857140324570987,0.2732676216553754,0.1125132843566578,0.3675204182576314,0.0948620776122184,False,0.5376175041301502,0.7948406817741648
195,292.0,0.940159588359332,0.0950592445148764,-29.836669753037903,0.4424999983436314,1.0,0.0575000016563685,0.0575000016563685,0.0,False,0.9424999983436315,1.0,292.0,0.9946017609413528,0.0285787097139955,-45.77130555552069,0.4534652254259881,0.4429431017296917,0.1138411904204662,0.0696558389649562,0.0168194050691535,False,0.9135247559658903,0.8055003457114365
196,293.0,0.9638476127976116,0.0710933648019925,-40.61873771035568,0.4426763503830684,0.6396428593071506,0.21684523349332,0.21684523349332,0.1435119071995293,False,0.6396428593071507,0.6017508993339145,293.0,0.9910241153156364,0.0367755314090979,-42.240915872447154,0.4598032408703292,0.4382225354915105,0.1364589031424864,0.2518192210523847,0.1975461431992836,False,0.5506346357483318,0.5603885859599821
197,294.0,0.8228901507734483,0.1792934319530702,-27.97290192012683,0.2974706451403824,0.6589285746858379,0.3039880917867711,0.3039880917867711,0.037083333527391,False,0.6589285746858379,0.8912739949022894,294.0,0.9966831522914952,0.0270650725745569,-46.5331570414395,0.3555489947053539,0.3284771824799559,0.0538193003023887,0.2866005468416555,0.1458369160077048,False,0.5675625371506398,0.6627560548367496
198,299.0,0.9499827025682992,0.0889043825622112,-32.64680648466184,0.4504647853163274,0.9541071421982148,0.0702083310209064,0.0702083310209064,0.0,False,0.9297916689790936,1.0,299.0,0.998054725780685,0.0178880220590149,-52.33073528370814,0.4536672252208996,0.4438281237670942,0.1126204103050795,0.1218591286876554,0.0780355973610515,False,0.8001052739512932,0.6096165271412057
199,300.0,0.9252383567402238,0.1045556912900769,-35.79259471847673,0.4324625041660986,0.6151785820430311,0.233958329900321,0.233958329900321,0.1508630880566479,False,0.6151785820430311,0.6079659784593446,300.0,0.9694477550113128,0.0696120064155354,-33.30745508768419,0.414282769023796,0.4038061777182797,0.1207663334471444,0.2508150203400561,0.2134970687060562,False,0.5356879109538877,0.5401862804290388
200,301.0,0.8814709953851027,0.1396860213294716,-25.533527705554395,0.3351628597507563,0.992321431293218,0.1674107112958013,0.1674107112958013,0.0,False,0.8325892887041987,1.0,301.0,0.9887361122051704,0.0446002205707114,-39.5402306421138,0.3819413113115516,0.3567051736973658,0.0825736416038553,0.1400929972865945,0.0004872758566374,False,0.859419726856768,0.9965338247981569
201,302.0,0.9290278204595166,0.0993478334689935,-32.33979573624078,0.2604764049699107,0.8096428578267878,0.2891071390837137,0.2891071390837137,0.0,False,0.7108928609162863,1.0,302.0,0.9967318566689434,0.0228586358055073,-48.89796817823987,0.3579555020255975,0.2843081039339539,0.1215031312419413,0.2724838995402081,0.0179550700378484,False,0.7095610304219435,0.9381795422841048
202,303.0,0.9163849674663456,0.1092117431925785,-40.610248491120736,0.0,0.4103571416359124,0.5516071404805735,0.5516071404805735,0.0380357178835141,False,0.4103571416359124,0.9354936342499918,303.0,0.9635460555407118,0.0747666348597323,-32.3073697215621,0.36795273570987,0.0,0.1304122249837839,0.554586409477766,0.0912821882038299,False,0.35413140231840406,0.8586675547758543
203,304.0,0.8768664484483181,0.1396534160016157,-29.808300796957237,0.3311288637220035,0.7155357178977935,0.2630654707799956,0.2630654707799956,0.0213988113222109,False,0.7155357178977936,0.9247750502661617,304.0,0.9920849861789144,0.0384901856918177,-41.60292782193299,0.338825337210293,0.3143872750753722,0.0914586013103071,0.2378708491000356,0.1379637173521489,False,0.6241654335478155,0.6329137081389204
204,307.0,0.9279965451805712,0.0989512728807526,-35.69177334503038,0.4335404378643265,0.6323214279309067,0.2258630912638385,0.2258630912638385,0.1418154808052547,False,0.6323214279309068,0.6142949533142631,307.0,0.974433914965882,0.0592810559182819,-35.55651680072779,0.4969827559890021,0.4568034649031535,0.1339388501170196,0.2616691379698747,0.1727258595269536,False,0.5656050025031717,0.6023760390375702
205,308.0,0.9161967035558588,0.1185385993074757,-31.168985113043696,0.2885312659041226,0.8044642943582642,0.2678868987741433,0.2678868987741433,0.0,False,0.7321131012258567,1.0,308.0,0.9954914284139486,0.030859415938117,-44.69638701767271,0.4084584289829661,0.3355369643277291,0.0941318342850152,0.2929778563378527,0.0329406593182484,False,0.6740814843438989,0.8989297700625074
206,309.0,0.8764805414551609,0.1438457853999353,-23.14618883184804,0.4285714292566155,1.0,0.0714285707433844,0.0714285707433844,0.0,False,0.9285714292566156,1.0,309.0,0.9779010047671468,0.0626361694966928,-34.7857733234146,0.4336621788034011,0.4336621788034011,0.0997630695329737,0.0127811417976865,0.0034127157391036,False,0.9838061424632099,0.7892586289986555
207,310.0,0.8370131853562887,0.1435393451042708,-28.26985346017303,0.3058627377864162,0.6782142902759907,0.2925595203703143,0.2925595203703143,0.029226189353695,False,0.6782142902759907,0.9091749929517944,310.0,0.922260770520124,0.0991325036046182,-28.358170648788036,0.3608093433906557,0.3262472563268792,0.1192697994634682,0.2346801756461882,0.1057544348948361,False,0.6595653894589757,0.6893546319313145
208,312.0,0.928959955388324,0.1026840894424102,-29.24997263515526,0.3819047598303567,1.0,0.1180952401696432,0.1180952401696432,0.0,False,0.8819047598303568,1.0,312.0,0.9951770377830936,0.0297285891585585,-45.219045375395154,0.3887767226716058,0.366235274969915,0.1141271385848693,0.1207368743367684,0.0067567678434393,False,0.8725063578197924,0.9470030997005415
209,313.0,0.9372949852838752,0.1016437214877629,-32.17619481146021,0.5137358937782183,0.8753571463018752,0.0502976140694555,0.0502976140694555,0.0743452396286692,False,0.8753571463018752,0.4035338776122088,313.0,0.995498110594722,0.0278142918506786,-46.15087413054788,0.4616019605532439,0.4800476037054065,0.1064550119115518,0.1062583672511608,0.165526767838863,False,0.7282148649099762,0.39096460229866764
210,314.0,0.863967214115206,0.1375856040135721,-31.1757721116209,0.201825954812319,0.6128571434646243,0.3763095218567018,0.3763095218567018,0.0108333346786739,False,0.6128571434646243,0.9720172166532434,314.0,0.9637369325446234,0.0721226992347603,-32.811410360956614,0.4173627932919475,0.2958962627159909,0.1092464896729842,0.3668039217249887,0.0594977438350384,False,0.5736983344399729,0.8604327671183809
211,315.0,0.928533874443195,0.1002668628999664,-37.17550444128358,0.2520378644186958,0.5710357219795427,0.3560773761254879,0.3560773761254879,0.0728869018949693,False,0.5710357219795429,0.8300863134074457,315.0,0.979344849277104,0.0539046952340591,-36.88752772674063,0.4382964180781358,0.3193135307882899,0.128144402221932,0.3675107821947481,0.1289934738167197,False,0.5034957439885323,0.7401966403008229
212,317.0,0.8256343588742474,0.1627369916958803,-24.605138411113952,0.3044640589633031,0.8461038966486474,0.2423917733216856,0.2423917733216856,0.0,False,0.7576082266783144,1.0,317.0,0.9701888705621527,0.0673031879758906,-33.77966743357039,0.3455383824543797,0.3246132627369248,0.070033248959651,0.1665253210022129,0.0427968756097658,False,0.7906778033880214,0.7955454495392167
213,321.0,0.870689576943799,0.1356305699225241,-24.37188138180457,0.4189285701726808,1.0,0.0810714298273191,0.0810714298273191,0.0,False,0.9189285701726809,1.0,321.0,0.9640696403356988,0.0719750028268823,-32.8401096449121,0.4228370563832881,0.4189603736507273,0.1027199004291323,0.0389202666804808,0.0085134091187096,False,0.9525663242008097,0.8205197262225478
214,322.0,0.8727685322671724,0.1547234465275419,-24.48348472547649,0.3600108209008953,1.0,0.1399891790991046,0.1399891790991046,0.0,False,0.8600108209008954,1.0,322.0,0.9988737038383332,0.0155211632971216,-54.31771137254417,0.4200501671125052,0.3968048841026647,0.0626449964672152,0.156033412079607,8.058210472550176e-05,False,0.8438860058156675,0.9994838252320266
215,323.0,0.866643334794463,0.1457485706296022,-26.35121350800513,0.3453061230035839,0.8750000003471383,0.197857142251995,0.197857142251995,0.0,False,0.802142857748005,1.0,323.0,0.9854637859601516,0.0511445406158641,-37.62339335151949,0.3624076639906279,0.3374775099520839,0.0857357418181963,0.1754594316653546,0.0512955964600622,False,0.7732449718745832,0.7737840837130592
216,324.0,0.8180403235680789,0.163955196877019,-32.084588676931844,0.0,0.4832142891519115,0.5864880906863748,0.5864880906863748,0.0,False,0.41351190931362525,1.0,324.0,0.9627286552882184,0.0772975039996284,-31.84131059172961,0.3159023418448544,0.0,0.0674677206970052,0.5375834973627582,0.0033516266086217,False,0.45906487602862006,0.9938040137160719
217,325.0,0.9196568371607516,0.1100927217381238,-29.68260082583599,0.3107686340880536,0.9153571450531358,0.2155357103290965,0.2155357103290965,0.0,False,0.7844642896709035,1.0,325.0,0.9947999809799116,0.0284967538494171,-45.81151137501118,0.3760693540931781,0.330350171095268,0.1113596828156327,0.200382090648494,0.0105094746575246,False,0.7891084346939814,0.9501664533511588
218,326.0,0.8942655740671887,0.1297449327114372,-41.40737165144738,0.2091417633878642,0.3405357129071341,0.4287797605060585,0.4287797605060585,0.2306845265868073,False,0.34053571290713425,0.6501940573556453,326.0,0.9879286695089868,0.0467307117732013,-38.88695167084144,0.3562137873687836,0.2620192005972744,0.0981858185642259,0.4244530559412536,0.2829266984872847,False,0.2926202455714617,0.6000356290718992
219,327.0,0.7156830760668813,0.1971493081811324,-20.82984410709656,0.2461957002630109,0.8078539011044404,0.3011098431073871,0.3011098431073871,0.0,False,0.6988901568926129,1.0,327.0,0.8789734544354488,0.1287402970907368,-24.699413465523133,0.2918555080205724,0.2861276089512555,0.0310863542300973,0.1091629417505029,0.0300000001100947,False,0.8608370581394024,0.7844253670625451
220,328.0,0.8646420234281096,0.1218814978028851,-38.122658492529006,0.245029152897005,0.3742045506876816,0.408308975934793,0.408308975934793,0.2174864733775254,False,0.3742045506876816,0.6524639582845808,328.0,0.9033087831547264,0.1030123687554009,-27.820686981415296,0.4318795056243927,0.2993606857128565,0.1745322282244461,0.4023577241607124,0.2392071431856008,False,0.35843513265368687,0.6271504950465467
221,335.0,0.946771355318766,0.0930772344557594,-30.67677137737577,0.5250117143597605,0.9521692303753952,0.0001,0.0001,0.0477307696246047,False,0.9521692303753954,0.0020907043893468704,335.0,0.9959725728082828,0.0266647134012042,-46.74179856359501,0.5036222575762306,0.5286213067366393,0.1152491965912976,0.0112767171517791,0.1094985934572516,False,0.8792246893909692,0.0933693906056981
222,337.0,0.8419275495204412,0.1666729700156871,-22.37883503700563,0.3404761935897274,1.0,0.1595238064102725,0.1595238064102725,0.0,False,0.8404761935897275,1.0,337.0,0.9992901634838764,0.0129060701143342,-56.9008053750652,0.3445790597467444,0.3325102833528482,0.0620840551896882,0.0918629634679661,2.3712696614941464e-05,False,0.908113323835419,0.9997419354186621
223,338.0,0.8954671016171888,0.1266778962601912,-30.65461749623392,0.4687374115240989,0.738749994410545,0.1537202398565585,0.1537202398565585,0.1075297657328964,False,0.7387499944105451,0.5884028193979234,338.0,0.9883929471761322,0.0425821768280342,-40.188472966013535,0.434195309807961,0.4405752244685917,0.1016624771356053,0.1666496143498292,0.1808657940939397,False,0.6524845915562312,0.4795459720652777
224,340.0,0.9047860098525492,0.1265564131618393,-28.522492986706062,0.389107874105211,0.9060714328597436,0.1474404709724826,0.1474404709724826,0.0,False,0.8525595290275174,1.0,340.0,0.99283839445287,0.0356000618834246,-42.69571063958103,0.4113067865346661,0.3893300406932699,0.0883116618629684,0.1681116191835963,0.0659845483278478,False,0.7659038324885559,0.7181305912467703
225,342.0,0.9790909636991394,0.0460280995362591,-51.89797885249462,0.3126669834922357,0.3787500010775614,0.3815773796653978,0.3815773796653978,0.2396726192570406,False,0.37875000107756157,0.6142090629009994,342.0,0.9476814042054532,0.0728881502035359,-32.6636088255966,0.5381075371673126,0.3441591321069737,0.2178607938858863,0.4145947584946043,0.2587850132525795,False,0.3266202282528161,0.615692326811179
226,343.0,0.822183841441004,0.1820825542646263,-19.846131398429318,0.3873917760721758,1.0,0.1126082239278241,0.1126082239278241,0.0,False,0.8873917760721759,1.0,343.0,0.9980142952253626,0.0210212231288789,-50.07111816976551,0.3774598357214561,0.3774598357214561,0.05489286714201,0.0010308911394598,1.1875717907505743e-05,False,0.9989572331426327,0.988611339319425
227,344.0,0.9114449724020476,0.1264900111078467,-28.394863539871707,0.3437480493142689,0.951607145220034,0.172886900117093,0.172886900117093,0.0,False,0.827113099882907,1.0,344.0,0.993762403770966,0.0336046286489659,-43.50328049727344,0.4426413347118859,0.3913010446564612,0.0894611307336861,0.2238429378123742,0.001536157823323,False,0.7746209043643029,0.9931841157717394
