,subID,r_squared,nrmse,center,sigma,bias_lower,bias_upper,center_y,obj_center,bias_xmin,bias_xmax,aq_social_skill,aq_attn_switch,aq_img,aq_attn_to_det,aq_comm,panas_pos,panas_neg,ffi_neuroticism,ffi_extraversion,ffi_openness,ffi_agreeableness,ffi_conscientiousness,ucla,friend_num
0,1.0,0.9980833404181249,0.0186228324507478,0.3543840076784177,0.0919673675501587,0.1583333333333333,0.0358333333333332,0.56125,0.3262044631436651,0.1750686895016072,0.0365529248329293,8.0,16.0,8.0,20.0,12.0,16.0,9.0,43.0,38.0,29.0,42.0,46.0,58.0,1.0
1,2.0,0.9943958199307866,0.0300650565989958,0.3953558762567765,0.1064765112049009,0.0708333333333333,0.0,0.5354166666666667,0.3790902311099852,0.0929669638889389,0.0031651921786344,7.0,14.0,9.0,21.0,12.0,26.0,5.0,28.0,34.0,40.0,44.0,36.0,41.0,4.0
2,3.0,0.991012012306145,0.0359944546260374,0.4964161636795848,0.1316427516288262,0.2791666666666667,0.1516666666666667,0.56375,0.4364197681355941,0.2919797872959002,0.1638152851830372,15.555555555555555,22.0,17.0,11.0,15.0,11.0,5.0,48.0,32.0,37.0,37.0,36.0,67.0,0.0
3,4.0,0.9908618579206968,0.0366920056286153,0.3531836487890623,0.114097681514672,0.2983333333333333,0.1458333333333332,0.57625,0.2889293748276217,0.3223983240919102,0.1477451479634693,10.0,14.0,6.0,15.0,12.0,19.0,13.0,40.0,37.0,52.0,50.0,45.81818181818182,36.0,3.0
4,5.0,0.9762993816140504,0.0640729580499713,0.5376504467331857,0.0933530177840599,0.1625,0.0308333333333332,0.5658333333333334,0.5069006571251209,0.1650356155389685,0.036491898725931,22.0,20.0,16.0,21.0,18.0,22.0,26.0,46.0,29.0,41.0,36.0,44.0,74.0,1.0
5,6.0,0.9691408981325936,0.0619980931013135,0.2527830102291268,0.1211226307923655,0.2091666666666666,0.0,0.6045833333333333,0.187151776091318,0.2964483504661481,0.0016518593233201,16.0,18.0,13.0,18.0,14.0,37.0,10.0,43.0,43.0,36.0,46.0,54.0,59.0,1.0
6,7.0,0.9943878172869208,0.0307728448046535,0.4485187469844418,0.0879774541326636,0.1841666666666666,0.0583333333333332,0.5629166666666667,0.4190163170048548,0.1887655970139991,0.059766220965849,16.0,15.0,14.0,11.0,10.0,3.0,3.0,37.0,29.0,39.0,40.0,39.0,51.72222222222222,4.0
7,8.0,0.9900758975728744,0.0377064217255841,0.293607464817936,0.099003596351946,0.1708333333333333,0.03,0.5704166666666667,0.2583455037376093,0.2099950893360849,0.0306361977627642,14.0,22.0,8.0,26.0,11.0,16.0,13.0,48.0,27.0,48.0,48.0,38.0,52.0,6.0
8,9.0,0.995136191276444,0.0294075129532683,0.4588268749143789,0.1092318859743498,0.1616666666666666,0.1408333333333332,0.5104166666666667,0.4522997311593776,0.1719666330962353,0.1457181092622752,26.0,16.0,10.0,16.0,16.0,19.0,4.0,30.0,29.0,44.0,40.0,47.0,57.0,2.0
9,10.0,0.9187210083703312,0.1141777871185587,0.357935780378838,0.1071852200738208,0.1183333333333333,0.0141666666666666,0.5520833333333333,0.3320700572013646,0.1480396091189129,0.0163326720453067,7.0,6.0,10.0,12.0,8.0,31.0,0.0,20.0,48.0,38.0,46.0,58.0,28.0,4.0
11,12.0,0.991172822170435,0.0404578532821761,0.3391317741046606,0.0686722192562046,0.2408333333333333,0.0,0.6204166666666666,0.2940047356055215,0.2462347864983634,5.021903314439413e-05,28.0,29.0,17.0,22.0,30.0,12.0,35.0,60.0,20.0,31.0,29.0,33.0,70.0,2.0
12,13.0,0.9925365087401632,0.0400410182730203,0.423925816573135,0.074711519606336,0.1725,0.1125,0.53,0.4113572624644349,0.1749465662922799,0.1128201989443589,10.0,22.0,6.0,19.0,14.0,20.0,6.0,32.0,31.0,41.0,38.0,31.0,44.0,4.0
13,14.0,0.9857988724381772,0.0486401270785985,0.4185484234583161,0.0677767162712426,0.2266666666666666,0.0366666666666667,0.595,0.3827789438535277,0.2281957315636095,0.0368051534182114,4.0,9.0,3.0,21.0,0.0,37.0,0.0,44.0,50.0,50.0,46.0,60.0,60.0,2.0
14,15.0,0.9071143432661256,0.1030888566965855,0.5345051792125177,0.2010284980883601,0.525,0.1933333333333332,0.6658333333333334,0.0,0.5434338061658958,0.2186388141676848,14.444444444444445,15.0,14.0,15.0,16.0,21.0,15.0,38.0,42.0,35.0,38.0,40.0,52.0,1.0
15,16.0,0.9467721980732098,0.0846255946642226,0.442736451672017,0.143271544107782,0.375,0.0891666666666667,0.6429166666666666,0.2722613835985737,0.3983160803546982,0.0999070768503668,20.0,18.0,9.0,15.0,12.0,36.0,10.0,29.0,37.0,33.0,41.0,50.0,49.0,4.0
16,17.0,0.973790092001624,0.0658837177556908,0.4412066260031918,0.0889982148750714,0.3783333333333333,0.26,0.5591666666666666,0.3807453453346426,0.3808583298413621,0.2606771555500666,14.0,17.0,12.0,16.0,15.0,28.0,16.0,41.0,40.0,36.0,41.0,43.0,50.0,4.0
17,18.0,0.9988464634411808,0.0155768303508329,0.4530263825478461,0.0639385128948994,0.2908333333333333,0.1141666666666667,0.5883333333333334,0.4138784861536179,0.2913311019657935,0.1142812660586343,16.0,15.0,9.0,5.0,13.0,12.0,1.0,28.0,36.0,33.0,41.0,43.0,34.0,2.0
18,19.0,0.9890645385818764,0.0427033052296266,0.438415915918241,0.110052304801536,0.0766666666666666,0.0566666666666667,0.51,0.4333356768278602,0.092506123161401,0.0619034644600714,10.0,18.0,8.0,14.0,7.0,24.0,1.0,17.0,37.0,48.0,45.0,43.0,30.0,3.0
19,20.0,0.9894190242297286,0.0398145240760387,0.4085627021359143,0.1209836764488914,0.2066666666666666,0.0591666666666667,0.57375,0.3592791236454218,0.2309101988839601,0.0646552000102537,10.0,20.0,8.0,14.0,8.0,30.0,10.0,32.0,39.0,51.0,43.0,52.0,53.0,4.0
20,21.0,0.9966839013765102,0.0251328418089441,0.3804937516463455,0.0806785613539546,0.1366666666666666,0.0558333333333332,0.5404166666666667,0.3642871083320843,0.1438292033232324,0.0562066916524717,7.0,9.0,7.0,10.0,4.0,33.0,0.0,12.0,42.0,43.0,51.0,50.0,20.0,4.0
21,22.0,0.9492985182226517,0.0866534422046137,0.4183355182422549,0.0749519253629768,0.33,0.2133333333333332,0.5583333333333333,0.3791715135168772,0.331713964164826,0.2135279013865726,6.0,11.0,6.0,13.0,4.0,23.0,1.0,27.0,52.0,44.0,48.0,53.0,29.0,6.0
24,25.0,0.9913805146922924,0.0386668716264121,0.3136219373415712,0.0217025365271649,0.1025,0.0216666666666667,0.5404166666666667,0.3096045177498004,0.1025004639381198,0.0216666666666828,24.0,16.0,11.0,12.0,12.0,14.0,0.0,25.0,22.0,51.0,33.0,34.90909090909091,65.0,0.0
25,26.0,0.9985288737416442,0.0171028099382744,0.4706928896741743,0.0872263240404565,0.1666666666666666,0.025,0.5708333333333333,0.4397997842845838,0.17031483741849,0.0268672337739634,21.0,15.0,8.0,15.0,11.0,17.0,6.0,34.0,26.0,32.0,44.0,56.0,35.0,1.0
26,27.0,0.9925886882981678,0.0386440646066358,0.4872244798253245,0.0567484750675031,0.0,0.0,0.5,0.4872244798253245,0.0001867255178576,0.0001190396606836,21.0,15.0,18.0,13.0,9.0,13.0,16.0,36.0,24.0,41.0,39.0,47.0,74.0,1.0
27,28.0,0.981842467438399,0.0596131978542083,0.3553848703773268,0.105870415244216,0.2416666666666666,0.2183333333333332,0.5116666666666667,0.3462298746490002,0.2598503472684879,0.2195554509947389,19.0,17.0,15.0,17.0,14.0,19.0,4.0,41.0,31.0,41.0,40.0,38.0,54.0,2.0
28,29.0,0.979434648468044,0.0604177598075198,0.5033714792909455,0.0742478037373667,0.0758333333333333,0.0,0.5379166666666667,0.4911590788648998,0.0768826529439842,0.0011489528593228,22.0,16.0,14.0,14.0,17.0,13.0,1.0,31.0,29.0,42.0,40.0,43.63636363636363,43.0,1.0
29,30.0,0.9675983313068208,0.0706799874640143,0.3893368571267416,0.0758106198491483,0.3266666666666666,0.0341666666666666,0.64625,0.3143896145990801,0.330405032738396,0.034369521305796,4.0,9.0,6.666666666666667,21.0,6.0,35.0,0.0,24.0,52.0,37.0,39.0,58.0,23.0,15.0
30,31.0,0.9950412576012873,0.0286677672084131,0.3324322084704035,0.1112261100651188,0.2458333333333333,0.0491666666666666,0.5983333333333333,0.2686876903472154,0.2796272150099399,0.0509065683211041,19.0,16.666666666666668,16.0,23.0,19.0,4.0,12.0,46.0,31.0,35.0,42.0,36.0,62.0,6.0
31,32.0,0.981502849049172,0.05842954436307,0.4267637625242909,0.0681947943493879,0.24,0.1266666666666667,0.5566666666666666,0.4020915648347627,0.2412105475922131,0.1268082181643185,10.0,16.0,7.0,15.0,10.0,8.0,1.0,37.0,46.0,45.0,42.0,44.0,46.0,5.0
32,33.0,0.9891411899677685,0.0437808056843615,0.3771127834641566,0.0847178896495722,0.1175,0.0141666666666666,0.5516666666666667,0.3568536034956924,0.1275100134802201,0.0147229082765236,20.0,20.0,9.0,6.0,14.0,26.0,5.0,26.0,41.0,37.0,41.0,56.0,50.0,3.0
33,34.0,0.9978851138850362,0.0203782154918291,0.471903276668263,0.0627414435177574,0.2783333333333333,0.0566666666666667,0.6108333333333333,0.4284142219896684,0.2786931535622158,0.0568136456351567,6.0,9.0,6.0,14.0,7.0,28.0,8.0,26.0,47.0,43.0,45.0,42.0,28.0,15.0
34,35.0,0.9851667455039704,0.0509625198846304,0.3984538572697986,0.0595819634557367,0.0841666666666666,0.0024999999999999,0.5408333333333333,0.3877701547694966,0.0853036335233567,0.0025376639541287,14.0,13.0,12.0,17.0,12.0,28.0,0.0,28.0,41.0,44.0,41.0,48.0,51.0,5.0
35,36.0,0.9206842837760952,0.1208117066436686,0.4072215442661798,0.0726415373249939,0.0,0.0,0.5,0.4072215442661798,0.0036626286714424,0.0002856882464403,6.666666666666667,18.0,9.0,18.0,13.0,33.0,14.0,38.0,42.0,42.0,35.0,46.0,36.0,4.0
36,37.0,0.999999999839334,6.76787600612784e-06,0.3622992830612186,0.0125795420598723,0.0833333333333333,0.0,0.5416666666666666,0.3600057613691076,0.0833333333336179,0.0,9.0,14.0,9.0,19.0,8.0,31.0,12.0,36.0,42.0,39.0,42.0,43.0,50.0,4.0
37,38.0,0.8977535448699859,0.1058616672456946,0.5243593021220252,0.196057944400411,0.4518181818181818,0.0466666666666667,0.7025757575757575,0.0848668038535715,0.4841630052948384,0.0873946431257822,12.0,14.0,13.0,17.0,17.0,27.0,18.0,37.0,36.0,39.0,42.0,37.0,49.0,2.0
38,39.0,0.9840837025471668,0.0532818462974215,0.4328206727359362,0.1070718625324607,0.1425,0.0,0.57125,0.3969009820327052,0.1572948478951388,0.0042709841149711,12.0,14.0,9.0,22.0,13.0,12.0,18.0,44.0,38.0,42.0,41.0,41.0,56.0,3.0
39,40.0,0.9863189908890364,0.0462308123456275,0.4766852398733881,0.1083581067063825,0.2058333333333333,0.2158333333333333,0.495,0.4804328678035811,0.2128533966499931,0.2204179119677192,22.0,16.0,14.0,16.0,12.0,23.0,2.0,32.0,32.0,39.0,45.0,47.0,40.0,4.0
40,41.0,0.9390646717039788,0.0836515427859769,0.2880579744144344,0.1538348660411689,0.3233333333333333,0.0433333333333333,0.64,0.1419626924301854,0.4077256802708109,0.0494640212412501,19.0,19.0,6.0,23.0,12.0,10.0,16.0,41.0,31.0,38.0,35.0,29.0,63.0,5.0
41,42.0,0.9948646270709478,0.0291889460589365,0.4422308645854973,0.0876415913616782,0.0133333333333333,0.0,0.5066666666666667,0.4398620287250266,0.0196425745214888,0.0016962258620643,19.0,25.0,12.0,19.0,19.0,13.0,20.0,49.0,31.0,31.0,36.0,32.0,52.0,5.0
42,43.0,0.8749092495853403,0.1137543780673357,0.4085988986889038,0.2219915079026157,0.5316666666666666,0.1216666666666667,0.705,0.0,0.5791529415989964,0.144244040358937,19.0,18.0,15.0,22.0,22.0,30.0,11.0,47.0,35.0,48.0,42.0,36.0,47.0,4.0
43,44.0,0.9952965992456532,0.0268618908900231,0.4392114523871691,0.1076896920847223,0.1733333333333333,0.1591666666666666,0.5070833333333333,0.4346396678319793,0.1844479053720706,0.1628017425843737,11.0,18.0,8.0,25.0,11.0,17.0,0.0,53.0,38.0,45.0,40.0,50.0,41.0,6.0
44,45.0,0.9683798959291054,0.0734447321239233,0.412520075280085,0.0526289668271242,0.0772727272727272,0.1183333333333332,0.479469696969697,0.4178976819779926,0.0775898153824321,0.1183447509516876,25.0,20.0,20.0,8.0,13.0,8.0,0.0,20.0,18.0,23.0,42.54545454545455,50.0,48.0,1.0
45,46.0,0.9794131569535334,0.0579901193946472,0.4533570741125118,0.1133398370496027,0.2016666666666667,0.1091666666666667,0.54625,0.4227474090234442,0.2140624072683834,0.1146649167152005,23.0,25.0,20.0,14.0,17.0,21.0,8.0,51.0,32.0,46.0,41.0,28.0,41.0,4.0
46,47.0,0.999266667167488,0.0130171100445894,0.3681950709961825,0.0458558274527026,0.0658333333333333,0.0,0.5329166666666667,0.361721163001394,0.0661375311284198,9.698016683046262e-07,12.0,15.0,11.0,13.0,7.0,7.0,0.0,33.0,36.0,35.0,45.0,39.0,37.0,1.0
47,48.0,0.983405582766714,0.0507408459621726,0.4033401564304174,0.113410425662793,0.0866666666666666,0.0875,0.4995833333333333,0.4035690372864336,0.1095815944120708,0.0917637526307042,12.0,22.0,12.0,18.0,16.0,19.0,14.0,47.0,30.0,36.0,39.0,43.0,42.0,6.0
48,49.0,0.9948201569074644,0.0319810310822115,0.4610683764646683,0.0786634254454656,0.0633333333333333,0.015,0.5241666666666667,0.4528103873357774,0.0659504151745313,0.0159743525307483,4.0,8.0,4.0,15.0,5.0,20.0,10.0,41.0,34.0,48.0,43.0,50.0,57.0,3.0
49,50.0,0.9690895475924998,0.0647583097817866,0.4740964010219015,0.1505127672393537,0.2633333333333333,0.0925,0.5854166666666667,0.3923095316313283,0.2898061382522748,0.1114907757230331,11.0,13.0,13.0,19.0,12.0,23.0,2.0,21.0,45.0,42.0,50.0,42.0,42.0,5.0
50,51.0,0.9879502065363558,0.0453529453329697,0.3539053199468743,0.0830644658252784,0.0833333333333333,0.0,0.5416666666666666,0.3387608772233513,0.0960908236031782,0.0003836952393905,7.0,14.0,7.0,4.0,6.0,29.0,0.0,27.0,46.0,37.0,45.0,45.0,31.0,6.0
53,54.0,0.9960314564157806,0.0256565828965913,0.3697210252676329,0.1127486591392793,0.4216666666666666,0.0408333333333332,0.6904166666666667,0.1703317834683536,0.4411741776489134,0.0428331934688734,16.0,17.0,8.0,11.0,12.0,25.0,8.0,26.0,30.0,47.0,40.0,46.0,45.0,5.0
54,55.0,0.9893517330855808,0.0433282468738543,0.4447443657516428,0.1110497183497533,0.27,0.1916666666666667,0.5391666666666666,0.4121954556656925,0.2796359800258708,0.1952694244581885,19.0,17.0,12.0,16.0,16.0,24.0,4.0,37.0,31.0,45.0,35.0,38.0,40.0,4.0
55,56.0,0.9970631381878172,0.0211449781013218,0.4269327643381764,0.1134972877463015,0.2458333333333333,0.0241666666666666,0.6108333333333333,0.3557611764802474,0.2624175648262326,0.028819513156443,10.0,13.0,3.0,13.0,5.0,27.0,5.0,28.363636363636363,41.0,25.0,48.0,53.0,25.0,2.0
56,57.0,0.9662787894918536,0.0746161299432965,0.453960151230841,0.0918798169004038,0.3716666666666666,0.2175,0.5770833333333334,0.381462610948769,0.3745828053418122,0.2185752869619452,7.0,15.0,11.0,18.0,8.0,22.0,6.0,28.0,48.0,49.0,50.0,49.0,36.0,5.0
57,58.0,0.9994022913805252,0.0122222446451619,0.3963626028337801,0.0718578287615575,0.12,0.0408333333333332,0.5395833333333333,0.38276408362926,0.1233617689386342,0.0410219090525312,3.0,8.0,5.0,17.0,6.0,31.0,3.0,28.0,54.0,43.0,46.0,44.0,32.0,10.0
58,59.0,0.9562277554538074,0.0787837564997649,0.3933193185999074,0.1151747421012472,0.2083333333333333,0.2283333333333332,0.49,0.401500845448592,0.2262645720544837,0.2312233085120174,13.0,18.0,7.0,24.0,12.0,29.0,24.0,34.0,35.0,40.0,43.0,46.0,45.0,5.0
59,60.0,0.9807248122845962,0.0521320759411299,0.3775936635868208,0.1268742680283517,0.1091666666666666,0.02,0.5445833333333333,0.3515203808064059,0.1514161922320852,0.0264005221592185,9.0,16.0,11.0,18.0,8.0,31.0,0.0,14.0,44.0,37.0,45.0,59.0,27.0,5.0
60,61.0,0.975876413358334,0.066738792867108,0.420847985189369,0.090959166037747,0.3233333333333333,0.1191666666666667,0.6020833333333333,0.3509825120618,0.3287362804467143,0.1201222646205761,8.0,15.0,10.0,19.0,5.0,16.0,2.0,40.0,44.0,37.0,49.0,46.0,35.888888888888886,5.0
61,62.0,0.998170661102604,0.0166369541705016,0.4420629450744543,0.1206534271586181,0.0383333333333333,0.0241666666666666,0.5070833333333333,0.4384162528012823,0.0617629410985907,0.0332747188447335,24.0,19.0,21.0,6.0,20.0,20.0,13.0,43.0,31.0,38.0,45.0,34.0,46.0,7.0
62,63.0,0.9991782972881216,0.0146275973222091,0.4289494558383077,0.0675521415047645,0.1008333333333333,0.0091666666666667,0.5458333333333333,0.4149846997839224,0.1023853798642386,0.0093563366392802,19.0,24.0,14.0,26.0,16.0,11.0,24.0,53.0,19.0,40.0,45.0,36.0,58.0,2.0
63,64.0,0.97822941958135,0.0604469300053099,0.4212314476457821,0.1118657153653683,0.12,0.0341666666666666,0.5429166666666667,0.3984492492786896,0.1391426868795695,0.0389297519125426,18.0,18.0,16.0,16.0,13.0,9.0,21.0,53.0,24.0,35.0,42.0,30.0,68.0,1.0
64,65.0,0.9902750709562896,0.0480586137165614,0.4776428054542301,0.0653736025749699,0.2975,0.1483333333333333,0.5745833333333333,0.4415602462076943,0.2978717396899263,0.1485209768343073,9.0,6.0,9.0,11.0,2.0,33.0,1.0,24.0,46.0,45.0,47.0,55.0,23.0,2.0
65,66.0,0.9899388109203412,0.0407256566902038,0.4633589594269527,0.1058175979948857,0.1633333333333333,0.0208333333333332,0.57125,0.4260100918957322,0.1734370394172131,0.0259197719096416,9.0,17.0,14.0,11.0,9.0,15.0,8.0,39.0,29.0,39.0,35.0,41.0,53.0,10.0
68,69.0,0.9908416390541556,0.0392714653019119,0.393335146051046,0.1140911387475068,0.1808333333333333,0.0883333333333332,0.54625,0.3642988909988541,0.2033736545094499,0.0919010339605563,19.0,22.0,17.0,24.0,18.0,7.0,8.0,36.0,17.0,45.0,42.0,45.0,52.0,1.0
69,70.0,0.9942399330406766,0.0372640505816562,0.4699521790736612,0.0552057002736134,0.0175,0.0274999999999999,0.495,0.4711083616517398,0.0176918125114145,0.0275645909866046,24.0,15.0,10.0,17.0,11.0,6.0,1.0,42.0,30.0,42.0,45.0,42.0,44.0,3.0
70,71.0,0.9978849367920192,0.0172361986370273,0.465424727573009,0.1350001094521583,0.3125,0.0316666666666667,0.6404166666666666,0.3418454319422933,0.332726476090807,0.0439372634198343,7.0,13.0,14.0,18.0,10.0,25.0,6.0,33.0,45.81818181818182,33.0,47.0,42.0,45.0,8.0
71,72.0,0.9958243394562916,0.026526873162568,0.4956051735469731,0.0922990221222897,0.1791666666666666,0.0825,0.5483333333333333,0.471297047708182,0.1825885450288937,0.0856123576419569,14.0,20.0,12.0,20.0,12.0,17.0,11.0,52.0,31.0,48.0,47.0,36.0,47.0,5.0
72,73.0,0.9966543577455425,0.0254486896293251,0.4281404241565937,0.0815801811792718,0.1808333333333333,0.0016666666666667,0.5895833333333333,0.3917919041411893,0.1851088868643881,0.0024042049740502,7.0,9.0,16.0,18.0,10.0,20.0,2.0,14.0,37.0,36.0,40.0,43.0,27.0,6.0
73,74.0,0.9758259918379752,0.0655825485490868,0.3880400425732806,0.1125302015952784,0.1875,0.1483333333333333,0.5195833333333333,0.3747525564830316,0.2079689705562348,0.1512082136247129,16.0,16.0,10.0,15.0,17.0,16.0,1.0,40.0,30.0,39.0,42.0,34.0,54.0,2.0
74,75.0,0.9997809003678252,0.0079964906140017,0.44591105225055,0.067143920527758,0.0591666666666666,0.0158333333333332,0.5216666666666667,0.4396154821526811,0.0603727350159583,0.0160743896279852,28.0,22.0,10.0,7.0,19.0,7.0,17.0,53.0,21.0,33.0,37.0,32.0,69.0,2.0
75,76.0,0.9902907691689168,0.0373760656026496,0.276323000376951,0.0954028705810445,0.14,0.0,0.5700000000000001,0.244982769390271,0.1850061953311979,0.0004364594578651,23.0,20.0,10.0,15.0,11.0,20.0,6.0,25.0,17.0,42.0,36.0,46.0,62.0,3.0
76,77.0,0.9847751702582064,0.049408034578338,0.4722303076954421,0.1017799842339104,0.345,0.3475,0.4987499999999999,0.4738853032534071,0.3479421604832176,0.3492117141988093,17.0,15.0,12.0,16.0,15.0,14.0,9.0,39.0,27.0,30.0,40.0,40.0,41.0,5.0
77,78.0,0.9910386324861956,0.0378669456298331,0.4328177539292247,0.1088239504098381,0.2675,0.1616666666666667,0.5529166666666666,0.3919933872369757,0.2779992553419069,0.1647615063719361,8.0,15.0,6.0,22.0,5.0,26.0,1.0,25.0,43.0,36.0,43.0,54.0,26.0,8.0
80,81.0,0.9813450361185452,0.0491700055759065,0.2823846948917672,0.1198346688583275,0.1483333333333333,0.0141666666666666,0.5670833333333334,0.2436563022419471,0.2208225300641488,0.0162616353129373,13.0,10.0,8.0,7.0,3.3333333333333335,13.0,7.0,45.0,27.0,44.0,45.0,27.0,43.0,4.0
81,82.0,0.9915010042306076,0.0348006591722902,0.3009926597779317,0.100542357767067,0.255,0.0891666666666667,0.5829166666666666,0.2490193584287796,0.2862909556456002,0.0897932860781978,10.0,8.0,8.0,15.0,11.0,19.0,0.0,26.0,45.0,42.0,47.0,42.0,39.0,4.0
82,83.0,0.9936483696686934,0.0350061450975083,0.4176067395654959,0.0798707025177763,0.1216666666666666,0.03,0.5458333333333333,0.4002782272897217,0.1261906455318197,0.0305774646597863,12.0,12.0,11.0,18.0,8.0,22.0,8.0,39.0,34.0,46.0,42.0,36.0,52.0,2.0
83,84.0,0.9839161126883827,0.0548287082042339,0.3682933439370695,0.0751962128474752,0.1383333333333333,0.0,0.5691666666666667,0.3439384094315199,0.1447165262800008,0.0001935665863681,4.0,12.0,11.0,14.0,2.0,31.0,0.0,15.0,47.0,31.0,48.0,60.0,22.0,6.0
84,85.0,0.9942033182685356,0.0361196193766621,0.4925845695557475,0.0619772657134046,0.0,0.0,0.5,0.4925845695557475,0.0003533045572776,0.0002781360734409,25.0,12.0,10.0,13.0,16.0,26.0,5.0,28.0,38.0,43.0,40.0,45.0,53.0,4.0
85,86.0,0.986251712881906,0.0463579630458697,0.4739002551627667,0.1246991830917635,0.1825,0.1558333333333332,0.5133333333333334,0.4638434882810189,0.1969731843631365,0.1654279676965512,6.0,8.0,4.0,16.0,7.0,28.0,3.0,23.0,43.0,44.0,49.0,41.0,33.0,5.0
86,87.0,0.9630899807375948,0.0846013676933699,0.3556767865969938,0.0962450372926153,0.4516666666666666,0.1708333333333332,0.6404166666666666,0.1710361921603778,0.4608143983925518,0.171299935368294,12.0,16.0,14.0,16.0,12.0,26.0,12.0,43.0,39.0,35.0,39.0,42.0,47.0,5.0
87,88.0,0.9939416688159738,0.0363063069807618,0.3787039747355263,0.0765891827608888,0.28,0.0383333333333333,0.6208333333333333,0.3219348789378929,0.2848202701525925,0.038537704231794,23.0,19.0,8.0,19.0,20.0,24.0,11.0,60.0,33.0,54.0,39.0,34.0,56.0,3.0
88,89.0,0.9909606789734862,0.0433171782642706,0.4829068092361486,0.07663559940866,0.0675,0.0933333333333332,0.4870833333333333,0.4876266791116772,0.0690360884799198,0.0943172718269491,19.0,18.0,10.0,15.0,10.0,24.0,10.0,30.0,29.0,41.0,49.0,48.0,41.0,5.0
89,90.0,0.9995210114283112,0.0095147130955157,0.4219430875641151,0.0796054074748005,0.1991666666666667,0.0118181818181818,0.5936742424242424,0.3834036011871747,0.2030838623542281,0.0123717089669175,21.0,10.0,3.0,10.0,8.0,23.0,3.0,18.0,33.0,40.0,41.0,48.0,34.0,0.0
91,92.0,0.9906673776137952,0.0402025410103074,0.4086512665172636,0.0880039006970534,0.3058333333333333,0.2758333333333332,0.515,0.3960074886015242,0.3098207462157393,0.2763376747227677,19.0,18.0,11.0,12.0,11.0,16.0,6.0,30.0,33.0,36.0,38.0,33.0,38.0,7.0
92,93.0,0.9916726550845902,0.0394646210899117,0.3883399560271197,0.0653890560936785,0.1525,0.0791666666666667,0.5366666666666666,0.3758197691120545,0.1545191540134394,0.0792332015903071,9.0,13.0,2.0,7.0,2.0,14.0,1.0,26.0,44.0,37.0,46.0,58.0,34.0,10.0
93,94.0,0.9980855164911568,0.0175604120351426,0.3888283046417031,0.1070311886804018,0.2433333333333333,0.1083333333333332,0.5675,0.3435934017237251,0.2600341446079153,0.1104734876278614,10.0,12.0,11.0,18.0,7.0,29.0,3.0,23.0,37.0,41.0,42.54545454545455,48.0,38.0,3.0
95,96.0,0.989026308788936,0.0386836777629344,0.4668143397527208,0.1438973176944515,0.2641666666666666,0.0,0.6320833333333333,0.3586779866443494,0.2917900086286183,0.0176615237633174,18.0,17.0,5.0,13.0,4.0,26.0,0.0,26.0,34.0,44.0,47.0,55.0,31.0,2.0
96,97.0,0.9932433141083769,0.0352831604833221,0.3177606060231624,0.1038685254795082,0.1827272727272727,0.1374999999999999,0.5226136363636364,0.3039188025596886,0.2131943210419537,0.1384531887330915,19.0,20.0,18.0,16.0,11.0,9.0,20.0,46.90909090909091,21.0,37.0,40.0,32.72727272727273,70.0,0.0
97,98.0,0.984098401646029,0.0429669024466097,0.4074356069441384,0.1747202596755986,0.3790909090909091,0.1341666666666667,0.6224621212121211,0.2139960094652187,0.4221738156324051,0.1500160004184103,13.0,9.0,8.0,12.0,7.0,32.0,0.0,16.0,46.0,43.0,46.0,48.0,33.0,4.0
98,99.0,0.9981670247262416,0.0212177332890165,0.343598035762362,0.0803055099544249,0.2666666666666666,0.1316666666666667,0.5675,0.3069369419600827,0.2748926787836856,0.1318362538514808,16.0,15.0,10.0,18.0,7.0,20.0,2.0,26.0,32.0,43.0,43.0,51.0,48.0,4.0
99,100.0,0.981738896288113,0.0539642106654578,0.4234656633689118,0.1272521127421608,0.5163636363636364,0.1783333333333332,0.6690151515151516,0.0,0.5269365035605171,0.1815875196330922,11.0,15.0,9.0,18.0,10.0,34.0,7.0,35.0,41.0,43.0,39.0,45.0,49.0,10.0
100,101.0,0.9968459979148088,0.0247414183040433,0.4609546676695084,0.094804571842854,0.1508333333333333,0.1141666666666667,0.5183333333333333,0.4514878496241987,0.1564740432987569,0.1166525414769558,8.0,13.0,5.0,12.0,5.0,8.0,12.0,45.0,37.0,33.0,42.0,50.0,59.0,3.0
101,102.0,0.9975238012943072,0.0231140659754848,0.4404459239944111,0.0978311207543444,0.215,0.0683333333333332,0.5733333333333334,0.3998299151535777,0.2228576040840806,0.0706770625751342,23.0,22.0,18.0,18.0,18.0,19.0,19.0,49.0,25.0,32.0,44.0,47.0,33.0,3.0
102,103.0,0.9942592706625368,0.0292194155826297,0.3979117031629872,0.1295674089392219,0.1375,0.04,0.5487500000000001,0.3670484852509235,0.1739500103272513,0.047813799980759,13.0,15.0,10.0,16.0,9.0,12.0,8.0,43.0,35.0,36.0,46.0,42.0,71.0,0.0
103,104.0,0.9999993714600024,0.0004455080252053,0.4783889454437912,0.0134779650402618,0.0,0.0,0.5,0.4783889454437912,3.846674729248252e-16,0.0,4.0,11.0,3.0,19.0,2.0,40.0,0.0,12.0,50.0,58.0,54.0,56.0,20.0,8.0
104,105.0,0.9821608456323584,0.0534966691422017,0.4817111854600566,0.1126880633109048,0.3991666666666666,0.0024999999999999,0.6983333333333334,0.3018467737360594,0.4073786700584574,0.0084584864961329,9.0,16.0,8.0,10.0,11.0,20.0,4.0,35.0,36.0,43.0,44.0,38.0,45.0,8.0
105,106.0,0.9975574645672248,0.020868513524846,0.4518883304639891,0.0825405517914486,0.17,0.0691666666666667,0.5504166666666667,0.4298806534755918,0.1731755743318383,0.0701592890808288,26.0,23.0,12.0,17.0,11.0,7.0,8.0,42.0,25.0,37.0,44.0,45.0,65.0,0.0
106,107.0,0.9789303354339928,0.0609093615215083,0.3961880381743643,0.1027497654886558,0.4291666666666666,0.1766666666666667,0.62625,0.2401775122037099,0.4373327182424532,0.1777690168135413,7.0,15.0,13.0,8.0,7.777777777777778,14.0,2.0,32.0,38.0,38.0,41.0,48.0,41.0,10.0
107,108.0,0.9952374610467398,0.0295862329714441,0.4044701014705445,0.0909293406919427,0.1716666666666667,0.0,0.5858333333333334,0.3662271533951573,0.1812459562331777,0.0011836650845649,7.0,7.0,3.0,10.0,2.0,22.0,10.0,34.0,35.0,42.0,45.0,33.0,46.0,2.0
108,109.0,0.9982941314357942,0.0186812357035974,0.4147068277501176,0.071163903861727,0.0833333333333333,0.0,0.5416666666666666,0.4017321140105122,0.0860254138389772,0.0002455871585198,10.0,13.0,9.0,19.0,8.0,20.0,1.0,35.0,35.0,39.0,44.0,50.0,41.0,4.0
109,110.0,0.998310656004842,0.0179234937948645,0.4212363400488407,0.0742735568757874,0.0833333333333333,0.0,0.5416666666666666,0.4076946695306228,0.0864785710440926,0.0003783281095283,21.0,18.0,20.0,22.0,8.0,6.0,2.0,45.0,13.0,43.0,32.0,33.0,67.0,0.0
110,111.0,0.9943349560730248,0.0287450481879158,0.3751094874424469,0.1329107152586922,0.1741666666666667,0.1183333333333332,0.5279166666666667,0.354088112853009,0.213880564701327,0.1247002579580963,14.444444444444445,13.0,9.0,13.0,4.0,22.0,8.0,31.0,30.0,36.0,37.0,44.0,57.0,1.0
111,112.0,0.9813219694967552,0.0563747276683029,0.3062034389448906,0.0293461491833384,0.1266666666666666,0.0,0.5633333333333332,0.2976303598994809,0.1266923501552768,4.7170045647249026e-11,9.0,15.0,4.0,18.0,5.0,34.0,0.0,21.0,50.18181818181818,46.0,51.0,60.0,30.0,5.0
112,113.0,0.9946212171498734,0.0311645163897887,0.4078256387448508,0.0752733721322791,0.1391666666666666,0.0008333333333332,0.5691666666666667,0.3833976327040306,0.1429650624715477,0.001162749289375,26.0,30.0,25.0,21.0,28.0,13.0,9.0,55.0,18.0,24.0,36.0,55.0,56.0,3.0
113,114.0,0.9979286124373152,0.0235189216199669,0.5017444578857039,0.063623662931824,0.0141666666666666,0.0,0.5070833333333333,0.499915756734767,0.0145371235393175,0.0003913305568467,27.0,20.0,15.0,10.0,9.0,3.0,23.0,56.0,15.0,44.0,37.0,31.0,76.0,0.0
114,115.0,0.9987212244195935,0.014795246347593,0.4471146136935267,0.0900317784193801,0.2158333333333333,0.0925,0.5616666666666666,0.4146599571112991,0.2206206593889054,0.0939857966353043,14.0,5.0,9.0,18.0,9.0,16.0,2.0,24.0,28.0,48.0,39.0,41.0,33.0,5.0
115,116.0,0.9866238331568232,0.043322492378272,0.3238698764857197,0.1124283497513134,0.16,0.0524999999999999,0.55375,0.292982332512688,0.2018296567138599,0.0544204240717899,21.0,26.0,27.0,23.0,25.0,29.0,12.0,45.0,31.0,55.0,44.0,43.0,61.0,1.0
116,117.0,0.9762075498648076,0.0671003397922563,0.4671456582681852,0.05240371026586,0.0175,0.0366666666666667,0.4904166666666666,0.4692697998668762,0.0176271445889277,0.0367029561243105,22.0,16.0,17.0,8.0,13.0,10.0,18.0,40.0,27.0,42.0,45.0,50.0,45.0,2.0
117,118.0,0.988505577111505,0.0450622489673167,0.4267989229232593,0.0901725455535093,0.1916666666666666,0.0141666666666666,0.58875,0.3857988929255264,0.1985934599856401,0.0155422059416631,17.0,17.0,9.0,18.0,14.0,23.333333333333332,10.0,39.0,34.0,47.0,45.0,43.0,57.0,2.0
118,119.0,0.9974547605470244,0.0251677003872857,0.4935341257819663,0.0543215900456376,0.085,0.0008333333333332,0.5420833333333334,0.4835030183360682,0.0851035693096031,0.0009149640772603,12.0,17.0,5.0,14.0,10.0,35.0,0.0,19.0,49.0,42.0,47.0,57.0,30.0,3.0
120,121.0,0.9808246633689416,0.0516419127010547,0.3470846160187272,0.1338575671717131,0.2216666666666666,0.06,0.5808333333333333,0.2857838349282535,0.2716584903490867,0.0654284869177572,16.0,18.0,3.0,15.0,16.0,19.0,20.0,59.0,31.0,55.0,47.0,36.0,64.0,4.0
121,122.0,0.994603145160178,0.0332468589943574,0.4086016036701577,0.0775193036058739,0.3008333333333333,0.129090909090909,0.5858712121212122,0.3603989379401548,0.3037477739455744,0.1293679019475129,15.0,13.0,6.0,15.0,15.0,22.0,2.0,31.0,36.0,35.0,41.0,47.0,49.0,2.0
122,123.0,0.9997424372070434,0.0065524701671346,0.42369091207673,0.0977636938949683,0.1816666666666666,0.0033333333333332,0.5891666666666667,0.3802036600432245,0.1922188141440748,0.0055711913784982,20.0,21.0,10.0,21.0,17.0,10.0,10.0,45.0,28.0,32.0,40.0,36.0,49.0,2.0
124,125.0,0.9556872366826163,0.0814661848050654,0.335769806291567,0.1118951156667571,0.1754545454545454,0.0008333333333332,0.5873106060606061,0.2875973433047171,0.2144917333158853,0.0030039183506083,17.0,16.0,15.0,16.0,12.0,15.0,0.0,27.0,34.0,39.0,37.0,47.0,45.0,3.0
126,127.0,0.9918069289702672,0.0391786073445401,0.4308163498453961,0.0781864481639443,0.2808333333333333,0.0716666666666667,0.6045833333333333,0.3784260164714987,0.2834423305605968,0.0721126850323063,8.0,12.0,4.0,19.0,7.0,33.0,0.0,14.0,47.0,47.0,40.0,51.0,32.0,5.0
127,128.0,0.9968106244645412,0.0243917102134179,0.4018547881919115,0.0821169861172605,0.1741666666666667,0.0016666666666667,0.5862499999999999,0.3669646608516084,0.1802968241841804,0.0022319799009287,14.0,22.0,5.0,12.0,6.0,17.0,27.0,44.0,30.0,42.0,45.0,47.0,40.0,7.0
128,129.0,0.9920826198250844,0.0352130544422776,0.4188501772469277,0.1070094993023078,0.275,0.2391666666666667,0.5179166666666666,0.4030361816533636,0.284506391154776,0.2412850878672915,10.0,11.0,8.0,6.0,3.0,26.0,2.0,22.0,40.0,41.0,51.0,48.0,39.0,3.0
129,130.0,0.996612118919972,0.0256652981583399,0.4363544222258171,0.0952665574127197,0.3333333333333333,0.0758333333333333,0.62875,0.347363011026374,0.33932867209648,0.077421106651803,13.0,15.0,11.0,9.0,7.0,27.0,5.0,36.0,37.0,39.0,46.0,46.0,36.0,3.0
130,131.0,0.9959882506335068,0.0290250299627169,0.4395902754852923,0.0730198719588075,0.1591666666666666,0.2108333333333333,0.4741666666666666,0.4515940396990782,0.1606934263721881,0.2111257718580567,23.0,27.0,8.0,19.0,19.0,13.0,5.0,45.0,23.0,36.0,40.0,42.0,54.0,1.0
131,132.0,0.9884844164854096,0.0443317392075396,0.4705920331571514,0.1086521645279803,0.5241666666666667,0.1816666666666667,0.6712499999999999,0.0,0.5279853308124669,0.1839011694678665,9.0,16.0,10.0,16.666666666666668,12.22222222222222,16.0,2.0,33.0,43.0,39.0,40.0,42.0,49.0,3.0
132,133.0,0.986399690495264,0.0490504038850054,0.4661519619435608,0.0961260869321539,0.1116666666666666,0.1491666666666666,0.4812499999999999,0.4759138352671737,0.1174117264419087,0.1520187068870993,10.0,18.0,7.0,22.0,11.0,24.0,3.0,22.0,28.0,48.0,40.0,51.0,36.0,10.0
133,134.0,0.9954044700932684,0.0305160254392597,0.4435198810310858,0.0585778400856974,0.0309090909090909,0.0208333333333332,0.5050378787878789,0.4422749907294186,0.0313971345351454,0.0209043181785505,17.0,19.0,7.0,14.0,8.0,25.0,9.0,34.0,37.0,40.0,45.0,48.0,40.0,3.0
134,135.0,0.985294227045274,0.04449326347764,0.3761137044756059,0.1326657099309779,0.1633333333333333,0.0858333333333333,0.5387500000000001,0.3486286663681571,0.2049740633880873,0.0925827721092134,12.0,16.0,14.0,20.0,10.0,29.0,11.0,27.0,45.0,33.0,37.0,47.0,32.0,8.0
135,136.0,0.9906846513460166,0.0443575986353057,0.4302340426960042,0.0793012270860648,0.1916666666666666,0.0875,0.5520833333333334,0.4071530433221856,0.1948270714677206,0.0880459754341841,13.0,22.0,14.0,20.0,6.0,4.0,0.0,47.0,31.0,34.90909090909091,44.0,40.36363636363637,54.0,3.0
136,137.0,0.998010397210215,0.0175775219409043,0.4020646042710962,0.1048986558805765,0.3933333333333333,0.0708333333333333,0.6612500000000001,0.2560313422745316,0.4046867752233409,0.072620012580703,17.77777777777778,19.0,11.0,12.0,15.0,22.0,6.0,29.0,30.0,48.0,41.0,34.0,48.0,4.0
137,138.0,0.982010605612096,0.0616225280724201,0.4695750202119085,0.0615741545841549,0.1758333333333333,0.0858333333333333,0.545,0.4544886945742276,0.1761931132347643,0.085967295812771,21.0,20.0,20.0,18.0,15.0,15.555555555555555,4.0,32.72727272727273,27.0,37.0,40.0,42.0,59.0,2.0
138,139.0,0.9908110416233904,0.040038629431348,0.3752442381416548,0.0592651149077905,0.5033333333333334,0.2508333333333332,0.6262500000000001,0.0,0.5037699303653932,0.250839825983902,14.0,11.0,14.0,14.0,14.0,25.0,23.333333333333332,38.0,40.0,34.0,39.0,38.0,47.0,2.0
140,141.0,0.9826593561918814,0.0480369830860058,0.4148061794330849,0.1540712256657668,0.2908333333333333,0.1391666666666666,0.5758333333333334,0.3307934836748763,0.3269879562640934,0.1516609299904356,18.0,16.0,10.0,14.0,11.0,18.0,12.0,50.0,30.0,33.0,42.0,45.0,43.0,3.0
142,143.0,0.9790192082580166,0.0558690351936115,0.4655861210896203,0.1197582733458758,0.2041666666666667,0.0766666666666666,0.56375,0.4226691081652852,0.2186079709917842,0.0848670988840505,17.0,17.0,11.0,20.0,12.0,18.0,0.0,38.0,37.0,35.0,35.0,47.0,51.72222222222222,3.0
143,144.0,0.989356649810996,0.0434105628276465,0.4507989982862323,0.0673441196638675,0.0,0.0,0.5,0.4507989982862323,0.0012368346037876,0.0002871713919635,16.0,13.0,10.0,9.0,8.0,21.0,7.0,38.0,34.0,47.0,38.0,43.0,49.0,2.0
144,145.0,0.9109670418472002,0.1082955722982335,0.4265130815058978,0.158236108135384,0.3466666666666666,0.1025,0.6220833333333333,0.2757804135870223,0.381503590116884,0.1168086526876401,8.0,20.0,7.0,8.0,10.0,23.0,15.0,51.0,43.0,35.0,49.0,33.0,43.0,-3.0
145,146.0,0.97943088785915,0.0578779690477776,0.5258612102645879,0.0840227571318437,0.5525,0.1091666666666667,0.7216666666666667,0.0,0.5531463348799018,0.1103609125811118,8.0,10.0,3.0,19.0,3.0,27.0,10.0,39.0,47.0,36.0,47.0,43.0,46.0,8.0
146,147.0,0.999488268224846,0.0097780687247875,0.4235198338684302,0.0719905282749362,0.0425,0.0383333333333333,0.5020833333333333,0.4228671500842942,0.0450540774287142,0.0386392055771683,10.0,10.0,9.0,13.0,7.0,20.0,2.0,29.0,40.0,44.0,47.0,41.0,46.0,3.0
147,148.0,0.9040324762681324,0.1024118254860104,0.4758381365976208,0.2122005244986711,0.4358333333333333,0.04,0.6979166666666667,0.0578577185675838,0.4861570942740588,0.080874114544119,16.0,4.0,17.0,16.0,10.0,16.0,7.0,31.0,28.0,30.0,45.0,36.0,64.0,0.0
148,149.0,0.9867695825355364,0.0506121895883521,0.4638940290491624,0.0925955625662447,0.0616666666666666,0.0141666666666666,0.52375,0.454367244442311,0.0677914792936298,0.0169848137416632,6.0,19.0,2.0,19.0,10.0,25.0,9.0,36.0,38.0,34.0,44.0,56.0,29.555555555555557,2.0
149,150.0,0.9959366480744156,0.0252353391175637,0.3988425863477675,0.1119717943461473,0.2183333333333333,0.0308333333333332,0.59375,0.3417107997662675,0.2390555255003904,0.034315678500354,9.0,23.0,15.0,23.0,10.0,20.0,33.0,50.0,31.0,46.90909090909091,42.0,45.0,51.0,4.0
150,151.0,0.959655241594184,0.0720900260618593,0.373598461429398,0.1375186818211616,0.2466666666666666,0.0308333333333332,0.6079166666666667,0.2888523087952603,0.2914576733832492,0.0383508017865964,18.0,20.0,12.0,17.0,18.0,7.0,17.0,51.0,25.0,49.0,38.18181818181818,34.0,73.0,0.0
151,152.0,0.979540709829919,0.0562162557082823,0.3709884029345657,0.0914506260873908,0.2091666666666666,0.0324999999999999,0.5883333333333334,0.3275814562381836,0.2220670636586895,0.0332803118398339,11.0,9.0,9.0,22.0,8.0,31.0,13.0,36.0,41.0,40.0,50.0,44.0,38.0,5.0
152,153.0,0.9759516557848846,0.0597907242105188,0.471434666580211,0.1164942602223899,0.27,0.1391666666666666,0.5654166666666667,0.4189730069574081,0.2801488327659896,0.1454231807037619,15.0,19.0,10.0,22.0,22.0,22.0,7.0,29.0,51.0,46.0,46.0,46.0,34.0,5.0
153,154.0,0.9849550888280116,0.0490485641365975,0.388454233240792,0.0841755921547127,0.4975,0.015,0.74125,0.0,0.5022808889044847,0.0153407763615782,10.0,13.0,14.0,8.0,4.0,31.0,1.0,30.0,45.0,39.0,50.0,53.0,28.0,5.0
154,155.0,0.9767077508867896,0.0582919004396534,0.4255754973823253,0.1299030963164047,0.1658333333333333,0.0091666666666667,0.5783333333333334,0.3756323351085754,0.1958635583697534,0.0189580026744802,20.0,20.0,10.0,13.0,13.0,6.0,10.0,35.0,28.0,45.0,43.0,37.0,48.0,2.0
155,156.0,0.9930936185472804,0.0342716178578706,0.3570622319841985,0.0751748444988795,0.5658333333333334,0.0266666666666667,0.7695833333333333,0.0,0.5693295013672348,0.0267453190443957,14.0,18.0,16.0,15.0,8.0,35.0,6.0,26.0,41.0,40.0,41.0,56.0,31.0,5.0
157,158.0,0.9941772718578922,0.0352016424936881,0.4254935530349464,0.0754786124785067,0.3841666666666666,0.0116666666666667,0.68625,0.3168914642199295,0.3863114118337086,0.0119654138531943,12.0,11.0,9.0,17.0,8.0,30.0,1.0,15.0,47.0,30.0,40.0,55.0,36.0,5.0
158,159.0,0.9957583016065876,0.0267026307744288,0.4674579610547342,0.0902289113318338,0.0675,0.0033333333333332,0.5320833333333334,0.4549759836463387,0.0726959536804938,0.0058664141076157,3.0,5.0,9.0,8.0,2.0,33.0,0.0,12.0,56.0,31.0,46.0,53.0,22.0,4.0
159,160.0,0.9982314102925544,0.0209408915440108,0.4638345718031215,0.046228344783986,0.2058333333333333,0.0,0.6029166666666667,0.4393122101430377,0.2058681972085498,7.292474385689474e-06,3.0,3.0,1.0,13.0,1.0,30.0,0.0,12.0,39.27272727272727,44.0,52.0,58.0,24.0,4.0
160,161.0,0.9964983393057442,0.02253967521632,0.3367336008501402,0.1159286746813284,0.1091666666666666,0.0008333333333332,0.5541666666666667,0.3083706269775084,0.1553786624941832,0.0037388748692809,18.0,18.0,11.0,13.0,15.0,26.0,6.0,18.0,32.0,40.0,43.0,54.0,47.0,5.0
161,162.0,0.9909861459381244,0.0365816766970794,0.4469209820688026,0.1349359007068818,0.155,0.0791666666666667,0.5379166666666666,0.4201102366289887,0.1819255257959166,0.0916660688786933,19.0,22.0,5.0,16.0,10.0,26.0,5.0,31.0,30.0,52.0,51.0,52.0,36.0,5.0
162,163.0,0.9944368715425608,0.0301562971919546,0.4889324520926864,0.1107662287117989,0.2458333333333333,0.16,0.5429166666666666,0.4567044199553992,0.252940003949303,0.1658320384256654,11.0,12.0,15.0,12.0,11.0,19.0,1.0,22.0,38.0,45.0,48.0,47.0,36.0,2.0
163,164.0,0.983371328662111,0.0549578110262281,0.3632201863085748,0.0957983501268279,0.0975,0.0,0.54875,0.3424402786377263,0.1174125489832498,0.0011697456600381,17.0,11.0,6.0,21.0,9.0,29.0,0.0,28.0,29.0,48.0,47.0,50.0,53.0,3.0
164,165.0,0.9343293660826388,0.090567252829595,0.4004102713438955,0.1445646602153595,0.37,0.1136363636363636,0.6281818181818182,0.2429440047204247,0.4004551288329706,0.1216695224288293,17.0,14.0,14.0,10.0,14.0,26.0,6.0,30.0,36.0,39.0,45.0,46.0,57.0,3.0
165,166.0,0.983815544235104,0.0529107397133792,0.5412320448587834,0.0971809565786394,0.2258333333333333,0.0766666666666666,0.5745833333333333,0.4990143344420565,0.2284828431413638,0.0828254160312589,14.0,19.0,13.0,12.0,13.0,15.0,12.0,47.0,31.0,49.0,39.0,36.0,42.0,0.0
166,167.0,0.9809078129262204,0.0559156357225264,0.3782486541658026,0.0855438374157258,0.195,0.0033333333333332,0.5958333333333333,0.3365368516921352,0.2045167826743974,0.0038919882984762,9.0,17.0,12.0,10.0,8.0,27.0,3.0,19.0,40.0,33.0,40.0,50.0,36.0,3.0
169,170.0,0.9643755304066176,0.0829530973866542,0.2408839285335295,0.0579556217124745,0.4716666666666666,0.0,0.7358333333333333,0.0745183099009699,0.4798151582554342,1.0824754281824056e-06,19.0,19.0,16.0,13.0,16.0,4.0,1.0,39.0,28.0,35.0,41.0,40.0,53.0,3.0
170,171.0,0.9325910838890412,0.095832465736688,0.3768031454623606,0.1126539070707423,0.4633333333333334,0.0241666666666666,0.7195833333333334,0.0880486986534337,0.4807923315810185,0.0261872591386596,15.0,15.0,10.0,6.0,5.0,21.0,5.0,21.0,38.0,36.0,44.0,43.0,38.0,4.0
171,172.0,0.9946967419679758,0.0339690089701116,0.4761026655918372,0.0764235946567702,0.095,0.0341666666666666,0.5304166666666666,0.4654078828524791,0.0967120583129844,0.0350835448245721,9.0,14.0,5.0,18.0,9.0,34.0,12.0,42.0,45.0,47.0,48.0,47.0,49.0,9.0
172,173.0,0.9708329807001944,0.0638835023157429,0.5070124206021722,0.1501537578261118,0.3125,0.0899999999999999,0.6112500000000001,0.389535376670187,0.3322378991634726,0.1116004648405906,12.0,17.0,7.0,15.0,9.0,18.0,0.0,26.0,34.0,46.0,45.0,47.0,42.0,4.0
173,174.0,0.9877251712198302,0.0548476968501003,0.4519546430906608,0.0230636893921135,0.2491666666666666,0.0058333333333332,0.6216666666666667,0.4363155212366251,0.2491666689667747,0.0058333333690061,17.0,19.0,15.0,13.0,26.0,18.0,25.0,54.0,42.0,45.0,41.0,22.0,51.0,7.0
174,175.0,0.989406270180771,0.0392898901488823,0.3136725600468091,0.0978003614410322,0.2125,0.0691666666666667,0.5716666666666667,0.2741124647032117,0.2404380691209755,0.0698096741767329,7.0,4.0,19.0,7.0,2.0,37.0,0.0,15.0,53.0,36.0,46.0,54.0,27.0,5.0
175,176.0,0.9980951064371952,0.0228329975417696,0.3188347206801534,0.0481729453711351,0.3558333333333333,0.0191666666666666,0.6683333333333333,0.2608079669606361,0.356666829606391,0.0191671184781302,21.0,16.0,9.0,12.0,16.0,24.0,6.0,34.0,26.0,42.0,36.0,43.0,41.0,3.0
176,177.0,0.998390122402862,0.019841332649829,0.4333228159556483,0.0727704725934699,0.1091666666666666,0.005,0.5520833333333334,0.4161288596827094,0.1114583503151068,0.0053674853525206,24.0,19.0,11.0,12.0,12.0,18.0,10.0,43.0,25.0,34.0,37.0,40.0,45.0,2.0
177,178.0,0.9823042179177586,0.0572505532798082,0.4604075157598498,0.0760613435773641,0.045,0.0333333333333333,0.5058333333333334,0.458481809268131,0.0471613391138195,0.0340976133949667,11.0,7.0,2.0,18.0,5.0,25.0,10.0,29.0,40.0,55.0,41.0,49.0,38.0,5.0
178,179.0,0.9970797733980652,0.0230412765969336,0.4276532876254042,0.0994993736373854,0.2091666666666666,0.0633333333333332,0.5729166666666667,0.3872147758607468,0.2189244035007532,0.0656362558431473,5.0,20.0,6.0,8.0,5.0,25.0,9.0,42.0,45.0,49.0,51.0,35.0,39.0,4.0
179,180.0,0.9962915439979644,0.0267413543580141,0.4308660231564442,0.0655819888481404,0.0,0.0,0.5,0.4308660231564442,0.0013999980586405,0.0001702273349634,8.0,12.0,11.0,7.0,6.0,24.0,1.0,21.0,45.0,39.0,44.0,48.0,28.0,8.0
180,181.0,0.9974474434676188,0.0236631968278916,0.4373328654271987,0.0961867571692888,0.215,0.0524999999999999,0.58125,0.3939346166386622,0.222684547508114,0.0546040221843192,15.0,13.0,4.0,11.0,6.0,27.0,3.0,27.0,38.0,43.63636363636363,44.0,49.0,39.05555555555556,1.0
181,182.0,0.998251628493239,0.0184495760850202,0.2941758487379127,0.0675919377784708,0.2958333333333333,0.0016666666666667,0.6470833333333332,0.2338613629863162,0.3047651230382289,0.0016871567379379,3.0,13.333333333333334,7.0,13.0,10.0,22.0,2.0,32.0,52.0,40.0,44.0,51.0,27.0,4.0
182,183.0,0.9914574546529846,0.0345682823772246,0.3597360838181592,0.121059318750283,0.235,0.0433333333333333,0.5958333333333333,0.2938527087319813,0.2701646210582961,0.0469577158210949,22.0,19.0,11.0,18.0,19.0,12.22222222222222,5.0,26.0,26.0,43.63636363636363,37.0,46.90909090909091,39.0,2.0
183,184.0,0.9789809013875764,0.063331510943073,0.4518526183636575,0.0408999504878893,0.0316666666666666,0.0,0.5158333333333334,0.4491766243654378,0.0316820850586668,1.4640073752181235e-06,3.3333333333333335,6.0,5.0,10.0,3.0,28.0,0.0,16.0,45.0,43.0,49.0,57.0,24.0,5.0
184,185.0,0.9747890385737266,0.0593090816084731,0.4243520518459562,0.1495447117357753,0.3216666666666666,0.1541666666666666,0.58375,0.3253082146226173,0.3506658989620517,0.1650954795322303,21.0,19.0,10.0,10.0,7.0,14.0,1.0,35.0,23.0,41.0,44.0,43.0,64.0,2.0
185,186.0,0.9927131958808264,0.039103001356258,0.3647656721894966,0.0909011202465142,0.2275,0.1075,0.5599999999999999,0.3315960422023382,0.2393117076597093,0.1081130397131433,18.0,17.0,11.0,11.0,15.0,12.0,1.0,40.0,30.0,35.0,38.0,32.0,61.0,0.0
186,187.0,0.8658072938806862,0.1332559302900357,0.3746824036904264,0.1302926220040943,0.002,0.0083333333333333,0.4968333333333333,0.3763500315872669,0.0548165203116555,0.0164169090429171,13.0,17.0,15.0,16.666666666666668,10.0,10.0,4.0,39.0,36.0,37.0,38.0,42.0,51.0,2.0
187,188.0,0.968757440093002,0.0718513514390996,0.3200557984621674,0.0893209311485665,0.0891666666666666,0.0024999999999999,0.5433333333333333,0.3029590630902049,0.1137235578903308,0.0029487652865782,8.0,15.0,11.11111111111111,20.0,9.0,11.0,0.0,18.0,41.0,40.36363636363637,44.0,48.0,33.0,3.0
188,189.0,0.9967422830219572,0.0278418505853956,0.3329848482239704,0.0686908440392949,0.3475,0.0,0.6737500000000001,0.2514183517968741,0.3525804883930866,3.957160783363278e-05,9.0,9.0,15.0,20.0,9.0,7.0,3.0,42.0,28.0,49.0,48.0,27.0,48.0,2.0
189,190.0,0.9998250526062054,0.0058910534171336,0.3863834181989851,0.0667165810646784,0.1541666666666666,0.0,0.5770833333333334,0.3617882748671427,0.1567416889348372,8.567951775961813e-05,5.0,16.0,14.0,19.0,10.0,31.0,14.0,28.0,52.0,40.0,37.0,55.0,29.0,12.0
190,191.0,0.9877821731099374,0.0471883478079836,0.4511407250798051,0.0883212859120642,0.1883333333333333,0.0758333333333333,0.55625,0.4239207919776217,0.1927572403665267,0.0773024427062288,15.0,14.0,9.0,20.0,10.0,17.0,4.0,32.0,31.0,46.0,47.0,47.0,48.0,-2.0
191,192.0,0.9463518960567244,0.088788086942405,0.5163961516242349,0.1360062008193803,0.4308333333333333,0.1666666666666667,0.6320833333333333,0.3025095443208858,0.4396676574222557,0.1778428699794703,11.0,13.0,4.0,22.0,10.0,26.0,7.0,38.0,41.0,54.0,49.0,52.0,47.0,3.0
192,193.0,0.9406526858756292,0.0888309473063451,0.4472308073722389,0.1597219401111944,0.649090909090909,0.2049999999999999,0.7220454545454545,0.0,0.6574545646968243,0.2094426049862074,19.0,20.0,18.0,19.0,18.0,14.0,23.0,42.0,29.0,42.0,36.0,42.0,59.0,0.0
193,194.0,0.9961143644878988,0.0238095176036996,0.35838428542945,0.1137592468224849,0.4425,0.0633333333333332,0.6895833333333334,0.127750474365004,0.4627986397096232,0.0650826189252095,17.0,18.0,11.0,19.0,14.0,20.0,14.0,45.0,29.0,45.0,39.0,45.0,50.0,4.0
194,195.0,0.998083835355512,0.0189136786971601,0.3076446494730623,0.0659117919408786,0.1875,0.0,0.59375,0.2766658680507596,0.1950628159392684,2.2277392650926764e-05,18.0,11.0,6.0,12.0,5.0,18.0,5.0,25.0,23.0,48.0,41.0,42.0,48.0,2.0
196,197.0,0.9999997284004922,0.0002805538305243,0.5067322104123727,0.0200084825342381,0.0,0.0,0.5,0.5067322104123727,1.0025701771685711e-11,1.9650281402050496e-11,3.0,9.0,4.0,16.0,6.0,38.0,13.0,29.0,45.0,42.0,41.0,55.0,28.0,6.0
197,198.0,0.997578128534437,0.0218595086622288,0.4476771454810456,0.0878461392473893,0.0908333333333333,0.0,0.5454166666666667,0.4300652659220792,0.0963638228482648,0.0016875562743772,11.0,18.0,4.0,15.0,3.0,17.0,12.0,46.0,31.0,47.0,44.0,55.0,44.0,2.0
198,199.0,0.9988559941585948,0.0139924692625531,0.4646803090262342,0.0976729738639307,0.0491666666666666,0.0441666666666666,0.5025,0.4636030226583127,0.0568858837832264,0.0479284089096675,16.0,22.0,12.0,16.0,12.0,9.0,19.0,53.0,26.0,34.0,40.0,50.0,60.0,2.0
199,200.0,0.994706989953503,0.0299240869861929,0.468479412571013,0.0923265083374195,0.2308333333333333,0.14,0.5454166666666667,0.441633332293711,0.2347451426992248,0.1419823327259282,6.0,16.0,17.0,15.0,17.0,16.0,1.0,44.0,41.0,47.0,44.0,45.0,48.0,4.0
200,201.0,0.998482112033047,0.0173525336821007,0.3883203910899189,0.065950642167022,0.255,0.005,0.625,0.3419373339981596,0.2570458963208588,0.0050693733454469,23.0,20.0,9.0,19.0,15.0,17.0,3.0,32.0,24.0,53.0,44.0,48.0,49.0,4.0
201,202.0,0.9583200826651682,0.0885197756307948,0.4834853841672935,0.101232356565661,0.0183333333333333,0.0091666666666667,0.5045833333333333,0.48157691989523,0.0264626688877233,0.0150465536654902,6.0,13.0,4.0,16.0,7.0,28.0,13.0,23.0,46.0,45.0,42.0,50.0,41.0,5.0
202,203.0,0.9902830907783524,0.0370755844504311,0.371692348855278,0.1179581616545724,0.1425,0.0174999999999999,0.5625,0.3363231179772281,0.1769818576808021,0.0215634121860824,12.0,14.0,15.0,10.0,13.0,14.0,3.0,35.0,40.0,39.0,44.0,43.0,42.0,6.0
203,204.0,0.9891210315411992,0.041003808992962,0.5243202786301546,0.118745588558646,0.1691666666666667,0.0933333333333332,0.5379166666666667,0.4998136679461046,0.1779755200484306,0.1065218790201586,21.0,18.0,8.0,15.0,15.0,12.0,14.0,48.0,27.0,42.0,40.0,37.0,52.0,2.0
204,205.0,0.997641280849468,0.0194650399573552,0.4403420154438171,0.1015157875865764,0.1125,0.0966666666666666,0.5079166666666667,0.4362765618258044,0.1227004787560029,0.0998440155570058,9.0,12.0,13.0,14.0,7.0,24.0,6.0,26.0,42.0,43.0,51.0,46.0,45.0,3.0
205,206.0,0.9628212522556816,0.0736604305306033,0.3955381182396424,0.1120808221527601,0.2269999999999999,0.1099999999999999,0.5585,0.3555616972816997,0.2458935449163297,0.1130016078860141,11.0,13.0,10.0,21.0,16.0,31.0,2.0,30.0,53.0,38.0,49.0,58.0,21.0,2.0
207,208.0,0.9836748931390252,0.0531719403386518,0.4382686487091017,0.0980343756550826,0.2116666666666666,0.0633333333333332,0.5741666666666667,0.3975791958856467,0.2198674919167127,0.0656799791384686,13.0,11.0,5.0,15.0,8.0,20.0,4.0,26.0,38.0,53.0,48.0,52.0,45.0,3.0
208,209.0,0.9978509389647556,0.0226788002689488,0.5148174006155902,0.0745927765258121,0.0641666666666666,0.1241666666666667,0.4699999999999999,0.5258656444093781,0.0649824376304337,0.125379762994684,14.0,14.0,9.0,16.0,9.0,23.0,17.0,40.0,35.0,44.0,44.0,43.0,44.0,4.0
209,210.0,0.9784979888318438,0.0548928185744007,0.3862621091303229,0.1291349161468225,0.3191666666666666,0.1258333333333332,0.5966666666666667,0.2923648142429605,0.3457107735464786,0.1305811707567408,11.0,13.0,5.0,14.0,3.0,28.0,15.0,46.0,32.0,40.0,43.0,38.0,47.0,4.0
210,211.0,0.9808613464650394,0.052776604889789,0.3050870730885303,0.1317303411321092,0.2133333333333333,0.0645454545454545,0.5743939393939393,0.2500145276093352,0.2781846814980348,0.068221438765915,11.0,23.0,19.0,10.0,18.0,16.0,10.0,29.0,38.0,36.0,30.0,40.0,72.0,1.0
211,212.0,0.9982165254189922,0.0168439740502291,0.5355544599274632,0.1218301852638307,0.2141666666666666,0.0074999999999999,0.6033333333333334,0.4692684141057277,0.2236448546494127,0.0243282635858042,9.0,5.0,12.0,25.0,8.0,22.0,2.0,24.0,44.0,35.0,41.0,50.0,39.0,2.0
212,213.0,0.9998699144586012,0.0058246560556663,0.366833431000467,0.081511853686435,0.1708333333333333,0.0041666666666667,0.5833333333333333,0.3334400101213554,0.179894252379994,0.0045156172880305,9.0,15.0,6.0,11.0,7.0,28.0,7.0,29.0,40.0,39.0,46.0,48.0,51.0,3.0
213,214.0,0.9907316177060498,0.04132403846621,0.4008109518848104,0.0895895456572871,0.465,0.0908333333333333,0.6870833333333333,0.1805304607039871,0.4700078297905574,0.0913858879139656,7.0,16.0,12.0,4.0,7.0,14.0,3.0,32.0,37.0,31.0,48.0,26.0,58.0,1.0
214,215.0,0.999001736046924,0.0166163860720472,0.2980862734264934,0.0754931064727052,0.345,0.0766666666666666,0.6341666666666667,0.2222357241662523,0.3559411151554825,0.0767196562087572,21.0,17.0,15.0,20.0,18.0,21.0,13.0,34.0,30.0,39.0,34.0,47.0,68.0,2.0
215,216.0,0.984777925628632,0.0526472885112057,0.3844312223828263,0.0976684735863179,0.2975,0.2383333333333332,0.5295833333333333,0.3593957118882123,0.3063890862500819,0.2391818873809688,4.0,6.0,4.0,19.0,5.555555555555555,28.0,4.0,33.0,48.0,44.0,44.0,48.0,32.0,12.0
216,217.0,0.8781512369314307,0.1219056325110746,0.2414407596336522,0.1430811862690131,0.1854545454545454,0.0,0.5927272727272728,0.1751255625088886,0.3126156365308514,0.0040392492071518,5.0,15.0,4.0,10.0,1.0,34.0,0.0,31.0,50.0,44.0,43.0,53.0,28.0,3.0
217,218.0,0.983449302340024,0.0481689336800351,0.4267165350966483,0.1251701485908458,0.3091666666666667,0.1118181818181818,0.5986742424242424,0.3378365437775085,0.3277024046185382,0.1176954548488532,5.0,9.0,7.0,9.0,5.0,22.0,1.0,36.0,34.0,40.0,46.0,50.0,35.0,3.0
218,219.0,0.9988433090186706,0.01762650614088,0.4921353149587972,0.0442151955286488,0.0,0.0,0.5,0.4921353149587972,1.46587774233032e-05,1.027072778114757e-05,23.0,18.0,14.0,18.0,19.0,4.0,21.0,54.0,31.0,36.0,40.0,26.0,50.0,3.0
219,220.0,0.9916205078409952,0.0396641786094238,0.4207559135117149,0.0656790922294217,0.1425,0.0258333333333332,0.5583333333333333,0.4022065934092473,0.1438710043824884,0.0259562777095466,17.0,17.0,14.0,22.0,7.0,24.0,6.0,34.0,34.0,33.0,40.0,54.0,32.0,2.0
220,221.0,0.9712716400844128,0.0625242331127025,0.4427366629114427,0.1311897880238696,0.1825,0.0716666666666667,0.5554166666666667,0.4034553062099691,0.2071818771298386,0.0821789312887547,17.0,14.0,11.0,22.0,8.0,12.0,18.0,45.0,26.0,42.0,45.0,39.0,59.0,2.0
221,222.0,0.9976216978328352,0.0190114327904189,0.3755308565928594,0.1122591401759703,0.0433333333333333,0.0566666666666667,0.4933333333333333,0.3788572967140191,0.0739803450601147,0.0601078567021236,2.0,12.0,4.0,11.0,3.0,32.0,1.0,22.0,48.0,43.0,52.0,59.0,22.0,12.0
222,223.0,0.9923245949505244,0.0326782722335156,0.4070477338158849,0.1394662778730637,0.2016666666666667,0.0208333333333332,0.5904166666666667,0.3409634435208477,0.2415067100195486,0.0317507653018128,26.0,21.0,16.0,3.0,15.0,4.0,0.0,28.0,15.0,31.0,38.0,34.0,66.0,0.0
223,224.0,0.9976475324927822,0.0194871961560898,0.3765459442162949,0.0943288145216054,0.0858333333333333,0.0333333333333333,0.52625,0.3652881060518176,0.1018035716381853,0.0345188177184169,14.0,15.0,13.0,16.0,7.0,29.0,0.0,23.0,37.0,43.0,42.0,54.0,49.0,6.0
224,225.0,0.9900709833445716,0.0428810058787978,0.5002635186780872,0.092158661034856,0.3475,0.0224999999999999,0.6625000000000001,0.3950736631657535,0.3502539971457811,0.0252697223975626,22.0,19.0,8.0,20.0,16.0,23.0,21.0,50.0,29.0,47.0,39.0,29.0,59.0,1.0
225,226.0,0.9643955505204352,0.0728365723504085,0.4184013344968819,0.1267515937434702,0.3263636363636363,0.0,0.6631818181818181,0.2843431641220074,0.3503036180032637,0.0067807090669975,9.0,15.0,12.0,9.0,6.0,16.0,0.0,25.0,32.0,39.0,43.0,36.0,45.0,3.0
226,227.0,0.9629628412622544,0.0718190987231508,0.5333621485990739,0.146113457418134,0.4383333333333333,0.2275,0.6054166666666667,0.3162528814367505,0.4467959665959172,0.2406677403864969,3.0,12.0,2.0,12.0,2.0,28.0,2.0,19.0,42.0,40.0,51.0,54.0,35.0,6.0
227,228.0,0.984199866755623,0.053439472125138,0.4742536467856567,0.0558664035625214,0.1083333333333333,0.0,0.5541666666666667,0.4606112408409498,0.108516715972812,7.296553815616669e-05,14.0,14.0,16.0,18.0,7.0,25.0,0.0,35.0,40.0,32.0,42.54545454545455,51.0,41.0,3.0
228,229.0,0.989474661074022,0.043020110389371,0.338154679674934,0.1095120891296709,0.5625,0.0208333333333332,0.7708333333333334,0.0,0.580671695545036,0.0218197603277079,6.0,17.0,7.0,21.0,3.0,32.0,3.0,21.0,47.0,50.0,41.0,55.0,36.0,5.0
229,230.0,0.9886149976106824,0.0446368506819026,0.432691516875659,0.0657642110147118,0.2090909090909091,0.005,0.6020454545454546,0.3977347513165959,0.2101807327982104,0.005140895107351,20.0,18.0,18.0,16.0,15.0,12.0,12.0,49.0,28.0,39.0,36.0,41.0,62.0,1.0
230,231.0,0.9885438641468623,0.0412631598430528,0.4333917995743639,0.1145175341048981,0.1525,0.1825,0.485,0.4437312266173599,0.1672732696567841,0.1871876315687807,17.0,26.0,15.0,16.0,19.0,8.0,16.0,48.0,32.0,44.0,33.0,28.0,58.0,2.0
231,232.0,0.995748950382178,0.0254057773591872,0.402324990337473,0.1148304942456945,0.21,0.0008333333333332,0.6045833333333334,0.3399652433737476,0.2330505880378687,0.0051421224024835,10.0,14.0,9.0,11.0,8.0,24.0,7.0,25.0,42.0,50.0,45.0,34.0,30.0,5.0
232,233.0,0.995135931046796,0.035646022582277,0.3899801631723095,0.0693048129595201,0.2083333333333333,0.0033333333333332,0.6025,0.3530886905758742,0.2111605695735362,0.0034519079130628,10.0,10.0,13.0,16.0,4.0,20.0,0.0,18.0,46.0,42.0,45.0,53.45454545454545,32.0,3.0
233,234.0,0.9956039705460944,0.0330658761134314,0.2419198176883385,0.0636644494445393,0.31,0.1049999999999999,0.6025,0.1953262459504573,0.3228015445908634,0.1050039429419549,20.0,22.0,10.0,15.0,16.0,8.0,32.0,54.0,28.0,39.0,34.0,24.0,61.0,1.0
234,235.0,0.9905628534279396,0.0381329892334901,0.399266627813971,0.102161146060374,0.3783333333333333,0.0899999999999999,0.6441666666666667,0.2751539022940731,0.3887972706723098,0.0914813793921442,13.0,17.77777777777778,15.0,12.0,11.0,22.0,2.0,36.0,33.0,37.0,42.0,42.0,45.0,2.0
236,237.0,0.9992999976066652,0.0136665363935965,0.4479096533956715,0.0508370884132826,0.0125,0.005,0.50375,0.4471334995651113,0.0126464991913039,0.0050188751254168,15.0,16.0,6.0,15.0,13.0,22.0,8.0,29.0,27.0,23.0,37.0,50.0,44.0,0.0
237,238.0,0.9708042313568088,0.0758674585315828,0.3679012810130268,0.0743268835575955,0.33,0.1708333333333332,0.5795833333333333,0.3187886204888354,0.3335117199847544,0.1709344408662011,17.0,14.0,10.0,14.0,10.0,29.0,4.0,32.0,37.0,37.0,43.0,44.0,44.0,2.0
238,239.0,0.996367928441845,0.0275542328677954,0.4290712725556136,0.0941875325779556,0.3075,0.1783333333333332,0.5645833333333334,0.3807135417027534,0.3128473087574461,0.1795288790817373,9.0,18.88888888888889,13.0,13.0,6.0,10.0,0.0,37.0,37.0,39.0,44.0,47.0,49.0,2.0
239,240.0,0.9872201491005492,0.0521058140637278,0.3561445813096097,0.0537490138156425,0.085,0.0,0.5425,0.3461295502371322,0.0862111039588248,5.741656861291133e-06,15.0,18.0,2.0,11.0,16.0,29.0,2.0,23.0,37.0,29.0,44.0,52.0,48.0,1.0
240,241.0,0.9982392620553192,0.0178646107329455,0.4076605334316822,0.066229993945036,0.3183333333333333,0.0649999999999999,0.6266666666666667,0.3498303223817645,0.3196393518768931,0.0650805017949511,6.0,8.0,5.0,19.0,3.0,24.0,0.0,17.0,44.0,42.0,51.0,51.0,24.0,2.0
241,242.0,0.954436888069764,0.0804696984647017,0.4255371793294217,0.1304529165787864,0.3366666666666666,0.1883333333333332,0.5741666666666667,0.3412461833317802,0.3541932803735092,0.1940738722795909,20.0,22.0,12.0,18.0,19.0,6.0,30.0,54.0,25.09090909090909,41.0,41.0,26.0,62.0,3.0
242,243.0,0.9576191263977504,0.0733861967983779,0.4849286864732216,0.1530608698363403,0.3516666666666666,0.0999999999999999,0.6258333333333334,0.3330919127378269,0.373808253359741,0.1183158997351965,13.0,16.0,8.0,22.0,9.0,19.0,9.0,40.0,33.0,52.0,45.0,49.0,42.0,6.0
243,244.0,0.9724960326296892,0.0561772591789821,0.3504650320097469,0.1682808209879892,0.3333333333333333,0.04,0.6466666666666667,0.1796211797327465,0.402766471164215,0.05293238215026,11.0,20.0,12.0,6.0,6.0,13.0,9.0,42.0,27.0,43.0,42.0,39.0,38.0,6.0
244,245.0,0.9871230547597816,0.0523263058221565,0.3761765499837051,0.0767281703249564,0.2641666666666666,0.2058333333333333,0.5291666666666667,0.3592180008282781,0.2680736302166194,0.2059893608761931,5.0,10.0,7.0,9.0,8.0,23.0,3.0,29.0,47.0,44.0,46.0,45.0,35.0,8.0
245,246.0,0.9832741372939526,0.0581313790754557,0.4599510505633244,0.0617003518106977,0.3416666666666666,0.0058333333333332,0.6679166666666667,0.38972554097697,0.3420441000793229,0.005936427111097,12.0,15.0,3.0,9.0,4.0,27.0,1.0,23.0,42.54545454545455,42.0,50.0,49.0,30.0,5.0
247,248.0,0.998026681939185,0.0181540411381856,0.4355848895211943,0.0953179043673417,0.1883333333333333,0.02,0.5841666666666666,0.3944216749160834,0.1964508311710645,0.0221171397632694,14.0,22.0,12.0,10.0,14.0,24.0,7.0,19.0,43.0,45.0,40.0,38.0,30.0,6.0
248,249.0,0.9635772932524808,0.0809819992217592,0.3505395996018595,0.0951882787019623,0.4166666666666666,0.0,0.7083333333333333,0.1799850998780993,0.4309818433465205,0.000634300621373,9.0,13.0,13.0,10.0,9.0,21.0,4.444444444444445,32.0,31.0,36.0,43.0,49.0,54.0,3.0
249,250.0,0.9919594802086156,0.0335036954550351,0.3920657466392326,0.1387762451067573,0.1216666666666666,0.1166666666666667,0.5025,0.3902437128720284,0.1643042910760102,0.1260824780928576,13.0,21.0,10.0,10.0,11.0,27.0,0.0,21.0,40.0,48.0,51.0,53.0,47.0,7.0
250,251.0,0.930171746899761,0.1038709089417734,0.4122292714425778,0.0529710046206909,0.4183333333333333,0.0933333333333332,0.6625000000000001,0.327192378973973,0.4185369355599665,0.0933407420269147,2.0,11.0,6.666666666666667,13.0,7.0,26.0,22.0,46.0,45.0,44.0,46.0,38.0,30.0,6.0
251,252.0,0.9718122145709168,0.0624344291392487,0.3521191787047094,0.1427220689017656,0.2666666666666666,0.0533333333333332,0.6066666666666667,0.2594433799708974,0.3198373549546552,0.0605184541672274,16.0,18.0,5.0,22.0,9.0,23.0,8.0,32.0,37.0,54.0,46.0,48.0,52.0,7.0
252,253.0,0.9873469007363278,0.047121297659443,0.4639872569255239,0.103554387242383,0.4283333333333333,0.0391666666666666,0.6945833333333333,0.2712714336898955,0.4342971217353716,0.042158247478316,8.0,15.0,11.0,18.0,7.0,26.0,6.0,36.0,44.72727272727273,46.0,38.0,49.0,44.0,6.0
253,254.0,0.9871112125261072,0.0507145030178612,0.4777255163996736,0.0777065829461411,0.1308333333333333,0.0191666666666666,0.5558333333333333,0.4571898037328905,0.1326468861308089,0.0201898533736938,12.0,13.0,3.0,16.0,4.0,30.0,0.0,21.0,42.0,50.0,43.0,42.0,29.0,4.0
254,255.0,0.9812247205506948,0.0579521985801742,0.3621670919740045,0.0897573161456653,0.3483333333333334,0.17,0.5891666666666666,0.292389079052369,0.3567042339226463,0.1703946478481818,11.0,16.0,11.0,20.0,12.0,32.0,0.0,30.0,51.0,39.0,44.0,51.0,28.0,2.0
255,256.0,0.9486211866757344,0.086501838397014,0.3385651109948433,0.0880163098717939,0.385,0.0583333333333332,0.6633333333333333,0.2201283117687597,0.3966373722800022,0.0586364944491339,6.0,12.0,8.0,21.0,3.0,37.0,1.0,14.0,50.0,45.0,49.0,57.81818181818182,24.0,3.0
256,257.0,0.9970141529625808,0.0232959122792458,0.4407026624860875,0.0675565428598878,0.0475,0.0191666666666666,0.5141666666666667,0.4365997545778427,0.0488686585522519,0.0194034895371065,11.0,15.0,2.0,16.0,5.0,24.0,8.0,28.0,35.0,51.0,40.0,45.0,42.0,2.0
257,258.0,0.991780343040958,0.0382424788080304,0.4233535273973914,0.1083126150040644,0.3816666666666666,0.1116666666666666,0.635,0.2946393024115277,0.3916344453519063,0.1141240148716489,18.0,12.0,10.0,14.0,11.0,19.0,1.0,34.0,31.0,48.0,49.0,33.0,41.0,3.0
258,259.0,0.9900418895723524,0.0439734605115237,0.4462676850387755,0.0721563883026836,0.2016666666666667,0.0591666666666667,0.57125,0.4180938303014396,0.203186705972042,0.0595100186118769,13.0,16.0,16.0,17.0,13.0,10.0,9.0,40.0,29.0,38.0,37.0,24.0,52.0,3.0
259,260.0,0.9338327128006708,0.1010065881648446,0.4829161017565249,0.1450065884662346,0.1991666666666667,0.2591666666666667,0.47,0.5151730015511727,0.2178791219032348,0.2740588824800036,23.0,26.0,11.0,24.0,20.0,30.0,10.0,25.0,37.0,50.0,41.0,44.0,46.0,0.0
260,261.0,0.9959524445494364,0.030207586338554,0.43028558377322,0.0635364203833652,0.0,0.0,0.5,0.43028558377322,0.0011437863763305,0.0001275674543472,12.0,14.0,7.0,11.0,4.0,30.0,9.0,26.0,33.0,39.0,43.0,49.0,49.0,5.0
261,262.0,0.9960753110013724,0.0244256366367811,0.3852552778471049,0.1180127882607234,0.1766666666666666,0.0458333333333332,0.5654166666666667,0.3451568389513406,0.2052853308177014,0.0500603465321651,7.0,17.0,5.0,17.0,9.0,22.0,2.0,29.0,48.0,38.0,45.0,57.0,30.0,3.0
262,263.0,0.994541252968618,0.0297894802646322,0.3415410375035691,0.0913775693810129,0.2125,0.045,0.58375,0.2995919201636642,0.2297670962250287,0.0455506622412655,18.0,15.555555555555555,11.0,13.0,14.0,16.0,0.0,42.0,33.0,39.0,42.0,40.0,35.0,5.0
263,264.0,0.9842983980218448,0.0485245403650246,0.4471828820271321,0.1351677947920586,0.415,0.1516666666666667,0.6316666666666666,0.2565275424292044,0.4302904766878321,0.1588019075688811,18.0,11.0,14.0,15.0,15.0,23.0,2.0,26.0,36.0,38.0,40.0,45.0,47.0,2.0
264,265.0,0.9850321769491468,0.0463849134183148,0.4049400582056479,0.122305870857676,0.2566666666666666,0.0958333333333333,0.5804166666666667,0.3428826600170535,0.2794585517042965,0.1007868449807738,29.0,22.0,8.0,17.0,20.0,8.0,25.0,55.0,20.0,45.0,44.0,26.0,61.0,5.0
265,266.0,0.9639198301810932,0.0720987302587863,0.4260422284642191,0.1418114005046078,0.4108333333333334,0.1416666666666667,0.6345833333333333,0.2287887569944608,0.4319698995970927,0.1493497948227704,15.0,15.0,17.0,14.0,16.0,20.0,8.0,37.0,33.0,35.0,39.0,41.0,47.0,4.0
266,267.0,0.9946399631035572,0.0341063518798559,0.4307570741153262,0.0497676902706285,0.2333333333333333,0.0363636363636363,0.5984848484848485,0.4032305095380771,0.2334605236740809,0.0363715074993382,21.0,19.0,5.0,13.0,19.0,3.0,17.0,54.0,21.0,45.0,36.0,38.0,77.0,1.0
267,268.0,0.9286404008956854,0.0997091548736746,0.3133598699600524,0.1272327643890918,0.3533333333333333,0.0,0.6766666666666667,0.1573157982426015,0.4040974879390899,0.0029170874379071,16.0,19.0,11.0,6.0,10.0,21.0,20.0,44.0,35.0,38.0,38.0,46.0,57.0,1.0
268,269.0,0.9858282861484516,0.0473980860066895,0.4558919065595633,0.1010885457682743,0.2233333333333333,0.0291666666666666,0.5970833333333333,0.4021440606073121,0.2314666312001464,0.0325867277355174,10.0,8.0,4.0,14.0,6.0,28.0,1.0,13.0,46.0,44.0,50.0,59.0,26.0,4.0
269,270.0,0.9864219262786496,0.0448330521337998,0.4327561289325808,0.1204175411293306,0.2141666666666666,0.1541666666666666,0.53,0.4098107985071905,0.231068850159117,0.1598003391675868,2.0,10.0,3.0,26.0,1.0,27.0,0.0,27.0,50.0,47.0,52.0,52.0,27.0,5.0
270,271.0,0.993673016774106,0.0333353927876265,0.4403399168895986,0.116994063247236,0.1216666666666666,0.0691666666666667,0.52625,0.425137044198304,0.1400105088152362,0.0758794398446091,10.0,14.0,8.0,9.0,3.0,28.0,8.0,30.0,39.0,44.0,43.0,53.0,35.0,3.0
271,272.0,0.998406654703158,0.0172032193077128,0.4370021893568113,0.0889134851314479,0.1458333333333333,0.025,0.5604166666666667,0.4109018854740608,0.1518720829953083,0.0264720720637366,16.0,23.0,17.0,12.0,11.0,8.0,12.0,46.0,27.0,31.0,42.0,46.0,54.0,30.0
272,273.0,0.9956542038853552,0.0261564361448609,0.3123732285907438,0.0944786510559978,0.0,0.0,0.5,0.3123732285907438,0.0353562477261331,0.0006900073892999,11.0,12.0,13.0,17.0,12.0,39.0,0.0,22.0,50.0,33.0,45.0,53.0,32.0,10.0
273,274.0,0.9925849821923144,0.0339835758079277,0.3820782954085528,0.0964803517362205,0.3091666666666667,0.0391666666666666,0.635,0.2970177442212772,0.3213550792992323,0.0402426585440114,13.0,18.0,15.0,19.0,12.0,13.0,10.0,42.0,34.0,40.0,45.0,41.0,51.0,6.0
274,275.0,0.99876088085394,0.0156984548138044,0.447153648535229,0.0521208766446778,0.34,0.0083333333333333,0.6658333333333333,0.388641336556972,0.340122478386848,0.0083494565399078,1.0,15.0,6.0,18.0,2.0,32.0,0.0,23.0,54.0,44.0,49.0,55.0,26.0,5.0
275,276.0,0.9978110520042314,0.0187735149983282,0.327587483055192,0.0913700633217676,0.4383333333333333,0.0,0.7191666666666667,0.1363623155002741,0.4534874885600561,0.0003573822843184,12.22222222222222,18.0,17.0,12.0,12.0,22.0,11.0,34.0,36.0,39.0,40.0,36.0,48.0,4.0
276,277.0,0.9910786892433135,0.0396726071393815,0.5163301588328911,0.0864897675914711,0.1016666666666666,0.0333333333333333,0.5341666666666667,0.5026365754576637,0.1038708060665024,0.0365449977353721,22.0,19.0,13.0,17.0,21.0,8.0,0.0,32.0,24.0,30.0,40.0,48.0,49.0,5.0
277,278.0,0.9897222933496512,0.0439154111106578,0.3970895790615786,0.1044863232004619,0.3458333333333334,0.1149999999999999,0.6154166666666667,0.301462748795153,0.3576263972235907,0.1166764486367588,14.0,14.0,8.0,21.0,6.0,25.0,2.0,27.0,32.0,35.0,44.0,53.0,34.0,2.0
278,279.0,0.9890544288311008,0.0458258056913781,0.4213752186445244,0.1000698978743545,0.2041666666666667,0.0266666666666667,0.58875,0.3743420034653276,0.2154099773572971,0.0290298848662993,16.0,13.0,7.0,20.0,13.0,10.0,16.0,55.0,25.0,46.0,44.0,39.0,59.0,5.0
279,280.0,0.9974570261066338,0.0204103777024214,0.3672178889003708,0.0930594694990585,0.0,0.0,0.5,0.3672178889003708,0.0189641970897591,0.0011128021459642,22.0,20.0,10.0,17.0,19.0,7.0,17.0,51.0,32.0,39.0,37.0,34.0,60.0,1.0
281,282.0,0.940970174079223,0.0838648655781477,0.3358992233373779,0.1564229969152451,0.2225,0.1049999999999999,0.55875,0.2806717642551983,0.2928277236009356,0.1144994268663472,24.0,27.0,22.0,8.0,27.0,14.0,3.0,58.0,25.0,40.0,34.0,34.0,58.0,2.0
282,283.0,0.962811205954802,0.0818588529547043,0.4613100498129345,0.0255796302637574,0.0,0.0,0.5,0.4613100498129345,1.4716837690139597e-08,7.145750657855388e-10,14.0,14.0,14.0,7.777777777777778,14.0,20.0,0.0,26.0,37.09090909090909,37.0,43.0,39.0,49.0,3.0
283,284.0,0.9659269021544006,0.0670588280025147,0.3592397471161994,0.133918150382203,0.1608333333333333,0.0,0.5804166666666666,0.3072639073512552,0.214550065769071,0.0069543824902493,10.0,20.0,11.11111111111111,19.0,5.0,10.0,4.0,40.0,35.0,39.0,45.0,50.0,49.0,5.0
284,285.0,0.9980710886842358,0.0206186244587802,0.3783882974781045,0.0730839426277389,0.2616666666666666,0.0708333333333333,0.5954166666666667,0.3354021429568889,0.2654118293909536,0.0709683831782559,2.0,13.0,5.0,9.0,3.0,28.0,0.0,15.0,48.0,43.0,50.0,56.0,23.0,8.0
285,286.0,0.9843308359851332,0.0537095152955768,0.440107818555524,0.0480922061040924,0.2225,0.0733333333333332,0.5745833333333333,0.419419410653965,0.222574688844274,0.0733395219095387,11.0,9.0,12.0,10.0,12.0,12.0,4.0,32.0,30.0,44.0,42.54545454545455,38.0,45.0,3.0
286,287.0,0.9849238180265042,0.049877532646445,0.4944597408416384,0.0946441820414007,0.2416666666666666,0.12,0.5608333333333333,0.4579346096470689,0.2450847650127887,0.1230422598079564,22.0,16.0,13.0,16.0,14.0,19.0,3.0,29.0,34.0,41.0,39.0,37.0,49.0,3.0
287,288.0,0.9992986349380212,0.0117750100319441,0.3574367416475602,0.0695407365972308,0.0116666666666666,0.0058333333333332,0.5029166666666667,0.3566109725616394,0.0173885473929814,0.0059286934116362,21.0,22.0,14.0,15.0,13.0,16.0,8.0,38.0,26.0,40.0,40.0,36.0,30.0,2.0
288,289.0,0.8554549218498116,0.1346091966387705,0.3825607269309296,0.083766505938264,0.2591666666666666,0.2758333333333332,0.4916666666666667,0.3885680677471466,0.2639479673636898,0.2761257580038756,18.0,22.22222222222222,14.0,8.0,13.0,9.0,7.0,34.0,30.0,37.0,35.0,34.0,49.0,2.0
289,290.0,0.98899463180854,0.0457608601947355,0.4848929153737208,0.097410304219223,0.2333333333333333,0.0966666666666666,0.5683333333333334,0.4445880469357895,0.2379173349796532,0.1000343474684908,15.0,13.0,4.0,21.0,8.0,31.0,5.0,20.0,34.0,41.0,40.0,53.0,46.0,3.0
290,291.0,0.989559279122722,0.0377322137416029,0.3549487666402435,0.1287809576358132,0.2225,0.0083333333333333,0.6070833333333333,0.2812886284493959,0.2684471532307763,0.013435928977985,26.0,26.0,12.0,6.0,15.0,8.0,17.77777777777778,55.0,18.0,29.0,41.0,33.0,64.0,1.0
291,292.0,0.9767217837121452,0.0658189548671541,0.3550895863332652,0.080779397357655,0.0833333333333333,0.015,0.5341666666666667,0.3428222372747466,0.0943146709021606,0.0153073720861597,23.0,17.0,13.0,17.0,13.0,9.0,25.0,46.0,18.0,47.0,39.0,48.0,64.0,3.0
292,293.0,0.97998632364999,0.0555401587593824,0.5197435055533872,0.1100500021264682,0.1433333333333333,0.0949999999999999,0.5241666666666667,0.5057577538966714,0.1500451110682815,0.1045723366266477,21.0,27.0,13.0,20.0,22.0,24.0,19.0,50.0,27.0,50.0,41.0,52.0,63.0,2.0
293,294.0,0.9964251338502106,0.0257434760953583,0.3584947145998113,0.0967035778484712,0.4041666666666666,0.1949999999999999,0.6045833333333334,0.2465408659931389,0.4137703270049107,0.1955265035399368,2.0,12.0,6.0,7.0,1.0,31.0,0.0,20.0,49.0,37.0,48.0,45.0,21.0,10.0
294,295.0,0.999255458320851,0.0132584135098511,0.4540504671782882,0.0660501127102955,0.1841666666666666,0.0066666666666667,0.58875,0.4245940700244349,0.1850024703626366,0.0068747245678723,22.0,17.0,5.0,11.0,17.0,23.0,24.0,49.0,30.545454545454547,51.0,44.0,22.0,62.0,6.0
295,296.0,0.9937546990208151,0.0299060581154693,0.386142150339311,0.1259554236173455,0.2458333333333333,0.1258333333333332,0.56,0.3374337885187874,0.2738219850260807,0.1306009298613668,4.0,12.0,4.0,21.0,5.0,27.77777777777778,6.0,35.0,49.0,44.0,50.0,39.0,28.0,4.0
296,297.0,0.9976966443664474,0.0201017485174102,0.369266975794916,0.1173959889889073,0.25,0.1216666666666667,0.5641666666666667,0.3206280890904511,0.2759311078553242,0.1245696629624406,18.0,18.0,11.0,15.0,6.0,23.0,0.0,37.0,33.0,40.0,44.0,51.0,37.0,3.0
298,299.0,0.9804489439938956,0.0533467556037014,0.463553319336028,0.1357936025423262,0.0475,0.0916666666666666,0.4779166666666666,0.4774998558270044,0.0749358284570358,0.1079213592484842,24.0,21.0,10.0,16.0,10.0,16.0,8.0,46.0,29.0,35.0,35.0,43.0,62.0,2.0
299,300.0,0.9551235592145856,0.0787078296487443,0.3412371266906084,0.1279078642039424,0.1758333333333333,0.26,0.4579166666666666,0.3796886434580717,0.2124467387022115,0.2632520207210965,11.0,14.0,8.0,13.0,11.0,19.0,2.0,27.0,45.0,50.18181818181818,45.0,39.0,39.0,5.0
300,301.0,0.9967881423026224,0.0223645875458493,0.3066864733791341,0.085412174273791,0.1333333333333333,0.0,0.5666666666666667,0.2801954665909714,0.156594453055781,0.0002584864333743,17.0,9.0,13.0,19.0,9.0,29.0,4.0,17.0,26.0,47.0,38.0,55.0,39.0,3.0
301,302.0,0.999402327516921,0.01023764729303,0.3608855475798058,0.0732822561006695,0.1383333333333333,0.0091666666666667,0.5645833333333333,0.3385064913289512,0.1444826271129014,0.009305669443529,10.0,17.0,8.0,17.0,12.0,10.0,32.0,55.0,35.0,49.0,40.0,35.0,67.0,2.0
302,303.0,0.9704406753636872,0.0627908133643142,0.373497515890448,0.1382670150310401,0.4558333333333333,0.12,0.6679166666666667,0.0759191222586153,0.4825125860201239,0.1245190843435232,12.0,16.0,13.0,11.0,11.0,23.0,1.0,19.0,36.0,33.0,48.0,55.0,29.0,2.0
303,304.0,0.990545797447715,0.0406101077085344,0.4099099725269925,0.0898296377064286,0.3175,0.1633333333333333,0.5770833333333334,0.3549034093771447,0.3228583563391156,0.1640608141384832,10.0,14.0,10.0,13.0,10.0,25.0,7.0,33.0,42.0,50.0,45.0,43.0,45.0,10.0
304,305.0,0.9984170583677884,0.0179324343870761,0.4402939361430696,0.0548155558404948,0.1783333333333333,0.0341666666666666,0.5720833333333333,0.4199950723448246,0.1785890354362393,0.0341956252325094,19.0,13.0,9.0,9.0,13.0,19.0,3.0,37.0,32.0,46.0,42.0,39.0,39.0,3.0
306,307.0,0.9715287879907548,0.0632723781886545,0.4377447779613799,0.1298219839662102,0.125,0.0474999999999999,0.5387500000000001,0.4133561945306876,0.1524612345166327,0.0582442347357908,13.0,19.0,7.0,14.0,10.0,16.0,5.0,46.0,41.0,38.18181818181818,46.0,45.0,57.0,7.0
307,308.0,0.9829764803633364,0.0509381284823434,0.3599685470452264,0.1168120696743667,0.3558333333333333,0.0158333333333332,0.67,0.2184554949646656,0.3833998748971917,0.0184443808582154,19.0,12.0,10.0,23.0,10.0,9.0,4.0,47.0,15.0,45.0,47.0,41.0,71.0,0.0
308,309.0,0.9975006059425076,0.0218351257514024,0.4630131870530962,0.0593785626664035,0.0,0.0,0.5,0.4630131870530962,0.0004105308133602,0.0001181490077636,10.0,21.0,11.0,19.0,10.0,28.0,0.0,20.0,43.0,38.0,38.0,52.0,31.0,10.0
309,310.0,0.992226980319295,0.0348067782003222,0.4628137147795086,0.1066121209531139,0.15,0.0783333333333332,0.5358333333333334,0.4429538001407581,0.1599196342985672,0.0833032017854185,11.0,21.0,8.0,22.0,11.0,24.0,2.0,32.0,37.0,43.0,46.0,48.0,40.0,2.0
311,312.0,0.9996750788965576,0.0080297455782289,0.4204582276342577,0.0618590366330464,0.2725,0.0691666666666667,0.6016666666666667,0.3809568358455832,0.2732345897142151,0.0692228506974859,23.0,27.0,15.0,18.0,7.0,23.0,7.0,39.0,27.0,47.0,42.0,30.0,22.0,5.0
312,313.0,0.9974338728495656,0.0201295275794129,0.3840551071466205,0.1038072227238924,0.195,0.1133333333333332,0.5408333333333333,0.3594267170325503,0.2116928172488885,0.1151607675999615,21.0,15.0,21.0,3.0,18.0,14.0,4.0,33.0,33.0,24.0,41.0,42.0,41.0,2.0
313,314.0,0.9881970984523624,0.0410272794901235,0.2446847469922094,0.0986655313692777,0.175,0.0,0.5874999999999999,0.2021813216711404,0.2387530073487189,0.0003904715106781,22.0,26.0,14.0,22.0,18.0,17.0,23.0,55.0,24.0,44.0,39.0,26.0,60.0,1.0
314,315.0,0.9964559632604204,0.0231505655071972,0.4746693880705599,0.130378114014084,0.2791666666666667,0.1791666666666667,0.55,0.4259714012994184,0.2930132937976626,0.1886329357185046,10.0,7.0,11.0,10.0,5.0,20.0,1.0,24.0,42.0,33.0,47.0,44.0,31.0,6.0
315,316.0,0.9997516015198498,0.0068072781750726,0.3549681266427451,0.0726602416351663,0.2725,0.0,0.63625,0.2977512482553681,0.277956301804433,0.0001014797677301,8.0,23.0,8.0,17.0,9.0,6.0,26.0,52.0,27.0,37.0,36.0,22.0,59.0,3.0
316,317.0,0.9940561230411908,0.0295509169238347,0.3469190011324908,0.1194855486377863,0.3525,0.0891666666666667,0.6316666666666666,0.2245228512662875,0.3815243011322006,0.0915179518344673,5.0,12.0,8.0,21.0,8.0,32.0,1.0,24.0,45.0,49.0,44.0,42.0,39.0,6.0
319,320.0,0.954546178771962,0.0788275456393141,0.488720756031621,0.1569311880356657,0.2808333333333333,0.1433333333333333,0.5687500000000001,0.412300106681892,0.30531997688417,0.1646628124678439,6.0,14.0,9.0,17.0,7.0,32.0,4.0,25.0,52.0,42.0,43.0,48.0,26.0,5.0
320,321.0,0.9943052660010911,0.0318405628919292,0.4692233817149565,0.0806556537790217,0.1766666666666666,0.0891666666666667,0.54375,0.4499060433672759,0.1788441129613325,0.090183381208541,11.0,17.0,3.0,12.0,2.0,26.0,0.0,36.0,42.0,47.0,44.0,47.0,51.0,3.0
321,322.0,0.9998069286709804,0.0063252302741131,0.4422562494086556,0.0484969102262413,0.0925,0.0208333333333332,0.5358333333333334,0.4343993837361962,0.0925971103878117,0.0208423098369722,16.0,18.0,7.0,18.0,9.0,22.0,4.0,34.0,23.0,46.0,39.0,51.0,31.0,4.0
322,323.0,0.9771899954940428,0.0656690345829804,0.4116449290137946,0.0584996092726172,0.1758333333333333,0.0216666666666667,0.5770833333333333,0.3888856529432879,0.176538120634165,0.0217010655964537,15.0,19.0,17.0,17.0,10.0,12.0,3.0,32.0,30.0,41.0,37.0,42.0,47.0,3.0
323,324.0,0.9802174745838452,0.0582625603144176,0.3924491605224518,0.1015147165695597,0.3966666666666666,0.005,0.6958333333333333,0.2334164335712392,0.408940716733407,0.006501973315359,19.0,16.0,9.0,16.0,15.0,21.0,3.0,26.0,29.0,44.0,40.0,45.0,40.0,3.0
324,325.0,0.989528367208551,0.0456269688207457,0.3366185935345646,0.0714125831417955,0.2383333333333333,0.0,0.6191666666666666,0.2903763273002533,0.2451057786894731,7.036900554957537e-05,20.0,21.0,15.0,18.0,14.0,11.0,2.0,49.0,30.0,47.0,39.0,36.0,58.0,3.0
325,326.0,0.9869973196540404,0.0472767680357948,0.4389837131611668,0.1160204908711671,0.3625,0.3,0.53125,0.3955115952307635,0.3700037823492545,0.3026595607698297,14.0,19.0,12.0,16.0,16.0,14.0,18.0,50.0,34.0,41.45454545454545,40.0,46.0,54.0,2.0
326,327.0,0.9857822445897,0.0507678325362548,0.2337291446832277,0.0809260207719627,0.3016666666666667,0.1099999999999999,0.5958333333333333,0.1790071618593821,0.3326958540985619,0.1100454307712794,25.0,20.0,9.0,23.0,20.0,18.0,16.0,45.0,29.0,40.0,40.0,43.0,59.0,1.0
327,328.0,0.9687005565555852,0.0713968960942752,0.4673185668380527,0.1323179541971073,0.3691666666666666,0.2508333333333332,0.5591666666666667,0.3820796360723425,0.3799667439077359,0.2574972715017625,15.0,14.0,4.0,17.0,7.0,19.0,22.0,48.0,35.0,50.0,50.0,38.0,60.0,0.0
328,329.0,0.992545255354165,0.0373142105218211,0.4202543125808025,0.1148132876377957,0.2390909090909091,0.0608333333333332,0.5891287878787879,0.3604702350904417,0.2566480647854124,0.065294146969593,15.0,15.0,9.0,12.0,11.0,28.0,7.0,29.0,39.0,36.0,38.0,44.0,36.0,4.0
329,330.0,0.889145431217118,0.1268664561587341,0.5100436865040461,0.1602414529511091,0.53,0.1574999999999999,0.68625,0.0,0.5424411429944744,0.171528107449753,23.0,17.0,7.0,12.0,10.0,21.0,10.0,41.0,28.0,52.0,43.0,38.0,62.0,1.0
330,331.0,0.995869636071266,0.0267793581315093,0.4201795134895358,0.0756149603965019,0.1033333333333333,0.0074999999999999,0.5479166666666667,0.4038165749512067,0.1067531970332745,0.0079155100622598,23.0,24.0,14.0,10.0,21.0,7.0,7.0,40.0,22.0,34.0,42.0,30.0,60.0,3.0
334,335.0,0.9980519386886452,0.0215837106001571,0.4484428603302172,0.0798747589308098,0.0541666666666666,0.0566666666666667,0.4987499999999999,0.4488920166717778,0.0573961462293215,0.0575571491628477,27.0,25.0,10.0,15.0,17.0,14.0,19.0,47.0,16.0,39.0,37.0,45.0,62.0,5.0
335,336.0,0.9975069504478318,0.0195513966133389,0.3436823622442923,0.1054711653089401,0.2809090909090909,0.0316666666666667,0.624621212121212,0.2635565993646871,0.3063582962138367,0.0330277061481382,4.0,12.0,7.0,7.0,3.0,23.0,0.0,14.0,41.0,37.0,45.0,54.0,26.0,8.0
336,337.0,0.9998583206361557,0.0052792945063549,0.3443326788165606,0.0721426303355199,0.0825,0.0,0.54125,0.3313236633100804,0.0901928355155273,0.0001036280883373,22.0,21.0,14.0,15.0,11.0,17.0,6.0,27.0,22.0,39.0,40.0,40.0,53.0,2.0
337,338.0,0.9919686651909976,0.0393231723489023,0.400062872432368,0.0637030215542995,0.2475,0.1674999999999999,0.54,0.3825299782692364,0.2485937547090226,0.1675475398026971,11.0,14.0,16.0,13.0,7.0,22.0,1.0,16.0,40.0,33.0,36.0,53.0,31.0,6.0
338,339.0,0.9236870822059648,0.1158500514272323,0.4540247290869752,0.0198751246926881,0.0058333333333333,0.0858333333333333,0.46,0.4575347630196585,0.0058333334422964,0.0858333333344,9.0,11.0,4.0,20.0,2.0,27.77777777777778,4.0,26.0,44.0,44.0,45.0,53.0,26.0,10.0
339,340.0,0.9956345154711104,0.0281628059345374,0.466990341902327,0.0851979735371977,0.2145454545454545,0.1225,0.5460227272727272,0.4431785509016268,0.2172946635432879,0.1237695454318201,19.0,18.0,13.0,16.0,12.0,6.0,6.0,54.0,24.0,45.0,36.0,31.0,59.0,1.0
340,341.0,0.9321104114122464,0.097494176837797,0.4158921704053547,0.1260420895858682,0.4058333333333334,0.1216666666666667,0.6420833333333333,0.2406042542280607,0.4226467303547487,0.1262121889449194,13.0,21.0,14.0,24.0,12.0,28.0,3.0,27.0,45.0,51.0,42.0,49.0,42.0,3.0
341,342.0,0.9753757468271816,0.053088478017953,0.4820876569388679,0.1888047809389435,0.3458333333333334,0.2458333333333332,0.55,0.3876935830312975,0.3753152849762342,0.2705280817024875,17.77777777777778,17.0,13.333333333333334,21.11111111111111,16.666666666666668,28.0,0.0,17.0,37.0,40.0,45.0,54.0,23.22222222222222,5.0
342,343.0,0.989816773986556,0.0433597590548096,0.4566432909702368,0.10201760979633,0.2633333333333333,0.0427272727272726,0.6103030303030303,0.3894517071667966,0.2711397745387902,0.0460855442588474,18.0,15.0,6.0,12.0,9.0,30.0,3.0,25.09090909090909,39.0,47.0,45.0,41.45454545454545,32.0,2.0
343,344.0,0.9934558359290632,0.0306203764410562,0.4209665892937967,0.1230592912684448,0.0458333333333333,0.0083333333333333,0.51875,0.4112034660226231,0.0757693015794349,0.0168135796780491,13.0,17.0,13.0,9.0,16.0,13.0,21.0,50.0,39.0,40.36363636363637,43.0,32.0,66.0,2.0
